[0m22:31:20.155424 [debug] [MainThread]: Sending event: {'category': 'dbt', 'action': 'invocation', 'label': 'start', 'context': [<snowplow_tracker.self_describing_json.SelfDescribingJson object at 0x756e6a911310>, <snowplow_tracker.self_describing_json.SelfDescribingJson object at 0x756e67917610>, <snowplow_tracker.self_describing_json.SelfDescribingJson object at 0x756e686df750>]}


============================== 22:31:20.165038 | 82c7116a-7785-463c-9f7f-a9d9a7205f4f ==============================
[0m22:31:20.165038 [info ] [MainThread]: Running with dbt=1.10.6
[0m22:31:20.168204 [debug] [MainThread]: running dbt with arguments {'printer_width': '80', 'indirect_selection': 'eager', 'write_json': 'True', 'log_cache_events': 'False', 'partial_parse': 'True', 'cache_selected_only': 'False', 'profiles_dir': '/root/.dbt', 'version_check': 'True', 'warn_error': 'None', 'log_path': '/app/dbt_euromillions_lkh/logs', 'fail_fast': 'False', 'debug': 'False', 'use_colors': 'True', 'use_experimental_parser': 'False', 'empty': 'None', 'quiet': 'False', 'no_print': 'None', 'warn_error_options': 'WarnErrorOptionsV2(error=[], warn=[], silence=[])', 'introspect': 'True', 'invocation_command': 'dbt debug', 'static_parser': 'True', 'target_path': 'None', 'log_format': 'default', 'send_anonymous_usage_stats': 'True'}
[0m22:31:20.190937 [info ] [MainThread]: dbt version: 1.10.6
[0m22:31:20.193093 [info ] [MainThread]: python version: 3.11.15
[0m22:31:20.195767 [info ] [MainThread]: python path: /usr/local/bin/python3.11
[0m22:31:20.198736 [info ] [MainThread]: os info: Linux-6.6.114.1-microsoft-standard-WSL2-x86_64-with-glibc2.41
[0m22:31:20.354617 [info ] [MainThread]: Using profiles dir at /root/.dbt
[0m22:31:20.356373 [info ] [MainThread]: Using profiles.yml file at /root/.dbt/profiles.yml
[0m22:31:20.358059 [info ] [MainThread]: Using dbt_project.yml file at /app/dbt_euromillions_lkh/dbt_project.yml
[0m22:31:20.361202 [info ] [MainThread]: adapter type: duckdb
[0m22:31:20.362570 [info ] [MainThread]: adapter version: 1.9.4
[0m22:31:20.543471 [info ] [MainThread]: Configuration:
[0m22:31:20.545699 [info ] [MainThread]:   profiles.yml file [[32mOK found and valid[0m]
[0m22:31:20.547785 [info ] [MainThread]:   dbt_project.yml file [[32mOK found and valid[0m]
[0m22:31:20.550027 [info ] [MainThread]: Required dependencies:
[0m22:31:20.552651 [debug] [MainThread]: Executing "git --help"
[0m22:31:20.555817 [info ] [MainThread]:  - git [[31mERROR[0m]

[0m22:31:20.558325 [info ] [MainThread]: Connection:
[0m22:31:20.561912 [info ] [MainThread]:   database: analytics
[0m22:31:20.564120 [info ] [MainThread]:   schema: main
[0m22:31:20.566646 [info ] [MainThread]:   path: /app/warehouse/analytics.duckdb
[0m22:31:20.569367 [info ] [MainThread]:   config_options: None
[0m22:31:20.572658 [info ] [MainThread]:   extensions: None
[0m22:31:20.574495 [info ] [MainThread]:   settings: {}
[0m22:31:20.576781 [info ] [MainThread]:   external_root: .
[0m22:31:20.579108 [info ] [MainThread]:   use_credential_provider: None
[0m22:31:20.581125 [info ] [MainThread]:   attach: None
[0m22:31:20.583919 [info ] [MainThread]:   filesystems: None
[0m22:31:20.586085 [info ] [MainThread]:   remote: None
[0m22:31:20.589475 [info ] [MainThread]:   plugins: None
[0m22:31:20.591371 [info ] [MainThread]:   disable_transactions: False
[0m22:31:20.593905 [info ] [MainThread]: Registered adapter: duckdb=1.9.4
[0m22:31:20.735542 [debug] [MainThread]: Acquiring new duckdb connection 'debug'
[0m22:31:20.795823 [debug] [MainThread]: Using duckdb connection "debug"
[0m22:31:20.797188 [debug] [MainThread]: On debug: select 1 as id
[0m22:31:20.798806 [debug] [MainThread]: Opening a new connection, currently in state init
[0m22:31:20.834267 [debug] [MainThread]: SQL status: OK in 0.035 seconds
[0m22:31:20.837197 [debug] [MainThread]: On debug: Close
[0m22:31:20.838941 [info ] [MainThread]:   Connection test: [[32mOK connection ok[0m]

[0m22:31:20.840767 [info ] [MainThread]: [31m1 check failed:[0m
[0m22:31:20.842990 [info ] [MainThread]: Error from git --help: Could not find command, ensure it is in the user's PATH: "git"

[0m22:31:20.845948 [debug] [MainThread]: Resource report: {"command_name": "debug", "command_success": false, "command_wall_clock_time": 0.775567, "process_in_blocks": "312", "process_kernel_time": 0.407282, "process_mem_max_rss": "144628", "process_out_blocks": "40", "process_user_time": 1.996872}
[0m22:31:20.847812 [debug] [MainThread]: Command `dbt debug` failed at 22:31:20.847614 after 0.78 seconds
[0m22:31:20.849881 [debug] [MainThread]: Connection 'debug' was properly closed.
[0m22:31:20.853680 [debug] [MainThread]: Sending event: {'category': 'dbt', 'action': 'invocation', 'label': 'end', 'context': [<snowplow_tracker.self_describing_json.SelfDescribingJson object at 0x756e6c229890>, <snowplow_tracker.self_describing_json.SelfDescribingJson object at 0x756e676fee90>, <snowplow_tracker.self_describing_json.SelfDescribingJson object at 0x756e63773e50>]}
[0m22:31:20.855874 [debug] [MainThread]: Flushing usage events
[0m22:31:21.308648 [debug] [MainThread]: An error was encountered while trying to flush usage events
[0m22:33:44.610966 [debug] [MainThread]: Sending event: {'category': 'dbt', 'action': 'invocation', 'label': 'start', 'context': [<snowplow_tracker.self_describing_json.SelfDescribingJson object at 0x74b09b0180d0>, <snowplow_tracker.self_describing_json.SelfDescribingJson object at 0x74b09b26b910>, <snowplow_tracker.self_describing_json.SelfDescribingJson object at 0x74b09b26b8d0>]}


============================== 22:33:44.616244 | adfbf635-79f6-4597-8da3-206a0a8cd69e ==============================
[0m22:33:44.616244 [info ] [MainThread]: Running with dbt=1.10.6
[0m22:33:44.620056 [debug] [MainThread]: running dbt with arguments {'printer_width': '80', 'indirect_selection': 'eager', 'log_cache_events': 'False', 'write_json': 'True', 'partial_parse': 'True', 'cache_selected_only': 'False', 'warn_error': 'None', 'version_check': 'True', 'fail_fast': 'False', 'log_path': '/app/dbt_euromillions_lkh/logs', 'debug': 'False', 'profiles_dir': '/root/.dbt', 'use_colors': 'True', 'use_experimental_parser': 'False', 'empty': 'False', 'quiet': 'False', 'no_print': 'None', 'log_format': 'default', 'static_parser': 'True', 'warn_error_options': 'WarnErrorOptionsV2(error=[], warn=[], silence=[])', 'invocation_command': 'dbt run', 'target_path': 'None', 'introspect': 'True', 'send_anonymous_usage_stats': 'True'}
[0m22:33:45.075330 [debug] [MainThread]: Sending event: {'category': 'dbt', 'action': 'project_id', 'label': 'adfbf635-79f6-4597-8da3-206a0a8cd69e', 'context': [<snowplow_tracker.self_describing_json.SelfDescribingJson object at 0x74b09afd8d90>]}
[0m22:33:45.189129 [debug] [MainThread]: Sending event: {'category': 'dbt', 'action': 'adapter_info', 'label': 'adfbf635-79f6-4597-8da3-206a0a8cd69e', 'context': [<snowplow_tracker.self_describing_json.SelfDescribingJson object at 0x74b09dfc2290>]}
[0m22:33:45.196163 [info ] [MainThread]: Registered adapter: duckdb=1.9.4
[0m22:33:45.323761 [debug] [MainThread]: checksum: f6e4baf4de20596ffb9d14e6ef805989eb0e1950dedc3cc83d03f20aa023904c, vars: {}, profile: , target: , version: 1.10.6
[0m22:33:45.329947 [info ] [MainThread]: Unable to do partial parsing because saved manifest not found. Starting full parse.
[0m22:33:45.332388 [debug] [MainThread]: Sending event: {'category': 'dbt', 'action': 'partial_parser', 'label': 'adfbf635-79f6-4597-8da3-206a0a8cd69e', 'context': [<snowplow_tracker.self_describing_json.SelfDescribingJson object at 0x74b09aea6290>]}
[0m22:33:46.724768 [warn ] [MainThread]: [[33mWARNING[0m]: Configuration paths exist in your dbt_project.yml file which do not apply to any resources.
There are 1 unused configuration paths:
- models.dbt_euromillions_lkh.example
[0m22:33:46.732848 [debug] [MainThread]: Sending event: {'category': 'dbt', 'action': 'load_project', 'label': 'adfbf635-79f6-4597-8da3-206a0a8cd69e', 'context': [<snowplow_tracker.self_describing_json.SelfDescribingJson object at 0x74b096b824d0>]}
[0m22:33:46.837340 [debug] [MainThread]: Wrote artifact WritableManifest to /app/dbt_euromillions_lkh/target/manifest.json
[0m22:33:46.846474 [debug] [MainThread]: Wrote artifact SemanticManifest to /app/dbt_euromillions_lkh/target/semantic_manifest.json
[0m22:33:46.899740 [debug] [MainThread]: Sending event: {'category': 'dbt', 'action': 'resource_counts', 'label': 'adfbf635-79f6-4597-8da3-206a0a8cd69e', 'context': [<snowplow_tracker.self_describing_json.SelfDescribingJson object at 0x74b096be1d10>]}
[0m22:33:46.901958 [info ] [MainThread]: Found 1 model, 429 macros
[0m22:33:46.904522 [debug] [MainThread]: Sending event: {'category': 'dbt', 'action': 'runnable_timing', 'label': 'adfbf635-79f6-4597-8da3-206a0a8cd69e', 'context': [<snowplow_tracker.self_describing_json.SelfDescribingJson object at 0x74b09ae9e4d0>]}
[0m22:33:46.909059 [info ] [MainThread]: 
[0m22:33:46.911228 [info ] [MainThread]: Concurrency: 4 threads (target='dev')
[0m22:33:46.913224 [info ] [MainThread]: 
[0m22:33:46.917737 [debug] [MainThread]: Acquiring new duckdb connection 'master'
[0m22:33:46.921590 [debug] [ThreadPool]: Acquiring new duckdb connection 'list_analytics'
[0m22:33:47.011739 [debug] [ThreadPool]: Using duckdb connection "list_analytics"
[0m22:33:47.013068 [debug] [ThreadPool]: On list_analytics: /* {"app": "dbt", "dbt_version": "1.10.6", "profile_name": "dbt_euromillions_lkh", "target_name": "dev", "connection_name": "list_analytics"} */

    
    select schema_name
    from system.information_schema.schemata
    
    where lower(catalog_name) = '"analytics"'
    
  
  
[0m22:33:47.015110 [debug] [ThreadPool]: Opening a new connection, currently in state init
[0m22:33:47.215279 [debug] [ThreadPool]: SQL status: OK in 0.200 seconds
[0m22:33:47.219077 [debug] [ThreadPool]: On list_analytics: Close
[0m22:33:47.221338 [debug] [ThreadPool]: Re-using an available connection from the pool (formerly list_analytics, now create_analytics_main)
[0m22:33:47.223032 [debug] [ThreadPool]: Creating schema "database: "analytics"
schema: "main"
"
[0m22:33:47.233817 [debug] [ThreadPool]: Using duckdb connection "create_analytics_main"
[0m22:33:47.235393 [debug] [ThreadPool]: On create_analytics_main: /* {"app": "dbt", "dbt_version": "1.10.6", "profile_name": "dbt_euromillions_lkh", "target_name": "dev", "connection_name": "create_analytics_main"} */

    
        select type from duckdb_databases()
        where lower(database_name)='analytics'
        and type='sqlite'
    
  
[0m22:33:47.236881 [debug] [ThreadPool]: Opening a new connection, currently in state closed
[0m22:33:47.241187 [debug] [ThreadPool]: SQL status: OK in 0.004 seconds
[0m22:33:47.244082 [debug] [ThreadPool]: Using duckdb connection "create_analytics_main"
[0m22:33:47.245552 [debug] [ThreadPool]: On create_analytics_main: BEGIN
[0m22:33:47.248916 [debug] [ThreadPool]: SQL status: OK in 0.002 seconds
[0m22:33:47.251659 [debug] [ThreadPool]: Using duckdb connection "create_analytics_main"
[0m22:33:47.254414 [debug] [ThreadPool]: On create_analytics_main: /* {"app": "dbt", "dbt_version": "1.10.6", "profile_name": "dbt_euromillions_lkh", "target_name": "dev", "connection_name": "create_analytics_main"} */

    
    
        create schema if not exists "analytics"."main"
    
[0m22:33:47.256864 [debug] [ThreadPool]: SQL status: OK in 0.001 seconds
[0m22:33:47.265177 [debug] [ThreadPool]: On create_analytics_main: COMMIT
[0m22:33:47.271450 [debug] [ThreadPool]: Using duckdb connection "create_analytics_main"
[0m22:33:47.275974 [debug] [ThreadPool]: On create_analytics_main: COMMIT
[0m22:33:47.279838 [debug] [ThreadPool]: SQL status: OK in 0.001 seconds
[0m22:33:47.284744 [debug] [ThreadPool]: On create_analytics_main: Close
[0m22:33:47.288791 [debug] [ThreadPool]: Re-using an available connection from the pool (formerly create_analytics_main, now list_analytics_main)
[0m22:33:47.300940 [debug] [ThreadPool]: Using duckdb connection "list_analytics_main"
[0m22:33:47.303217 [debug] [ThreadPool]: On list_analytics_main: BEGIN
[0m22:33:47.305249 [debug] [ThreadPool]: Opening a new connection, currently in state closed
[0m22:33:47.308075 [debug] [ThreadPool]: SQL status: OK in 0.003 seconds
[0m22:33:47.317823 [debug] [ThreadPool]: Using duckdb connection "list_analytics_main"
[0m22:33:47.319923 [debug] [ThreadPool]: On list_analytics_main: /* {"app": "dbt", "dbt_version": "1.10.6", "profile_name": "dbt_euromillions_lkh", "target_name": "dev", "connection_name": "list_analytics_main"} */
select
      'analytics' as database,
      table_name as name,
      table_schema as schema,
      CASE table_type
        WHEN 'BASE TABLE' THEN 'table'
        WHEN 'VIEW' THEN 'view'
        WHEN 'LOCAL TEMPORARY' THEN 'table'
        END as type
    from system.information_schema.tables
    where lower(table_schema) = 'main'
    and lower(table_catalog) = 'analytics'
  
[0m22:33:47.402391 [debug] [ThreadPool]: SQL status: OK in 0.080 seconds
[0m22:33:47.410658 [debug] [ThreadPool]: On list_analytics_main: ROLLBACK
[0m22:33:47.419449 [debug] [ThreadPool]: Failed to rollback 'list_analytics_main'
[0m22:33:47.421086 [debug] [ThreadPool]: On list_analytics_main: Close
[0m22:33:47.423214 [debug] [MainThread]: Sending event: {'category': 'dbt', 'action': 'runnable_timing', 'label': 'adfbf635-79f6-4597-8da3-206a0a8cd69e', 'context': [<snowplow_tracker.self_describing_json.SelfDescribingJson object at 0x74b096b83d90>]}
[0m22:33:47.425093 [debug] [MainThread]: Using duckdb connection "master"
[0m22:33:47.426296 [debug] [MainThread]: On master: BEGIN
[0m22:33:47.427829 [debug] [MainThread]: Opening a new connection, currently in state init
[0m22:33:47.430263 [debug] [MainThread]: SQL status: OK in 0.002 seconds
[0m22:33:47.431758 [debug] [MainThread]: On master: COMMIT
[0m22:33:47.434382 [debug] [MainThread]: Using duckdb connection "master"
[0m22:33:47.436144 [debug] [MainThread]: On master: COMMIT
[0m22:33:47.438153 [debug] [MainThread]: SQL status: OK in 0.001 seconds
[0m22:33:47.439420 [debug] [MainThread]: On master: Close
[0m22:33:47.459947 [debug] [Thread-1 (]: Began running node model.dbt_euromillions_lkh.silver_draws
[0m22:33:47.461649 [info ] [Thread-1 (]: 1 of 1 START sql view model main.silver_draws .................................. [RUN]
[0m22:33:47.463722 [debug] [Thread-1 (]: Re-using an available connection from the pool (formerly list_analytics_main, now model.dbt_euromillions_lkh.silver_draws)
[0m22:33:47.465455 [debug] [Thread-1 (]: Began compiling node model.dbt_euromillions_lkh.silver_draws
[0m22:33:47.477864 [debug] [Thread-1 (]: Writing injected SQL for node "model.dbt_euromillions_lkh.silver_draws"
[0m22:33:47.500096 [debug] [Thread-1 (]: Began executing node model.dbt_euromillions_lkh.silver_draws
[0m22:33:47.562012 [debug] [Thread-1 (]: Writing runtime sql for node "model.dbt_euromillions_lkh.silver_draws"
[0m22:33:47.589372 [debug] [Thread-1 (]: Using duckdb connection "model.dbt_euromillions_lkh.silver_draws"
[0m22:33:47.590846 [debug] [Thread-1 (]: On model.dbt_euromillions_lkh.silver_draws: BEGIN
[0m22:33:47.592748 [debug] [Thread-1 (]: Opening a new connection, currently in state closed
[0m22:33:47.595201 [debug] [Thread-1 (]: SQL status: OK in 0.002 seconds
[0m22:33:47.596891 [debug] [Thread-1 (]: Using duckdb connection "model.dbt_euromillions_lkh.silver_draws"
[0m22:33:47.598282 [debug] [Thread-1 (]: On model.dbt_euromillions_lkh.silver_draws: /* {"app": "dbt", "dbt_version": "1.10.6", "profile_name": "dbt_euromillions_lkh", "target_name": "dev", "node_id": "model.dbt_euromillions_lkh.silver_draws"} */

  
  create view "analytics"."main"."silver_draws__dbt_tmp" as (
    with source_data as (

    select
        draw_id,
        draw_date,
        jackpot_amount

    from read_parquet(
        '/app/warehouse/bronze.db/draws_raw/data/*.parquet'
    )

)

select
    draw_id,
    draw_date,
    jackpot_amount

from source_data

where jackpot_amount > 0
  );

[0m22:33:47.629122 [debug] [Thread-1 (]: DuckDB adapter: Error running SQL: /* {"app": "dbt", "dbt_version": "1.10.6", "profile_name": "dbt_euromillions_lkh", "target_name": "dev", "node_id": "model.dbt_euromillions_lkh.silver_draws"} */

  
  create view "analytics"."main"."silver_draws__dbt_tmp" as (
    with source_data as (

    select
        draw_id,
        draw_date,
        jackpot_amount

    from read_parquet(
        '/app/warehouse/bronze.db/draws_raw/data/*.parquet'
    )

)

select
    draw_id,
    draw_date,
    jackpot_amount

from source_data

where jackpot_amount > 0
  );

[0m22:33:47.630879 [debug] [Thread-1 (]: DuckDB adapter: Rolling back transaction.
[0m22:33:47.633610 [debug] [Thread-1 (]: On model.dbt_euromillions_lkh.silver_draws: ROLLBACK
[0m22:33:47.645750 [debug] [Thread-1 (]: Failed to rollback 'model.dbt_euromillions_lkh.silver_draws'
[0m22:33:47.647367 [debug] [Thread-1 (]: On model.dbt_euromillions_lkh.silver_draws: Close
[0m22:33:47.653928 [debug] [Thread-1 (]: Runtime Error in model silver_draws (models/silver/silver_draws.sql)
  IO Error: No files found that match the pattern "/app/warehouse/bronze.db/draws_raw/data/*.parquet"
[0m22:33:47.657891 [debug] [Thread-1 (]: Sending event: {'category': 'dbt', 'action': 'run_model', 'label': 'adfbf635-79f6-4597-8da3-206a0a8cd69e', 'context': [<snowplow_tracker.self_describing_json.SelfDescribingJson object at 0x74b096c65e90>]}
[0m22:33:47.659581 [error] [Thread-1 (]: 1 of 1 ERROR creating sql view model main.silver_draws ......................... [[31mERROR[0m in 0.19s]
[0m22:33:47.662047 [debug] [Thread-1 (]: Finished running node model.dbt_euromillions_lkh.silver_draws
[0m22:33:47.664132 [debug] [Thread-7 (]: Marking all children of 'model.dbt_euromillions_lkh.silver_draws' to be skipped because of status 'error'.  Reason: Runtime Error in model silver_draws (models/silver/silver_draws.sql)
  IO Error: No files found that match the pattern "/app/warehouse/bronze.db/draws_raw/data/*.parquet".
[0m22:33:47.669732 [debug] [MainThread]: Using duckdb connection "master"
[0m22:33:47.670995 [debug] [MainThread]: On master: BEGIN
[0m22:33:47.672680 [debug] [MainThread]: Opening a new connection, currently in state closed
[0m22:33:47.675238 [debug] [MainThread]: SQL status: OK in 0.003 seconds
[0m22:33:47.676944 [debug] [MainThread]: On master: COMMIT
[0m22:33:47.678450 [debug] [MainThread]: Using duckdb connection "master"
[0m22:33:47.680247 [debug] [MainThread]: On master: COMMIT
[0m22:33:47.683095 [debug] [MainThread]: SQL status: OK in 0.001 seconds
[0m22:33:47.684850 [debug] [MainThread]: On master: Close
[0m22:33:47.687590 [debug] [MainThread]: Connection 'master' was properly closed.
[0m22:33:47.689853 [debug] [MainThread]: Connection 'model.dbt_euromillions_lkh.silver_draws' was properly closed.
[0m22:33:47.691230 [info ] [MainThread]: 
[0m22:33:47.692991 [info ] [MainThread]: Finished running 1 view model in 0 hours 0 minutes and 0.77 seconds (0.77s).
[0m22:33:47.695536 [debug] [MainThread]: Command end result
[0m22:33:47.767326 [debug] [MainThread]: Wrote artifact WritableManifest to /app/dbt_euromillions_lkh/target/manifest.json
[0m22:33:47.775697 [debug] [MainThread]: Wrote artifact SemanticManifest to /app/dbt_euromillions_lkh/target/semantic_manifest.json
[0m22:33:47.789279 [debug] [MainThread]: Wrote artifact RunExecutionResult to /app/dbt_euromillions_lkh/target/run_results.json
[0m22:33:47.790806 [info ] [MainThread]: 
[0m22:33:47.793062 [info ] [MainThread]: [31mCompleted with 1 error, 0 partial successes, and 0 warnings:[0m
[0m22:33:47.795087 [info ] [MainThread]: 
[0m22:33:47.797335 [error] [MainThread]: [31mFailure in model silver_draws (models/silver/silver_draws.sql)[0m
[0m22:33:47.800911 [error] [MainThread]:   Runtime Error in model silver_draws (models/silver/silver_draws.sql)
  IO Error: No files found that match the pattern "/app/warehouse/bronze.db/draws_raw/data/*.parquet"
[0m22:33:47.803480 [info ] [MainThread]: 
[0m22:33:47.805970 [info ] [MainThread]:   compiled code at target/compiled/dbt_euromillions_lkh/models/silver/silver_draws.sql
[0m22:33:47.807928 [info ] [MainThread]: 
[0m22:33:47.810453 [info ] [MainThread]: Done. PASS=0 WARN=0 ERROR=1 SKIP=0 NO-OP=0 TOTAL=1
[0m22:33:47.814357 [debug] [MainThread]: Resource report: {"command_name": "run", "command_success": false, "command_wall_clock_time": 3.304027, "process_in_blocks": "175760", "process_kernel_time": 1.074597, "process_mem_max_rss": "154980", "process_out_blocks": "120", "process_user_time": 3.972387}
[0m22:33:47.816152 [debug] [MainThread]: Command `dbt run` failed at 22:33:47.815802 after 3.31 seconds
[0m22:33:47.817873 [debug] [MainThread]: Sending event: {'category': 'dbt', 'action': 'invocation', 'label': 'end', 'context': [<snowplow_tracker.self_describing_json.SelfDescribingJson object at 0x74b09b28a550>, <snowplow_tracker.self_describing_json.SelfDescribingJson object at 0x74b09b1132d0>, <snowplow_tracker.self_describing_json.SelfDescribingJson object at 0x74b09b112e10>]}
[0m22:33:47.819599 [debug] [MainThread]: Flushing usage events
[0m22:33:48.288844 [debug] [MainThread]: An error was encountered while trying to flush usage events
[0m22:39:03.246351 [debug] [MainThread]: Sending event: {'category': 'dbt', 'action': 'invocation', 'label': 'start', 'context': [<snowplow_tracker.self_describing_json.SelfDescribingJson object at 0x78dfcd8ec510>, <snowplow_tracker.self_describing_json.SelfDescribingJson object at 0x78dfca5bf210>, <snowplow_tracker.self_describing_json.SelfDescribingJson object at 0x78dfca5bfb90>]}


============================== 22:39:03.251865 | 773e4a5d-0271-4fa4-b1d1-4d789f8879f5 ==============================
[0m22:39:03.251865 [info ] [MainThread]: Running with dbt=1.10.6
[0m22:39:03.254425 [debug] [MainThread]: running dbt with arguments {'printer_width': '80', 'indirect_selection': 'eager', 'write_json': 'True', 'log_cache_events': 'False', 'partial_parse': 'True', 'cache_selected_only': 'False', 'profiles_dir': '/root/.dbt', 'fail_fast': 'False', 'debug': 'False', 'log_path': '/app/dbt_euromillions_lkh/logs', 'version_check': 'True', 'warn_error': 'None', 'use_colors': 'True', 'use_experimental_parser': 'False', 'no_print': 'None', 'quiet': 'False', 'empty': 'False', 'warn_error_options': 'WarnErrorOptionsV2(error=[], warn=[], silence=[])', 'invocation_command': 'dbt run', 'static_parser': 'True', 'introspect': 'True', 'target_path': 'None', 'log_format': 'default', 'send_anonymous_usage_stats': 'True'}
[0m22:39:03.620612 [debug] [MainThread]: Sending event: {'category': 'dbt', 'action': 'project_id', 'label': '773e4a5d-0271-4fa4-b1d1-4d789f8879f5', 'context': [<snowplow_tracker.self_describing_json.SelfDescribingJson object at 0x78dfca627550>]}
[0m22:39:03.688778 [debug] [MainThread]: Sending event: {'category': 'dbt', 'action': 'adapter_info', 'label': '773e4a5d-0271-4fa4-b1d1-4d789f8879f5', 'context': [<snowplow_tracker.self_describing_json.SelfDescribingJson object at 0x78dfcd751c90>]}
[0m22:39:03.695998 [info ] [MainThread]: Registered adapter: duckdb=1.9.4
[0m22:39:03.875536 [debug] [MainThread]: checksum: f6e4baf4de20596ffb9d14e6ef805989eb0e1950dedc3cc83d03f20aa023904c, vars: {}, profile: , target: , version: 1.10.6
[0m22:39:04.149563 [debug] [MainThread]: Partial parsing enabled: 0 files deleted, 0 files added, 1 files changed.
[0m22:39:04.151395 [debug] [MainThread]: Partial parsing: updated file: dbt_euromillions_lkh://models/silver/silver_draws.sql
[0m22:39:04.454002 [warn ] [MainThread]: [[33mWARNING[0m]: Configuration paths exist in your dbt_project.yml file which do not apply to any resources.
There are 1 unused configuration paths:
- models.dbt_euromillions_lkh.example
[0m22:39:04.467955 [debug] [MainThread]: Sending event: {'category': 'dbt', 'action': 'load_project', 'label': '773e4a5d-0271-4fa4-b1d1-4d789f8879f5', 'context': [<snowplow_tracker.self_describing_json.SelfDescribingJson object at 0x78dfc63b4290>]}
[0m22:39:04.580137 [debug] [MainThread]: Wrote artifact WritableManifest to /app/dbt_euromillions_lkh/target/manifest.json
[0m22:39:04.589730 [debug] [MainThread]: Wrote artifact SemanticManifest to /app/dbt_euromillions_lkh/target/semantic_manifest.json
[0m22:39:04.636632 [debug] [MainThread]: Sending event: {'category': 'dbt', 'action': 'resource_counts', 'label': '773e4a5d-0271-4fa4-b1d1-4d789f8879f5', 'context': [<snowplow_tracker.self_describing_json.SelfDescribingJson object at 0x78dfc5121390>]}
[0m22:39:04.638693 [info ] [MainThread]: Found 1 model, 429 macros
[0m22:39:04.641143 [debug] [MainThread]: Sending event: {'category': 'dbt', 'action': 'runnable_timing', 'label': '773e4a5d-0271-4fa4-b1d1-4d789f8879f5', 'context': [<snowplow_tracker.self_describing_json.SelfDescribingJson object at 0x78dfc6267a10>]}
[0m22:39:04.645879 [info ] [MainThread]: 
[0m22:39:04.648480 [info ] [MainThread]: Concurrency: 4 threads (target='dev')
[0m22:39:04.655476 [info ] [MainThread]: 
[0m22:39:04.659122 [debug] [MainThread]: Acquiring new duckdb connection 'master'
[0m22:39:04.663447 [debug] [ThreadPool]: Acquiring new duckdb connection 'list_analytics'
[0m22:39:04.806875 [debug] [ThreadPool]: Using duckdb connection "list_analytics"
[0m22:39:04.808794 [debug] [ThreadPool]: On list_analytics: /* {"app": "dbt", "dbt_version": "1.10.6", "profile_name": "dbt_euromillions_lkh", "target_name": "dev", "connection_name": "list_analytics"} */

    
    select schema_name
    from system.information_schema.schemata
    
    where lower(catalog_name) = '"analytics"'
    
  
  
[0m22:39:04.810854 [debug] [ThreadPool]: Opening a new connection, currently in state init
[0m22:39:04.965899 [debug] [ThreadPool]: SQL status: OK in 0.155 seconds
[0m22:39:04.968498 [debug] [ThreadPool]: On list_analytics: Close
[0m22:39:04.971193 [debug] [ThreadPool]: Re-using an available connection from the pool (formerly list_analytics, now create_analytics_main)
[0m22:39:04.972794 [debug] [ThreadPool]: Creating schema "database: "analytics"
schema: "main"
"
[0m22:39:04.994173 [debug] [ThreadPool]: Using duckdb connection "create_analytics_main"
[0m22:39:04.999303 [debug] [ThreadPool]: On create_analytics_main: /* {"app": "dbt", "dbt_version": "1.10.6", "profile_name": "dbt_euromillions_lkh", "target_name": "dev", "connection_name": "create_analytics_main"} */

    
        select type from duckdb_databases()
        where lower(database_name)='analytics'
        and type='sqlite'
    
  
[0m22:39:05.004066 [debug] [ThreadPool]: Opening a new connection, currently in state closed
[0m22:39:05.015521 [debug] [ThreadPool]: SQL status: OK in 0.011 seconds
[0m22:39:05.021314 [debug] [ThreadPool]: Using duckdb connection "create_analytics_main"
[0m22:39:05.023656 [debug] [ThreadPool]: On create_analytics_main: BEGIN
[0m22:39:05.027327 [debug] [ThreadPool]: SQL status: OK in 0.001 seconds
[0m22:39:05.029116 [debug] [ThreadPool]: Using duckdb connection "create_analytics_main"
[0m22:39:05.031125 [debug] [ThreadPool]: On create_analytics_main: /* {"app": "dbt", "dbt_version": "1.10.6", "profile_name": "dbt_euromillions_lkh", "target_name": "dev", "connection_name": "create_analytics_main"} */

    
    
        create schema if not exists "analytics"."main"
    
[0m22:39:05.034432 [debug] [ThreadPool]: SQL status: OK in 0.001 seconds
[0m22:39:05.037024 [debug] [ThreadPool]: On create_analytics_main: COMMIT
[0m22:39:05.038823 [debug] [ThreadPool]: Using duckdb connection "create_analytics_main"
[0m22:39:05.040481 [debug] [ThreadPool]: On create_analytics_main: COMMIT
[0m22:39:05.043515 [debug] [ThreadPool]: SQL status: OK in 0.001 seconds
[0m22:39:05.045153 [debug] [ThreadPool]: On create_analytics_main: Close
[0m22:39:05.047920 [debug] [ThreadPool]: Re-using an available connection from the pool (formerly create_analytics_main, now list_analytics_main)
[0m22:39:05.055132 [debug] [ThreadPool]: Using duckdb connection "list_analytics_main"
[0m22:39:05.056411 [debug] [ThreadPool]: On list_analytics_main: BEGIN
[0m22:39:05.058604 [debug] [ThreadPool]: Opening a new connection, currently in state closed
[0m22:39:05.060783 [debug] [ThreadPool]: SQL status: OK in 0.002 seconds
[0m22:39:05.062114 [debug] [ThreadPool]: Using duckdb connection "list_analytics_main"
[0m22:39:05.063360 [debug] [ThreadPool]: On list_analytics_main: /* {"app": "dbt", "dbt_version": "1.10.6", "profile_name": "dbt_euromillions_lkh", "target_name": "dev", "connection_name": "list_analytics_main"} */
select
      'analytics' as database,
      table_name as name,
      table_schema as schema,
      CASE table_type
        WHEN 'BASE TABLE' THEN 'table'
        WHEN 'VIEW' THEN 'view'
        WHEN 'LOCAL TEMPORARY' THEN 'table'
        END as type
    from system.information_schema.tables
    where lower(table_schema) = 'main'
    and lower(table_catalog) = 'analytics'
  
[0m22:39:05.080031 [debug] [ThreadPool]: SQL status: OK in 0.015 seconds
[0m22:39:05.082917 [debug] [ThreadPool]: On list_analytics_main: ROLLBACK
[0m22:39:05.085170 [debug] [ThreadPool]: Failed to rollback 'list_analytics_main'
[0m22:39:05.086270 [debug] [ThreadPool]: On list_analytics_main: Close
[0m22:39:05.088360 [debug] [MainThread]: Sending event: {'category': 'dbt', 'action': 'runnable_timing', 'label': '773e4a5d-0271-4fa4-b1d1-4d789f8879f5', 'context': [<snowplow_tracker.self_describing_json.SelfDescribingJson object at 0x78dfc47d0190>]}
[0m22:39:05.090110 [debug] [MainThread]: Using duckdb connection "master"
[0m22:39:05.091860 [debug] [MainThread]: On master: BEGIN
[0m22:39:05.093514 [debug] [MainThread]: Opening a new connection, currently in state init
[0m22:39:05.095850 [debug] [MainThread]: SQL status: OK in 0.002 seconds
[0m22:39:05.097213 [debug] [MainThread]: On master: COMMIT
[0m22:39:05.098586 [debug] [MainThread]: Using duckdb connection "master"
[0m22:39:05.099745 [debug] [MainThread]: On master: COMMIT
[0m22:39:05.101299 [debug] [MainThread]: SQL status: OK in 0.000 seconds
[0m22:39:05.102483 [debug] [MainThread]: On master: Close
[0m22:39:05.110417 [debug] [Thread-1 (]: Began running node model.dbt_euromillions_lkh.silver_draws
[0m22:39:05.111757 [info ] [Thread-1 (]: 1 of 1 START sql view model main.silver_draws .................................. [RUN]
[0m22:39:05.113512 [debug] [Thread-1 (]: Re-using an available connection from the pool (formerly list_analytics_main, now model.dbt_euromillions_lkh.silver_draws)
[0m22:39:05.115003 [debug] [Thread-1 (]: Began compiling node model.dbt_euromillions_lkh.silver_draws
[0m22:39:05.124214 [debug] [Thread-1 (]: Writing injected SQL for node "model.dbt_euromillions_lkh.silver_draws"
[0m22:39:05.139661 [debug] [Thread-1 (]: Began executing node model.dbt_euromillions_lkh.silver_draws
[0m22:39:05.186451 [debug] [Thread-1 (]: Writing runtime sql for node "model.dbt_euromillions_lkh.silver_draws"
[0m22:39:05.202054 [debug] [Thread-1 (]: Using duckdb connection "model.dbt_euromillions_lkh.silver_draws"
[0m22:39:05.203413 [debug] [Thread-1 (]: On model.dbt_euromillions_lkh.silver_draws: BEGIN
[0m22:39:05.204742 [debug] [Thread-1 (]: Opening a new connection, currently in state closed
[0m22:39:05.207112 [debug] [Thread-1 (]: SQL status: OK in 0.002 seconds
[0m22:39:05.209781 [debug] [Thread-1 (]: Using duckdb connection "model.dbt_euromillions_lkh.silver_draws"
[0m22:39:05.211931 [debug] [Thread-1 (]: On model.dbt_euromillions_lkh.silver_draws: /* {"app": "dbt", "dbt_version": "1.10.6", "profile_name": "dbt_euromillions_lkh", "target_name": "dev", "node_id": "model.dbt_euromillions_lkh.silver_draws"} */

  
  create view "analytics"."main"."silver_draws__dbt_tmp" as (
    select
    draw_id,
    draw_date,
    jackpot_amount

from silver_draws

where jackpot_amount > 0
  );

[0m22:39:05.214657 [debug] [Thread-1 (]: SQL status: OK in 0.001 seconds
[0m22:39:05.223548 [debug] [Thread-1 (]: Using duckdb connection "model.dbt_euromillions_lkh.silver_draws"
[0m22:39:05.227314 [debug] [Thread-1 (]: On model.dbt_euromillions_lkh.silver_draws: /* {"app": "dbt", "dbt_version": "1.10.6", "profile_name": "dbt_euromillions_lkh", "target_name": "dev", "node_id": "model.dbt_euromillions_lkh.silver_draws"} */
alter table "analytics"."main"."silver_draws" rename to "silver_draws__dbt_backup"
[0m22:39:05.229991 [debug] [Thread-1 (]: SQL status: OK in 0.001 seconds
[0m22:39:05.237713 [debug] [Thread-1 (]: Using duckdb connection "model.dbt_euromillions_lkh.silver_draws"
[0m22:39:05.240214 [debug] [Thread-1 (]: On model.dbt_euromillions_lkh.silver_draws: /* {"app": "dbt", "dbt_version": "1.10.6", "profile_name": "dbt_euromillions_lkh", "target_name": "dev", "node_id": "model.dbt_euromillions_lkh.silver_draws"} */
alter view "analytics"."main"."silver_draws__dbt_tmp" rename to "silver_draws"
[0m22:39:05.247613 [debug] [Thread-1 (]: SQL status: OK in 0.001 seconds
[0m22:39:05.277031 [debug] [Thread-1 (]: On model.dbt_euromillions_lkh.silver_draws: COMMIT
[0m22:39:05.279543 [debug] [Thread-1 (]: Using duckdb connection "model.dbt_euromillions_lkh.silver_draws"
[0m22:39:05.281935 [debug] [Thread-1 (]: On model.dbt_euromillions_lkh.silver_draws: COMMIT
[0m22:39:05.290911 [debug] [Thread-1 (]: SQL status: OK in 0.007 seconds
[0m22:39:05.300926 [debug] [Thread-1 (]: Using duckdb connection "model.dbt_euromillions_lkh.silver_draws"
[0m22:39:05.302583 [debug] [Thread-1 (]: On model.dbt_euromillions_lkh.silver_draws: /* {"app": "dbt", "dbt_version": "1.10.6", "profile_name": "dbt_euromillions_lkh", "target_name": "dev", "node_id": "model.dbt_euromillions_lkh.silver_draws"} */

      drop table if exists "analytics"."main"."silver_draws__dbt_backup" cascade
    
[0m22:39:05.310476 [debug] [Thread-1 (]: SQL status: OK in 0.006 seconds
[0m22:39:05.314737 [debug] [Thread-1 (]: On model.dbt_euromillions_lkh.silver_draws: Close
[0m22:39:05.322060 [debug] [Thread-1 (]: Sending event: {'category': 'dbt', 'action': 'run_model', 'label': '773e4a5d-0271-4fa4-b1d1-4d789f8879f5', 'context': [<snowplow_tracker.self_describing_json.SelfDescribingJson object at 0x78dfc48d5d90>]}
[0m22:39:05.324324 [info ] [Thread-1 (]: 1 of 1 OK created sql view model main.silver_draws ............................. [[32mOK[0m in 0.20s]
[0m22:39:05.328696 [debug] [Thread-1 (]: Finished running node model.dbt_euromillions_lkh.silver_draws
[0m22:39:05.335558 [debug] [MainThread]: Using duckdb connection "master"
[0m22:39:05.337880 [debug] [MainThread]: On master: BEGIN
[0m22:39:05.340216 [debug] [MainThread]: Opening a new connection, currently in state closed
[0m22:39:05.342718 [debug] [MainThread]: SQL status: OK in 0.002 seconds
[0m22:39:05.344235 [debug] [MainThread]: On master: COMMIT
[0m22:39:05.345794 [debug] [MainThread]: Using duckdb connection "master"
[0m22:39:05.347187 [debug] [MainThread]: On master: COMMIT
[0m22:39:05.349380 [debug] [MainThread]: SQL status: OK in 0.001 seconds
[0m22:39:05.351175 [debug] [MainThread]: On master: Close
[0m22:39:05.353380 [debug] [MainThread]: Connection 'master' was properly closed.
[0m22:39:05.355519 [debug] [MainThread]: Connection 'model.dbt_euromillions_lkh.silver_draws' was properly closed.
[0m22:39:05.359711 [info ] [MainThread]: 
[0m22:39:05.363817 [info ] [MainThread]: Finished running 1 view model in 0 hours 0 minutes and 0.70 seconds (0.70s).
[0m22:39:05.367242 [debug] [MainThread]: Command end result
[0m22:39:05.419380 [debug] [MainThread]: Wrote artifact WritableManifest to /app/dbt_euromillions_lkh/target/manifest.json
[0m22:39:05.427798 [debug] [MainThread]: Wrote artifact SemanticManifest to /app/dbt_euromillions_lkh/target/semantic_manifest.json
[0m22:39:05.439405 [debug] [MainThread]: Wrote artifact RunExecutionResult to /app/dbt_euromillions_lkh/target/run_results.json
[0m22:39:05.441729 [info ] [MainThread]: 
[0m22:39:05.444003 [info ] [MainThread]: [32mCompleted successfully[0m
[0m22:39:05.446744 [info ] [MainThread]: 
[0m22:39:05.448934 [info ] [MainThread]: Done. PASS=1 WARN=0 ERROR=0 SKIP=0 NO-OP=0 TOTAL=1
[0m22:39:05.453127 [debug] [MainThread]: Resource report: {"command_name": "run", "command_success": true, "command_wall_clock_time": 2.2948256, "process_in_blocks": "171224", "process_kernel_time": 0.537371, "process_mem_max_rss": "153600", "process_out_blocks": "0", "process_user_time": 2.991636}
[0m22:39:05.455508 [debug] [MainThread]: Command `dbt run` succeeded at 22:39:05.455204 after 2.30 seconds
[0m22:39:05.458250 [debug] [MainThread]: Sending event: {'category': 'dbt', 'action': 'invocation', 'label': 'end', 'context': [<snowplow_tracker.self_describing_json.SelfDescribingJson object at 0x78dfca8ab290>, <snowplow_tracker.self_describing_json.SelfDescribingJson object at 0x78dfca8ef810>, <snowplow_tracker.self_describing_json.SelfDescribingJson object at 0x78dfcf18d810>]}
[0m22:39:05.461534 [debug] [MainThread]: Flushing usage events
[0m22:39:05.944172 [debug] [MainThread]: An error was encountered while trying to flush usage events
[0m22:41:22.570307 [debug] [MainThread]: Sending event: {'category': 'dbt', 'action': 'invocation', 'label': 'start', 'context': [<snowplow_tracker.self_describing_json.SelfDescribingJson object at 0x76b76841b290>, <snowplow_tracker.self_describing_json.SelfDescribingJson object at 0x76b768421250>, <snowplow_tracker.self_describing_json.SelfDescribingJson object at 0x76b76853c390>]}


============================== 22:41:22.576710 | 2b5fce40-ce66-4827-a58a-d7202de92e52 ==============================
[0m22:41:22.576710 [info ] [MainThread]: Running with dbt=1.10.6
[0m22:41:22.578993 [debug] [MainThread]: running dbt with arguments {'printer_width': '80', 'indirect_selection': 'eager', 'write_json': 'True', 'log_cache_events': 'False', 'partial_parse': 'True', 'cache_selected_only': 'False', 'profiles_dir': '/root/.dbt', 'debug': 'False', 'warn_error': 'None', 'log_path': '/app/dbt_euromillions_lkh/logs', 'fail_fast': 'False', 'version_check': 'True', 'use_colors': 'True', 'use_experimental_parser': 'False', 'empty': 'False', 'quiet': 'False', 'no_print': 'None', 'warn_error_options': 'WarnErrorOptionsV2(error=[], warn=[], silence=[])', 'static_parser': 'True', 'invocation_command': 'dbt run', 'introspect': 'True', 'target_path': 'None', 'log_format': 'default', 'send_anonymous_usage_stats': 'True'}
[0m22:41:22.916493 [debug] [MainThread]: Sending event: {'category': 'dbt', 'action': 'project_id', 'label': '2b5fce40-ce66-4827-a58a-d7202de92e52', 'context': [<snowplow_tracker.self_describing_json.SelfDescribingJson object at 0x76b764385e10>]}
[0m22:41:22.991346 [debug] [MainThread]: Sending event: {'category': 'dbt', 'action': 'adapter_info', 'label': '2b5fce40-ce66-4827-a58a-d7202de92e52', 'context': [<snowplow_tracker.self_describing_json.SelfDescribingJson object at 0x76b76b432190>]}
[0m22:41:22.995798 [info ] [MainThread]: Registered adapter: duckdb=1.9.4
[0m22:41:23.112291 [debug] [MainThread]: checksum: f6e4baf4de20596ffb9d14e6ef805989eb0e1950dedc3cc83d03f20aa023904c, vars: {}, profile: , target: , version: 1.10.6
[0m22:41:23.497650 [debug] [MainThread]: Partial parsing enabled: 0 files deleted, 1 files added, 0 files changed.
[0m22:41:23.499500 [debug] [MainThread]: Partial parsing: added file: dbt_euromillions_lkh://models/gold/gold_jackpot_trends.sql
[0m22:41:23.775330 [warn ] [MainThread]: [[33mWARNING[0m]: Configuration paths exist in your dbt_project.yml file which do not apply to any resources.
There are 1 unused configuration paths:
- models.dbt_euromillions_lkh.example
[0m22:41:23.787123 [debug] [MainThread]: Sending event: {'category': 'dbt', 'action': 'load_project', 'label': '2b5fce40-ce66-4827-a58a-d7202de92e52', 'context': [<snowplow_tracker.self_describing_json.SelfDescribingJson object at 0x76b763f25fd0>]}
[0m22:41:23.904476 [debug] [MainThread]: Wrote artifact WritableManifest to /app/dbt_euromillions_lkh/target/manifest.json
[0m22:41:23.914902 [debug] [MainThread]: Wrote artifact SemanticManifest to /app/dbt_euromillions_lkh/target/semantic_manifest.json
[0m22:41:23.973497 [debug] [MainThread]: Sending event: {'category': 'dbt', 'action': 'resource_counts', 'label': '2b5fce40-ce66-4827-a58a-d7202de92e52', 'context': [<snowplow_tracker.self_describing_json.SelfDescribingJson object at 0x76b762d39110>]}
[0m22:41:23.975836 [info ] [MainThread]: Found 2 models, 429 macros
[0m22:41:23.977843 [debug] [MainThread]: Sending event: {'category': 'dbt', 'action': 'runnable_timing', 'label': '2b5fce40-ce66-4827-a58a-d7202de92e52', 'context': [<snowplow_tracker.self_describing_json.SelfDescribingJson object at 0x76b76a812090>]}
[0m22:41:23.983684 [info ] [MainThread]: 
[0m22:41:23.986015 [info ] [MainThread]: Concurrency: 4 threads (target='dev')
[0m22:41:23.988153 [info ] [MainThread]: 
[0m22:41:23.990991 [debug] [MainThread]: Acquiring new duckdb connection 'master'
[0m22:41:24.002714 [debug] [ThreadPool]: Acquiring new duckdb connection 'list_analytics'
[0m22:41:24.151884 [debug] [ThreadPool]: Using duckdb connection "list_analytics"
[0m22:41:24.153781 [debug] [ThreadPool]: On list_analytics: /* {"app": "dbt", "dbt_version": "1.10.6", "profile_name": "dbt_euromillions_lkh", "target_name": "dev", "connection_name": "list_analytics"} */

    
    select schema_name
    from system.information_schema.schemata
    
    where lower(catalog_name) = '"analytics"'
    
  
  
[0m22:41:24.155548 [debug] [ThreadPool]: Opening a new connection, currently in state init
[0m22:41:24.308306 [debug] [ThreadPool]: SQL status: OK in 0.153 seconds
[0m22:41:24.312549 [debug] [ThreadPool]: On list_analytics: Close
[0m22:41:24.316141 [debug] [ThreadPool]: Re-using an available connection from the pool (formerly list_analytics, now create_analytics_main)
[0m22:41:24.323860 [debug] [ThreadPool]: Creating schema "database: "analytics"
schema: "main"
"
[0m22:41:24.354200 [debug] [ThreadPool]: Using duckdb connection "create_analytics_main"
[0m22:41:24.355951 [debug] [ThreadPool]: On create_analytics_main: /* {"app": "dbt", "dbt_version": "1.10.6", "profile_name": "dbt_euromillions_lkh", "target_name": "dev", "connection_name": "create_analytics_main"} */

    
        select type from duckdb_databases()
        where lower(database_name)='analytics'
        and type='sqlite'
    
  
[0m22:41:24.357847 [debug] [ThreadPool]: Opening a new connection, currently in state closed
[0m22:41:24.361591 [debug] [ThreadPool]: SQL status: OK in 0.004 seconds
[0m22:41:24.365807 [debug] [ThreadPool]: Using duckdb connection "create_analytics_main"
[0m22:41:24.368295 [debug] [ThreadPool]: On create_analytics_main: BEGIN
[0m22:41:24.370580 [debug] [ThreadPool]: SQL status: OK in 0.001 seconds
[0m22:41:24.372075 [debug] [ThreadPool]: Using duckdb connection "create_analytics_main"
[0m22:41:24.373587 [debug] [ThreadPool]: On create_analytics_main: /* {"app": "dbt", "dbt_version": "1.10.6", "profile_name": "dbt_euromillions_lkh", "target_name": "dev", "connection_name": "create_analytics_main"} */

    
    
        create schema if not exists "analytics"."main"
    
[0m22:41:24.376007 [debug] [ThreadPool]: SQL status: OK in 0.001 seconds
[0m22:41:24.378087 [debug] [ThreadPool]: On create_analytics_main: COMMIT
[0m22:41:24.379745 [debug] [ThreadPool]: Using duckdb connection "create_analytics_main"
[0m22:41:24.381971 [debug] [ThreadPool]: On create_analytics_main: COMMIT
[0m22:41:24.384159 [debug] [ThreadPool]: SQL status: OK in 0.000 seconds
[0m22:41:24.385764 [debug] [ThreadPool]: On create_analytics_main: Close
[0m22:41:24.388868 [debug] [ThreadPool]: Re-using an available connection from the pool (formerly create_analytics_main, now list_analytics_main)
[0m22:41:24.397114 [debug] [ThreadPool]: Using duckdb connection "list_analytics_main"
[0m22:41:24.399590 [debug] [ThreadPool]: On list_analytics_main: BEGIN
[0m22:41:24.401361 [debug] [ThreadPool]: Opening a new connection, currently in state closed
[0m22:41:24.404144 [debug] [ThreadPool]: SQL status: OK in 0.003 seconds
[0m22:41:24.406335 [debug] [ThreadPool]: Using duckdb connection "list_analytics_main"
[0m22:41:24.407995 [debug] [ThreadPool]: On list_analytics_main: /* {"app": "dbt", "dbt_version": "1.10.6", "profile_name": "dbt_euromillions_lkh", "target_name": "dev", "connection_name": "list_analytics_main"} */
select
      'analytics' as database,
      table_name as name,
      table_schema as schema,
      CASE table_type
        WHEN 'BASE TABLE' THEN 'table'
        WHEN 'VIEW' THEN 'view'
        WHEN 'LOCAL TEMPORARY' THEN 'table'
        END as type
    from system.information_schema.tables
    where lower(table_schema) = 'main'
    and lower(table_catalog) = 'analytics'
  
[0m22:41:24.425168 [debug] [ThreadPool]: SQL status: OK in 0.016 seconds
[0m22:41:24.428219 [debug] [ThreadPool]: On list_analytics_main: ROLLBACK
[0m22:41:24.431262 [debug] [ThreadPool]: Failed to rollback 'list_analytics_main'
[0m22:41:24.432889 [debug] [ThreadPool]: On list_analytics_main: Close
[0m22:41:24.435127 [debug] [MainThread]: Sending event: {'category': 'dbt', 'action': 'runnable_timing', 'label': '2b5fce40-ce66-4827-a58a-d7202de92e52', 'context': [<snowplow_tracker.self_describing_json.SelfDescribingJson object at 0x76b7683533d0>]}
[0m22:41:24.436754 [debug] [MainThread]: Using duckdb connection "master"
[0m22:41:24.438229 [debug] [MainThread]: On master: BEGIN
[0m22:41:24.439405 [debug] [MainThread]: Opening a new connection, currently in state init
[0m22:41:24.441343 [debug] [MainThread]: SQL status: OK in 0.002 seconds
[0m22:41:24.442648 [debug] [MainThread]: On master: COMMIT
[0m22:41:24.443927 [debug] [MainThread]: Using duckdb connection "master"
[0m22:41:24.445490 [debug] [MainThread]: On master: COMMIT
[0m22:41:24.448048 [debug] [MainThread]: SQL status: OK in 0.000 seconds
[0m22:41:24.449673 [debug] [MainThread]: On master: Close
[0m22:41:24.457811 [debug] [Thread-1 (]: Began running node model.dbt_euromillions_lkh.silver_draws
[0m22:41:24.459622 [info ] [Thread-1 (]: 1 of 2 START sql view model main.silver_draws .................................. [RUN]
[0m22:41:24.461639 [debug] [Thread-1 (]: Re-using an available connection from the pool (formerly list_analytics_main, now model.dbt_euromillions_lkh.silver_draws)
[0m22:41:24.463719 [debug] [Thread-1 (]: Began compiling node model.dbt_euromillions_lkh.silver_draws
[0m22:41:24.473872 [debug] [Thread-1 (]: Writing injected SQL for node "model.dbt_euromillions_lkh.silver_draws"
[0m22:41:24.489946 [debug] [Thread-1 (]: Began executing node model.dbt_euromillions_lkh.silver_draws
[0m22:41:24.529231 [debug] [Thread-1 (]: Writing runtime sql for node "model.dbt_euromillions_lkh.silver_draws"
[0m22:41:24.543754 [debug] [Thread-1 (]: Using duckdb connection "model.dbt_euromillions_lkh.silver_draws"
[0m22:41:24.545058 [debug] [Thread-1 (]: On model.dbt_euromillions_lkh.silver_draws: BEGIN
[0m22:41:24.546383 [debug] [Thread-1 (]: Opening a new connection, currently in state closed
[0m22:41:24.549133 [debug] [Thread-1 (]: SQL status: OK in 0.003 seconds
[0m22:41:24.551246 [debug] [Thread-1 (]: Using duckdb connection "model.dbt_euromillions_lkh.silver_draws"
[0m22:41:24.553190 [debug] [Thread-1 (]: On model.dbt_euromillions_lkh.silver_draws: /* {"app": "dbt", "dbt_version": "1.10.6", "profile_name": "dbt_euromillions_lkh", "target_name": "dev", "node_id": "model.dbt_euromillions_lkh.silver_draws"} */

  
  create view "analytics"."main"."silver_draws__dbt_tmp" as (
    select
    draw_id,
    draw_date,
    jackpot_amount

from silver_draws

where jackpot_amount > 0
  );

[0m22:41:24.574634 [debug] [Thread-1 (]: DuckDB adapter: Error running SQL: /* {"app": "dbt", "dbt_version": "1.10.6", "profile_name": "dbt_euromillions_lkh", "target_name": "dev", "node_id": "model.dbt_euromillions_lkh.silver_draws"} */

  
  create view "analytics"."main"."silver_draws__dbt_tmp" as (
    select
    draw_id,
    draw_date,
    jackpot_amount

from silver_draws

where jackpot_amount > 0
  );

[0m22:41:24.576648 [debug] [Thread-1 (]: DuckDB adapter: Rolling back transaction.
[0m22:41:24.578689 [debug] [Thread-1 (]: On model.dbt_euromillions_lkh.silver_draws: ROLLBACK
[0m22:41:24.622470 [debug] [Thread-1 (]: Failed to rollback 'model.dbt_euromillions_lkh.silver_draws'
[0m22:41:24.624406 [debug] [Thread-1 (]: On model.dbt_euromillions_lkh.silver_draws: Close
[0m22:41:24.632696 [debug] [Thread-1 (]: Runtime Error in model silver_draws (models/silver/silver_draws.sql)
  Binder Error: infinite recursion detected: attempting to recursively bind view "silver_draws"
[0m22:41:24.639139 [debug] [Thread-1 (]: Sending event: {'category': 'dbt', 'action': 'run_model', 'label': '2b5fce40-ce66-4827-a58a-d7202de92e52', 'context': [<snowplow_tracker.self_describing_json.SelfDescribingJson object at 0x76b7682d7c10>]}
[0m22:41:24.642464 [error] [Thread-1 (]: 1 of 2 ERROR creating sql view model main.silver_draws ......................... [[31mERROR[0m in 0.17s]
[0m22:41:24.645360 [debug] [Thread-1 (]: Finished running node model.dbt_euromillions_lkh.silver_draws
[0m22:41:24.647817 [debug] [Thread-7 (]: Marking all children of 'model.dbt_euromillions_lkh.silver_draws' to be skipped because of status 'error'.  Reason: Runtime Error in model silver_draws (models/silver/silver_draws.sql)
  Binder Error: infinite recursion detected: attempting to recursively bind view "silver_draws".
[0m22:41:24.652129 [debug] [Thread-3 (]: Began running node model.dbt_euromillions_lkh.gold_jackpot_trends
[0m22:41:24.654491 [info ] [Thread-3 (]: 2 of 2 SKIP relation main.gold_jackpot_trends .................................. [[33mSKIP[0m]
[0m22:41:24.657122 [debug] [Thread-3 (]: Finished running node model.dbt_euromillions_lkh.gold_jackpot_trends
[0m22:41:24.661799 [debug] [MainThread]: Using duckdb connection "master"
[0m22:41:24.665016 [debug] [MainThread]: On master: BEGIN
[0m22:41:24.667530 [debug] [MainThread]: Opening a new connection, currently in state closed
[0m22:41:24.673069 [debug] [MainThread]: SQL status: OK in 0.005 seconds
[0m22:41:24.675683 [debug] [MainThread]: On master: COMMIT
[0m22:41:24.678407 [debug] [MainThread]: Using duckdb connection "master"
[0m22:41:24.681732 [debug] [MainThread]: On master: COMMIT
[0m22:41:24.684209 [debug] [MainThread]: SQL status: OK in 0.001 seconds
[0m22:41:24.685651 [debug] [MainThread]: On master: Close
[0m22:41:24.687180 [debug] [MainThread]: Connection 'master' was properly closed.
[0m22:41:24.688227 [debug] [MainThread]: Connection 'model.dbt_euromillions_lkh.silver_draws' was properly closed.
[0m22:41:24.689642 [info ] [MainThread]: 
[0m22:41:24.691352 [info ] [MainThread]: Finished running 2 view models in 0 hours 0 minutes and 0.70 seconds (0.70s).
[0m22:41:24.694720 [debug] [MainThread]: Command end result
[0m22:41:24.758839 [debug] [MainThread]: Wrote artifact WritableManifest to /app/dbt_euromillions_lkh/target/manifest.json
[0m22:41:24.769330 [debug] [MainThread]: Wrote artifact SemanticManifest to /app/dbt_euromillions_lkh/target/semantic_manifest.json
[0m22:41:24.784084 [debug] [MainThread]: Wrote artifact RunExecutionResult to /app/dbt_euromillions_lkh/target/run_results.json
[0m22:41:24.785544 [info ] [MainThread]: 
[0m22:41:24.787396 [info ] [MainThread]: [31mCompleted with 1 error, 0 partial successes, and 0 warnings:[0m
[0m22:41:24.789578 [info ] [MainThread]: 
[0m22:41:24.791827 [error] [MainThread]: [31mFailure in model silver_draws (models/silver/silver_draws.sql)[0m
[0m22:41:24.794141 [error] [MainThread]:   Runtime Error in model silver_draws (models/silver/silver_draws.sql)
  Binder Error: infinite recursion detected: attempting to recursively bind view "silver_draws"
[0m22:41:24.796971 [info ] [MainThread]: 
[0m22:41:24.799913 [info ] [MainThread]:   compiled code at target/compiled/dbt_euromillions_lkh/models/silver/silver_draws.sql
[0m22:41:24.802688 [info ] [MainThread]: 
[0m22:41:24.806840 [info ] [MainThread]: Done. PASS=0 WARN=0 ERROR=1 SKIP=1 NO-OP=0 TOTAL=2
[0m22:41:24.810461 [debug] [MainThread]: Resource report: {"command_name": "run", "command_success": false, "command_wall_clock_time": 2.3549402, "process_in_blocks": "174504", "process_kernel_time": 0.605746, "process_mem_max_rss": "155288", "process_out_blocks": "0", "process_user_time": 2.854529}
[0m22:41:24.812456 [debug] [MainThread]: Command `dbt run` failed at 22:41:24.812056 after 2.36 seconds
[0m22:41:24.815311 [debug] [MainThread]: Sending event: {'category': 'dbt', 'action': 'invocation', 'label': 'end', 'context': [<snowplow_tracker.self_describing_json.SelfDescribingJson object at 0x76b768473290>, <snowplow_tracker.self_describing_json.SelfDescribingJson object at 0x76b7684739d0>, <snowplow_tracker.self_describing_json.SelfDescribingJson object at 0x76b7685b3cd0>]}
[0m22:41:24.817027 [debug] [MainThread]: Flushing usage events
[0m22:41:25.271114 [debug] [MainThread]: An error was encountered while trying to flush usage events
[0m22:48:11.511223 [debug] [MainThread]: Sending event: {'category': 'dbt', 'action': 'invocation', 'label': 'start', 'context': [<snowplow_tracker.self_describing_json.SelfDescribingJson object at 0x7ce3e0b2bf50>, <snowplow_tracker.self_describing_json.SelfDescribingJson object at 0x7ce3e30cab90>, <snowplow_tracker.self_describing_json.SelfDescribingJson object at 0x7ce3e0b29050>]}


============================== 22:48:11.516965 | ed5c0a4a-7ac3-408e-8904-fd540c754096 ==============================
[0m22:48:11.516965 [info ] [MainThread]: Running with dbt=1.10.6
[0m22:48:11.519810 [debug] [MainThread]: running dbt with arguments {'printer_width': '80', 'indirect_selection': 'eager', 'log_cache_events': 'False', 'write_json': 'True', 'partial_parse': 'True', 'cache_selected_only': 'False', 'profiles_dir': '/root/.dbt', 'version_check': 'True', 'warn_error': 'None', 'log_path': '/app/dbt_euromillions_lkh/logs', 'debug': 'False', 'fail_fast': 'False', 'use_colors': 'True', 'use_experimental_parser': 'False', 'empty': 'False', 'quiet': 'False', 'no_print': 'None', 'log_format': 'default', 'static_parser': 'True', 'introspect': 'True', 'warn_error_options': 'WarnErrorOptionsV2(error=[], warn=[], silence=[])', 'target_path': 'None', 'invocation_command': 'dbt run', 'send_anonymous_usage_stats': 'True'}
[0m22:48:11.834617 [debug] [MainThread]: Sending event: {'category': 'dbt', 'action': 'project_id', 'label': 'ed5c0a4a-7ac3-408e-8904-fd540c754096', 'context': [<snowplow_tracker.self_describing_json.SelfDescribingJson object at 0x7ce3e09bcf10>]}
[0m22:48:11.925707 [debug] [MainThread]: Sending event: {'category': 'dbt', 'action': 'adapter_info', 'label': 'ed5c0a4a-7ac3-408e-8904-fd540c754096', 'context': [<snowplow_tracker.self_describing_json.SelfDescribingJson object at 0x7ce3e3b12250>]}
[0m22:48:11.931122 [info ] [MainThread]: Registered adapter: duckdb=1.9.4
[0m22:48:12.079686 [debug] [MainThread]: checksum: f6e4baf4de20596ffb9d14e6ef805989eb0e1950dedc3cc83d03f20aa023904c, vars: {}, profile: , target: , version: 1.10.6
[0m22:48:12.368082 [debug] [MainThread]: Partial parsing enabled: 0 files deleted, 0 files added, 1 files changed.
[0m22:48:12.370337 [debug] [MainThread]: Partial parsing: updated file: dbt_euromillions_lkh://models/gold/gold_jackpot_trends.sql
[0m22:48:12.572484 [error] [MainThread]: Encountered an error:
Compilation Error
  Model 'model.dbt_euromillions_lkh.gold_jackpot_trends' (models/gold/gold_jackpot_trends.sql) depends on a node named 'raw_silver_draws' which was not found
[0m22:48:12.577171 [debug] [MainThread]: Resource report: {"command_name": "run", "command_success": false, "command_wall_clock_time": 1.144582, "process_in_blocks": "50680", "process_kernel_time": 0.445117, "process_mem_max_rss": "128160", "process_out_blocks": "0", "process_user_time": 2.289174}
[0m22:48:12.579490 [debug] [MainThread]: Command `dbt run` failed at 22:48:12.579274 after 1.15 seconds
[0m22:48:12.581724 [debug] [MainThread]: Sending event: {'category': 'dbt', 'action': 'invocation', 'label': 'end', 'context': [<snowplow_tracker.self_describing_json.SelfDescribingJson object at 0x7ce3dc6bcf10>, <snowplow_tracker.self_describing_json.SelfDescribingJson object at 0x7ce3dc6af090>, <snowplow_tracker.self_describing_json.SelfDescribingJson object at 0x7ce3e554d650>]}
[0m22:48:12.583790 [debug] [MainThread]: Flushing usage events
[0m22:48:13.085309 [debug] [MainThread]: An error was encountered while trying to flush usage events
[0m22:49:05.074522 [debug] [MainThread]: Sending event: {'category': 'dbt', 'action': 'invocation', 'label': 'start', 'context': [<snowplow_tracker.self_describing_json.SelfDescribingJson object at 0x71e1afdf2f50>, <snowplow_tracker.self_describing_json.SelfDescribingJson object at 0x71e1afdf3b10>, <snowplow_tracker.self_describing_json.SelfDescribingJson object at 0x71e1afecb550>]}


============================== 22:49:05.081011 | b99a5dde-9cdc-4d7b-bbb3-a9bc26d2acd6 ==============================
[0m22:49:05.081011 [info ] [MainThread]: Running with dbt=1.10.6
[0m22:49:05.083358 [debug] [MainThread]: running dbt with arguments {'printer_width': '80', 'indirect_selection': 'eager', 'write_json': 'True', 'log_cache_events': 'False', 'partial_parse': 'True', 'cache_selected_only': 'False', 'warn_error': 'None', 'fail_fast': 'False', 'debug': 'False', 'log_path': '/app/dbt_euromillions_lkh/logs', 'version_check': 'True', 'profiles_dir': '/root/.dbt', 'use_colors': 'True', 'use_experimental_parser': 'False', 'no_print': 'None', 'quiet': 'False', 'empty': 'False', 'log_format': 'default', 'static_parser': 'True', 'invocation_command': 'dbt run', 'introspect': 'True', 'target_path': 'None', 'warn_error_options': 'WarnErrorOptionsV2(error=[], warn=[], silence=[])', 'send_anonymous_usage_stats': 'True'}
[0m22:49:05.438890 [debug] [MainThread]: Sending event: {'category': 'dbt', 'action': 'project_id', 'label': 'b99a5dde-9cdc-4d7b-bbb3-a9bc26d2acd6', 'context': [<snowplow_tracker.self_describing_json.SelfDescribingJson object at 0x71e1abd64210>]}
[0m22:49:05.516466 [debug] [MainThread]: Sending event: {'category': 'dbt', 'action': 'adapter_info', 'label': 'b99a5dde-9cdc-4d7b-bbb3-a9bc26d2acd6', 'context': [<snowplow_tracker.self_describing_json.SelfDescribingJson object at 0x71e1b2db2310>]}
[0m22:49:05.523384 [info ] [MainThread]: Registered adapter: duckdb=1.9.4
[0m22:49:05.695188 [debug] [MainThread]: checksum: f6e4baf4de20596ffb9d14e6ef805989eb0e1950dedc3cc83d03f20aa023904c, vars: {}, profile: , target: , version: 1.10.6
[0m22:49:06.079419 [debug] [MainThread]: Partial parsing enabled: 0 files deleted, 0 files added, 1 files changed.
[0m22:49:06.081247 [debug] [MainThread]: Partial parsing: updated file: dbt_euromillions_lkh://models/gold/gold_jackpot_trends.sql
[0m22:49:06.327943 [error] [MainThread]: Encountered an error:
Compilation Error
  Model 'model.dbt_euromillions_lkh.gold_jackpot_trends' (models/gold/gold_jackpot_trends.sql) depends on a node named 'raw_silver_draws' which was not found
[0m22:49:06.332813 [debug] [MainThread]: Resource report: {"command_name": "run", "command_success": false, "command_wall_clock_time": 1.3506024, "process_in_blocks": "128928", "process_kernel_time": 0.459305, "process_mem_max_rss": "128428", "process_out_blocks": "0", "process_user_time": 2.585573}
[0m22:49:06.335164 [debug] [MainThread]: Command `dbt run` failed at 22:49:06.334921 after 1.35 seconds
[0m22:49:06.337019 [debug] [MainThread]: Sending event: {'category': 'dbt', 'action': 'invocation', 'label': 'end', 'context': [<snowplow_tracker.self_describing_json.SelfDescribingJson object at 0x71e1afd99ed0>, <snowplow_tracker.self_describing_json.SelfDescribingJson object at 0x71e1afdf3c50>, <snowplow_tracker.self_describing_json.SelfDescribingJson object at 0x71e1ab95c050>]}
[0m22:49:06.339373 [debug] [MainThread]: Flushing usage events
[0m22:49:06.794736 [debug] [MainThread]: An error was encountered while trying to flush usage events
[0m22:50:14.640847 [debug] [MainThread]: Sending event: {'category': 'dbt', 'action': 'invocation', 'label': 'start', 'context': [<snowplow_tracker.self_describing_json.SelfDescribingJson object at 0x785c139c7d50>, <snowplow_tracker.self_describing_json.SelfDescribingJson object at 0x785c0fb7b910>, <snowplow_tracker.self_describing_json.SelfDescribingJson object at 0x785c0f9d9690>]}


============================== 22:50:14.645639 | 646939c6-15c9-461f-8e9c-f443af08619d ==============================
[0m22:50:14.645639 [info ] [MainThread]: Running with dbt=1.10.6
[0m22:50:14.649295 [debug] [MainThread]: running dbt with arguments {'printer_width': '80', 'indirect_selection': 'eager', 'log_cache_events': 'False', 'write_json': 'True', 'partial_parse': 'True', 'cache_selected_only': 'False', 'profiles_dir': '/root/.dbt', 'debug': 'False', 'version_check': 'True', 'log_path': '/app/dbt_euromillions_lkh/logs', 'warn_error': 'None', 'fail_fast': 'False', 'use_colors': 'True', 'use_experimental_parser': 'False', 'no_print': 'None', 'quiet': 'False', 'empty': 'False', 'log_format': 'default', 'introspect': 'True', 'invocation_command': 'dbt run', 'static_parser': 'True', 'target_path': 'None', 'warn_error_options': 'WarnErrorOptionsV2(error=[], warn=[], silence=[])', 'send_anonymous_usage_stats': 'True'}
[0m22:50:14.980873 [debug] [MainThread]: Sending event: {'category': 'dbt', 'action': 'project_id', 'label': '646939c6-15c9-461f-8e9c-f443af08619d', 'context': [<snowplow_tracker.self_describing_json.SelfDescribingJson object at 0x785c0fa3c410>]}
[0m22:50:15.046157 [debug] [MainThread]: Sending event: {'category': 'dbt', 'action': 'adapter_info', 'label': '646939c6-15c9-461f-8e9c-f443af08619d', 'context': [<snowplow_tracker.self_describing_json.SelfDescribingJson object at 0x785c12a063d0>]}
[0m22:50:15.053112 [info ] [MainThread]: Registered adapter: duckdb=1.9.4
[0m22:50:15.199986 [debug] [MainThread]: checksum: f6e4baf4de20596ffb9d14e6ef805989eb0e1950dedc3cc83d03f20aa023904c, vars: {}, profile: , target: , version: 1.10.6
[0m22:50:15.594934 [debug] [MainThread]: Partial parsing enabled: 0 files deleted, 0 files added, 0 files changed.
[0m22:50:15.596426 [debug] [MainThread]: Partial parsing enabled, no changes found, skipping parsing
[0m22:50:15.604348 [warn ] [MainThread]: [[33mWARNING[0m]: Configuration paths exist in your dbt_project.yml file which do not apply to any resources.
There are 1 unused configuration paths:
- models.dbt_euromillions_lkh.example
[0m22:50:15.628288 [debug] [MainThread]: Sending event: {'category': 'dbt', 'action': 'load_project', 'label': '646939c6-15c9-461f-8e9c-f443af08619d', 'context': [<snowplow_tracker.self_describing_json.SelfDescribingJson object at 0x785c0b69f890>]}
[0m22:50:15.726424 [debug] [MainThread]: Wrote artifact WritableManifest to /app/dbt_euromillions_lkh/target/manifest.json
[0m22:50:15.737098 [debug] [MainThread]: Wrote artifact SemanticManifest to /app/dbt_euromillions_lkh/target/semantic_manifest.json
[0m22:50:15.787988 [debug] [MainThread]: Sending event: {'category': 'dbt', 'action': 'resource_counts', 'label': '646939c6-15c9-461f-8e9c-f443af08619d', 'context': [<snowplow_tracker.self_describing_json.SelfDescribingJson object at 0x785c0b65f210>]}
[0m22:50:15.790720 [info ] [MainThread]: Found 2 models, 429 macros
[0m22:50:15.793237 [debug] [MainThread]: Sending event: {'category': 'dbt', 'action': 'runnable_timing', 'label': '646939c6-15c9-461f-8e9c-f443af08619d', 'context': [<snowplow_tracker.self_describing_json.SelfDescribingJson object at 0x785c0b645650>]}
[0m22:50:15.798712 [info ] [MainThread]: 
[0m22:50:15.800691 [info ] [MainThread]: Concurrency: 4 threads (target='dev')
[0m22:50:15.802930 [info ] [MainThread]: 
[0m22:50:15.805241 [debug] [MainThread]: Acquiring new duckdb connection 'master'
[0m22:50:15.814139 [debug] [ThreadPool]: Acquiring new duckdb connection 'list_analytics'
[0m22:50:15.887132 [debug] [ThreadPool]: Using duckdb connection "list_analytics"
[0m22:50:15.889618 [debug] [ThreadPool]: On list_analytics: /* {"app": "dbt", "dbt_version": "1.10.6", "profile_name": "dbt_euromillions_lkh", "target_name": "dev", "connection_name": "list_analytics"} */

    
    select schema_name
    from system.information_schema.schemata
    
    where lower(catalog_name) = '"analytics"'
    
  
  
[0m22:50:15.891569 [debug] [ThreadPool]: Opening a new connection, currently in state init
[0m22:50:16.033882 [debug] [ThreadPool]: SQL status: OK in 0.142 seconds
[0m22:50:16.036840 [debug] [ThreadPool]: On list_analytics: Close
[0m22:50:16.039090 [debug] [ThreadPool]: Re-using an available connection from the pool (formerly list_analytics, now create_analytics_main)
[0m22:50:16.040948 [debug] [ThreadPool]: Creating schema "database: "analytics"
schema: "main"
"
[0m22:50:16.050672 [debug] [ThreadPool]: Using duckdb connection "create_analytics_main"
[0m22:50:16.052711 [debug] [ThreadPool]: On create_analytics_main: /* {"app": "dbt", "dbt_version": "1.10.6", "profile_name": "dbt_euromillions_lkh", "target_name": "dev", "connection_name": "create_analytics_main"} */

    
        select type from duckdb_databases()
        where lower(database_name)='analytics'
        and type='sqlite'
    
  
[0m22:50:16.055171 [debug] [ThreadPool]: Opening a new connection, currently in state closed
[0m22:50:16.058677 [debug] [ThreadPool]: SQL status: OK in 0.003 seconds
[0m22:50:16.062056 [debug] [ThreadPool]: Using duckdb connection "create_analytics_main"
[0m22:50:16.063862 [debug] [ThreadPool]: On create_analytics_main: BEGIN
[0m22:50:16.066431 [debug] [ThreadPool]: SQL status: OK in 0.001 seconds
[0m22:50:16.068220 [debug] [ThreadPool]: Using duckdb connection "create_analytics_main"
[0m22:50:16.070051 [debug] [ThreadPool]: On create_analytics_main: /* {"app": "dbt", "dbt_version": "1.10.6", "profile_name": "dbt_euromillions_lkh", "target_name": "dev", "connection_name": "create_analytics_main"} */

    
    
        create schema if not exists "analytics"."main"
    
[0m22:50:16.072592 [debug] [ThreadPool]: SQL status: OK in 0.001 seconds
[0m22:50:16.075131 [debug] [ThreadPool]: On create_analytics_main: COMMIT
[0m22:50:16.076985 [debug] [ThreadPool]: Using duckdb connection "create_analytics_main"
[0m22:50:16.078492 [debug] [ThreadPool]: On create_analytics_main: COMMIT
[0m22:50:16.080459 [debug] [ThreadPool]: SQL status: OK in 0.001 seconds
[0m22:50:16.082148 [debug] [ThreadPool]: On create_analytics_main: Close
[0m22:50:16.085321 [debug] [ThreadPool]: Re-using an available connection from the pool (formerly create_analytics_main, now list_analytics_main)
[0m22:50:16.092498 [debug] [ThreadPool]: Using duckdb connection "list_analytics_main"
[0m22:50:16.094042 [debug] [ThreadPool]: On list_analytics_main: BEGIN
[0m22:50:16.095731 [debug] [ThreadPool]: Opening a new connection, currently in state closed
[0m22:50:16.097899 [debug] [ThreadPool]: SQL status: OK in 0.002 seconds
[0m22:50:16.099309 [debug] [ThreadPool]: Using duckdb connection "list_analytics_main"
[0m22:50:16.100800 [debug] [ThreadPool]: On list_analytics_main: /* {"app": "dbt", "dbt_version": "1.10.6", "profile_name": "dbt_euromillions_lkh", "target_name": "dev", "connection_name": "list_analytics_main"} */
select
      'analytics' as database,
      table_name as name,
      table_schema as schema,
      CASE table_type
        WHEN 'BASE TABLE' THEN 'table'
        WHEN 'VIEW' THEN 'view'
        WHEN 'LOCAL TEMPORARY' THEN 'table'
        END as type
    from system.information_schema.tables
    where lower(table_schema) = 'main'
    and lower(table_catalog) = 'analytics'
  
[0m22:50:16.116043 [debug] [ThreadPool]: SQL status: OK in 0.014 seconds
[0m22:50:16.119173 [debug] [ThreadPool]: On list_analytics_main: ROLLBACK
[0m22:50:16.122190 [debug] [ThreadPool]: Failed to rollback 'list_analytics_main'
[0m22:50:16.125236 [debug] [ThreadPool]: On list_analytics_main: Close
[0m22:50:16.128394 [debug] [MainThread]: Sending event: {'category': 'dbt', 'action': 'runnable_timing', 'label': '646939c6-15c9-461f-8e9c-f443af08619d', 'context': [<snowplow_tracker.self_describing_json.SelfDescribingJson object at 0x785c0f850550>]}
[0m22:50:16.130309 [debug] [MainThread]: Using duckdb connection "master"
[0m22:50:16.132055 [debug] [MainThread]: On master: BEGIN
[0m22:50:16.133483 [debug] [MainThread]: Opening a new connection, currently in state init
[0m22:50:16.135831 [debug] [MainThread]: SQL status: OK in 0.002 seconds
[0m22:50:16.137759 [debug] [MainThread]: On master: COMMIT
[0m22:50:16.139363 [debug] [MainThread]: Using duckdb connection "master"
[0m22:50:16.140743 [debug] [MainThread]: On master: COMMIT
[0m22:50:16.142598 [debug] [MainThread]: SQL status: OK in 0.000 seconds
[0m22:50:16.144254 [debug] [MainThread]: On master: Close
[0m22:50:16.152693 [debug] [Thread-1 (]: Began running node model.dbt_euromillions_lkh.silver_draws
[0m22:50:16.154581 [info ] [Thread-1 (]: 1 of 2 START sql view model main.silver_draws .................................. [RUN]
[0m22:50:16.156775 [debug] [Thread-1 (]: Re-using an available connection from the pool (formerly list_analytics_main, now model.dbt_euromillions_lkh.silver_draws)
[0m22:50:16.158400 [debug] [Thread-1 (]: Began compiling node model.dbt_euromillions_lkh.silver_draws
[0m22:50:16.240602 [debug] [Thread-1 (]: Writing injected SQL for node "model.dbt_euromillions_lkh.silver_draws"
[0m22:50:16.263638 [debug] [Thread-1 (]: Began executing node model.dbt_euromillions_lkh.silver_draws
[0m22:50:16.300104 [debug] [Thread-1 (]: Writing runtime sql for node "model.dbt_euromillions_lkh.silver_draws"
[0m22:50:16.316653 [debug] [Thread-1 (]: Using duckdb connection "model.dbt_euromillions_lkh.silver_draws"
[0m22:50:16.318157 [debug] [Thread-1 (]: On model.dbt_euromillions_lkh.silver_draws: BEGIN
[0m22:50:16.319743 [debug] [Thread-1 (]: Opening a new connection, currently in state closed
[0m22:50:16.322351 [debug] [Thread-1 (]: SQL status: OK in 0.003 seconds
[0m22:50:16.324060 [debug] [Thread-1 (]: Using duckdb connection "model.dbt_euromillions_lkh.silver_draws"
[0m22:50:16.325462 [debug] [Thread-1 (]: On model.dbt_euromillions_lkh.silver_draws: /* {"app": "dbt", "dbt_version": "1.10.6", "profile_name": "dbt_euromillions_lkh", "target_name": "dev", "node_id": "model.dbt_euromillions_lkh.silver_draws"} */

  
  create view "analytics"."main"."silver_draws__dbt_tmp" as (
    select
    draw_id,
    draw_date,
    jackpot_amount

from silver_draws

where jackpot_amount > 0
  );

[0m22:50:16.341483 [debug] [Thread-1 (]: DuckDB adapter: Error running SQL: /* {"app": "dbt", "dbt_version": "1.10.6", "profile_name": "dbt_euromillions_lkh", "target_name": "dev", "node_id": "model.dbt_euromillions_lkh.silver_draws"} */

  
  create view "analytics"."main"."silver_draws__dbt_tmp" as (
    select
    draw_id,
    draw_date,
    jackpot_amount

from silver_draws

where jackpot_amount > 0
  );

[0m22:50:16.343227 [debug] [Thread-1 (]: DuckDB adapter: Rolling back transaction.
[0m22:50:16.345615 [debug] [Thread-1 (]: On model.dbt_euromillions_lkh.silver_draws: ROLLBACK
[0m22:50:16.355918 [debug] [Thread-1 (]: Failed to rollback 'model.dbt_euromillions_lkh.silver_draws'
[0m22:50:16.357508 [debug] [Thread-1 (]: On model.dbt_euromillions_lkh.silver_draws: Close
[0m22:50:16.361281 [debug] [Thread-1 (]: Runtime Error in model silver_draws (models/silver/silver_draws.sql)
  Catalog Error: Table with name silver_draws does not exist!
  Did you mean "raw_silver_draws"?
  
  LINE 10: from silver_draws
                ^
[0m22:50:16.364154 [debug] [Thread-1 (]: Sending event: {'category': 'dbt', 'action': 'run_model', 'label': '646939c6-15c9-461f-8e9c-f443af08619d', 'context': [<snowplow_tracker.self_describing_json.SelfDescribingJson object at 0x785c0b79c390>]}
[0m22:50:16.366034 [error] [Thread-1 (]: 1 of 2 ERROR creating sql view model main.silver_draws ......................... [[31mERROR[0m in 0.21s]
[0m22:50:16.368876 [debug] [Thread-1 (]: Finished running node model.dbt_euromillions_lkh.silver_draws
[0m22:50:16.371596 [debug] [Thread-7 (]: Marking all children of 'model.dbt_euromillions_lkh.silver_draws' to be skipped because of status 'error'.  Reason: Runtime Error in model silver_draws (models/silver/silver_draws.sql)
  Catalog Error: Table with name silver_draws does not exist!
  Did you mean "raw_silver_draws"?
  
  LINE 10: from silver_draws
                ^.
[0m22:50:16.374568 [debug] [Thread-3 (]: Began running node model.dbt_euromillions_lkh.gold_jackpot_trends
[0m22:50:16.376244 [info ] [Thread-3 (]: 2 of 2 SKIP relation main.gold_jackpot_trends .................................. [[33mSKIP[0m]
[0m22:50:16.378194 [debug] [Thread-3 (]: Finished running node model.dbt_euromillions_lkh.gold_jackpot_trends
[0m22:50:16.384002 [debug] [MainThread]: Using duckdb connection "master"
[0m22:50:16.388151 [debug] [MainThread]: On master: BEGIN
[0m22:50:16.390324 [debug] [MainThread]: Opening a new connection, currently in state closed
[0m22:50:16.392931 [debug] [MainThread]: SQL status: OK in 0.003 seconds
[0m22:50:16.394860 [debug] [MainThread]: On master: COMMIT
[0m22:50:16.396766 [debug] [MainThread]: Using duckdb connection "master"
[0m22:50:16.399597 [debug] [MainThread]: On master: COMMIT
[0m22:50:16.402978 [debug] [MainThread]: SQL status: OK in 0.001 seconds
[0m22:50:16.404858 [debug] [MainThread]: On master: Close
[0m22:50:16.406673 [debug] [MainThread]: Connection 'master' was properly closed.
[0m22:50:16.408449 [debug] [MainThread]: Connection 'model.dbt_euromillions_lkh.silver_draws' was properly closed.
[0m22:50:16.410184 [info ] [MainThread]: 
[0m22:50:16.412121 [info ] [MainThread]: Finished running 2 view models in 0 hours 0 minutes and 0.61 seconds (0.61s).
[0m22:50:16.415226 [debug] [MainThread]: Command end result
[0m22:50:16.459648 [debug] [MainThread]: Wrote artifact WritableManifest to /app/dbt_euromillions_lkh/target/manifest.json
[0m22:50:16.470896 [debug] [MainThread]: Wrote artifact SemanticManifest to /app/dbt_euromillions_lkh/target/semantic_manifest.json
[0m22:50:16.485155 [debug] [MainThread]: Wrote artifact RunExecutionResult to /app/dbt_euromillions_lkh/target/run_results.json
[0m22:50:16.486733 [info ] [MainThread]: 
[0m22:50:16.489713 [info ] [MainThread]: [31mCompleted with 1 error, 0 partial successes, and 0 warnings:[0m
[0m22:50:16.491821 [info ] [MainThread]: 
[0m22:50:16.494480 [error] [MainThread]: [31mFailure in model silver_draws (models/silver/silver_draws.sql)[0m
[0m22:50:16.497257 [error] [MainThread]:   Runtime Error in model silver_draws (models/silver/silver_draws.sql)
  Catalog Error: Table with name silver_draws does not exist!
  Did you mean "raw_silver_draws"?
  
  LINE 10: from silver_draws
                ^
[0m22:50:16.499695 [info ] [MainThread]: 
[0m22:50:16.502692 [info ] [MainThread]:   compiled code at target/compiled/dbt_euromillions_lkh/models/silver/silver_draws.sql
[0m22:50:16.505969 [info ] [MainThread]: 
[0m22:50:16.508303 [info ] [MainThread]: Done. PASS=0 WARN=0 ERROR=1 SKIP=1 NO-OP=0 TOTAL=2
[0m22:50:16.512982 [debug] [MainThread]: Resource report: {"command_name": "run", "command_success": false, "command_wall_clock_time": 1.9458421, "process_in_blocks": "174872", "process_kernel_time": 0.568848, "process_mem_max_rss": "152744", "process_out_blocks": "0", "process_user_time": 2.581699}
[0m22:50:16.515649 [debug] [MainThread]: Command `dbt run` failed at 22:50:16.515151 after 1.95 seconds
[0m22:50:16.518149 [debug] [MainThread]: Sending event: {'category': 'dbt', 'action': 'invocation', 'label': 'end', 'context': [<snowplow_tracker.self_describing_json.SelfDescribingJson object at 0x785c0b9635d0>, <snowplow_tracker.self_describing_json.SelfDescribingJson object at 0x785c14428a90>, <snowplow_tracker.self_describing_json.SelfDescribingJson object at 0x785c0f9db550>]}
[0m22:50:16.521231 [debug] [MainThread]: Flushing usage events
[0m22:50:16.981635 [debug] [MainThread]: An error was encountered while trying to flush usage events
[0m22:51:57.539955 [debug] [MainThread]: Sending event: {'category': 'dbt', 'action': 'invocation', 'label': 'start', 'context': [<snowplow_tracker.self_describing_json.SelfDescribingJson object at 0x70114c0fd750>, <snowplow_tracker.self_describing_json.SelfDescribingJson object at 0x70114c0fec10>, <snowplow_tracker.self_describing_json.SelfDescribingJson object at 0x70114c33a910>]}


============================== 22:51:57.546893 | 237878e6-57b1-4ff3-98f6-e69f1cea2324 ==============================
[0m22:51:57.546893 [info ] [MainThread]: Running with dbt=1.10.6
[0m22:51:57.549421 [debug] [MainThread]: running dbt with arguments {'printer_width': '80', 'indirect_selection': 'eager', 'log_cache_events': 'False', 'write_json': 'True', 'partial_parse': 'True', 'cache_selected_only': 'False', 'warn_error': 'None', 'version_check': 'True', 'profiles_dir': '/root/.dbt', 'log_path': '/app/dbt_euromillions_lkh/logs', 'fail_fast': 'False', 'debug': 'False', 'use_colors': 'True', 'use_experimental_parser': 'False', 'empty': 'False', 'quiet': 'False', 'no_print': 'None', 'log_format': 'default', 'static_parser': 'True', 'invocation_command': 'dbt run', 'warn_error_options': 'WarnErrorOptionsV2(error=[], warn=[], silence=[])', 'target_path': 'None', 'introspect': 'True', 'send_anonymous_usage_stats': 'True'}
[0m22:51:57.959798 [debug] [MainThread]: Sending event: {'category': 'dbt', 'action': 'project_id', 'label': '237878e6-57b1-4ff3-98f6-e69f1cea2324', 'context': [<snowplow_tracker.self_describing_json.SelfDescribingJson object at 0x701148948710>]}
[0m22:51:58.034189 [debug] [MainThread]: Sending event: {'category': 'dbt', 'action': 'adapter_info', 'label': '237878e6-57b1-4ff3-98f6-e69f1cea2324', 'context': [<snowplow_tracker.self_describing_json.SelfDescribingJson object at 0x70114f102310>]}
[0m22:51:58.038516 [info ] [MainThread]: Registered adapter: duckdb=1.9.4
[0m22:51:58.186836 [debug] [MainThread]: checksum: f6e4baf4de20596ffb9d14e6ef805989eb0e1950dedc3cc83d03f20aa023904c, vars: {}, profile: , target: , version: 1.10.6
[0m22:51:58.483582 [debug] [MainThread]: Partial parsing enabled: 0 files deleted, 0 files added, 1 files changed.
[0m22:51:58.485442 [debug] [MainThread]: Partial parsing: updated file: dbt_euromillions_lkh://models/silver/silver_draws.sql
[0m22:51:58.742351 [warn ] [MainThread]: [[33mWARNING[0m]: Configuration paths exist in your dbt_project.yml file which do not apply to any resources.
There are 1 unused configuration paths:
- models.dbt_euromillions_lkh.example
[0m22:51:58.754027 [debug] [MainThread]: Sending event: {'category': 'dbt', 'action': 'load_project', 'label': '237878e6-57b1-4ff3-98f6-e69f1cea2324', 'context': [<snowplow_tracker.self_describing_json.SelfDescribingJson object at 0x701147e7ad90>]}
[0m22:51:58.866140 [debug] [MainThread]: Wrote artifact WritableManifest to /app/dbt_euromillions_lkh/target/manifest.json
[0m22:51:58.876812 [debug] [MainThread]: Wrote artifact SemanticManifest to /app/dbt_euromillions_lkh/target/semantic_manifest.json
[0m22:51:58.978506 [debug] [MainThread]: Sending event: {'category': 'dbt', 'action': 'resource_counts', 'label': '237878e6-57b1-4ff3-98f6-e69f1cea2324', 'context': [<snowplow_tracker.self_describing_json.SelfDescribingJson object at 0x701147c9ac50>]}
[0m22:51:58.980540 [info ] [MainThread]: Found 2 models, 429 macros
[0m22:51:58.984831 [debug] [MainThread]: Sending event: {'category': 'dbt', 'action': 'runnable_timing', 'label': '237878e6-57b1-4ff3-98f6-e69f1cea2324', 'context': [<snowplow_tracker.self_describing_json.SelfDescribingJson object at 0x701147d7e5d0>]}
[0m22:51:58.988979 [info ] [MainThread]: 
[0m22:51:58.990863 [info ] [MainThread]: Concurrency: 4 threads (target='dev')
[0m22:51:58.993199 [info ] [MainThread]: 
[0m22:51:58.995927 [debug] [MainThread]: Acquiring new duckdb connection 'master'
[0m22:51:59.010188 [debug] [ThreadPool]: Acquiring new duckdb connection 'list_analytics'
[0m22:51:59.085684 [debug] [ThreadPool]: Using duckdb connection "list_analytics"
[0m22:51:59.087095 [debug] [ThreadPool]: On list_analytics: /* {"app": "dbt", "dbt_version": "1.10.6", "profile_name": "dbt_euromillions_lkh", "target_name": "dev", "connection_name": "list_analytics"} */

    
    select schema_name
    from system.information_schema.schemata
    
    where lower(catalog_name) = '"analytics"'
    
  
  
[0m22:51:59.088554 [debug] [ThreadPool]: Opening a new connection, currently in state init
[0m22:51:59.235779 [debug] [ThreadPool]: SQL status: OK in 0.147 seconds
[0m22:51:59.239146 [debug] [ThreadPool]: On list_analytics: Close
[0m22:51:59.241780 [debug] [ThreadPool]: Re-using an available connection from the pool (formerly list_analytics, now create_analytics_main)
[0m22:51:59.243501 [debug] [ThreadPool]: Creating schema "database: "analytics"
schema: "main"
"
[0m22:51:59.252594 [debug] [ThreadPool]: Using duckdb connection "create_analytics_main"
[0m22:51:59.254227 [debug] [ThreadPool]: On create_analytics_main: /* {"app": "dbt", "dbt_version": "1.10.6", "profile_name": "dbt_euromillions_lkh", "target_name": "dev", "connection_name": "create_analytics_main"} */

    
        select type from duckdb_databases()
        where lower(database_name)='analytics'
        and type='sqlite'
    
  
[0m22:51:59.256026 [debug] [ThreadPool]: Opening a new connection, currently in state closed
[0m22:51:59.258865 [debug] [ThreadPool]: SQL status: OK in 0.003 seconds
[0m22:51:59.261808 [debug] [ThreadPool]: Using duckdb connection "create_analytics_main"
[0m22:51:59.263400 [debug] [ThreadPool]: On create_analytics_main: BEGIN
[0m22:51:59.265755 [debug] [ThreadPool]: SQL status: OK in 0.001 seconds
[0m22:51:59.268232 [debug] [ThreadPool]: Using duckdb connection "create_analytics_main"
[0m22:51:59.270743 [debug] [ThreadPool]: On create_analytics_main: /* {"app": "dbt", "dbt_version": "1.10.6", "profile_name": "dbt_euromillions_lkh", "target_name": "dev", "connection_name": "create_analytics_main"} */

    
    
        create schema if not exists "analytics"."main"
    
[0m22:51:59.273112 [debug] [ThreadPool]: SQL status: OK in 0.001 seconds
[0m22:51:59.276391 [debug] [ThreadPool]: On create_analytics_main: COMMIT
[0m22:51:59.287189 [debug] [ThreadPool]: Using duckdb connection "create_analytics_main"
[0m22:51:59.291290 [debug] [ThreadPool]: On create_analytics_main: COMMIT
[0m22:51:59.297064 [debug] [ThreadPool]: SQL status: OK in 0.002 seconds
[0m22:51:59.302666 [debug] [ThreadPool]: On create_analytics_main: Close
[0m22:51:59.307156 [debug] [ThreadPool]: Re-using an available connection from the pool (formerly create_analytics_main, now list_analytics_main)
[0m22:51:59.315606 [debug] [ThreadPool]: Using duckdb connection "list_analytics_main"
[0m22:51:59.317263 [debug] [ThreadPool]: On list_analytics_main: BEGIN
[0m22:51:59.318515 [debug] [ThreadPool]: Opening a new connection, currently in state closed
[0m22:51:59.320920 [debug] [ThreadPool]: SQL status: OK in 0.002 seconds
[0m22:51:59.322085 [debug] [ThreadPool]: Using duckdb connection "list_analytics_main"
[0m22:51:59.323414 [debug] [ThreadPool]: On list_analytics_main: /* {"app": "dbt", "dbt_version": "1.10.6", "profile_name": "dbt_euromillions_lkh", "target_name": "dev", "connection_name": "list_analytics_main"} */
select
      'analytics' as database,
      table_name as name,
      table_schema as schema,
      CASE table_type
        WHEN 'BASE TABLE' THEN 'table'
        WHEN 'VIEW' THEN 'view'
        WHEN 'LOCAL TEMPORARY' THEN 'table'
        END as type
    from system.information_schema.tables
    where lower(table_schema) = 'main'
    and lower(table_catalog) = 'analytics'
  
[0m22:51:59.338430 [debug] [ThreadPool]: SQL status: OK in 0.014 seconds
[0m22:51:59.341221 [debug] [ThreadPool]: On list_analytics_main: ROLLBACK
[0m22:51:59.343412 [debug] [ThreadPool]: Failed to rollback 'list_analytics_main'
[0m22:51:59.344857 [debug] [ThreadPool]: On list_analytics_main: Close
[0m22:51:59.347344 [debug] [MainThread]: Sending event: {'category': 'dbt', 'action': 'runnable_timing', 'label': '237878e6-57b1-4ff3-98f6-e69f1cea2324', 'context': [<snowplow_tracker.self_describing_json.SelfDescribingJson object at 0x701147b4b690>]}
[0m22:51:59.349303 [debug] [MainThread]: Using duckdb connection "master"
[0m22:51:59.350766 [debug] [MainThread]: On master: BEGIN
[0m22:51:59.351969 [debug] [MainThread]: Opening a new connection, currently in state init
[0m22:51:59.354747 [debug] [MainThread]: SQL status: OK in 0.003 seconds
[0m22:51:59.356677 [debug] [MainThread]: On master: COMMIT
[0m22:51:59.358088 [debug] [MainThread]: Using duckdb connection "master"
[0m22:51:59.359599 [debug] [MainThread]: On master: COMMIT
[0m22:51:59.361484 [debug] [MainThread]: SQL status: OK in 0.000 seconds
[0m22:51:59.362734 [debug] [MainThread]: On master: Close
[0m22:51:59.369597 [debug] [Thread-1 (]: Began running node model.dbt_euromillions_lkh.silver_draws
[0m22:51:59.371507 [info ] [Thread-1 (]: 1 of 2 START sql view model main.silver_draws .................................. [RUN]
[0m22:51:59.373685 [debug] [Thread-1 (]: Re-using an available connection from the pool (formerly list_analytics_main, now model.dbt_euromillions_lkh.silver_draws)
[0m22:51:59.375445 [debug] [Thread-1 (]: Began compiling node model.dbt_euromillions_lkh.silver_draws
[0m22:51:59.385473 [debug] [Thread-1 (]: Writing injected SQL for node "model.dbt_euromillions_lkh.silver_draws"
[0m22:51:59.400348 [debug] [Thread-1 (]: Began executing node model.dbt_euromillions_lkh.silver_draws
[0m22:51:59.437469 [debug] [Thread-1 (]: Writing runtime sql for node "model.dbt_euromillions_lkh.silver_draws"
[0m22:51:59.451552 [debug] [Thread-1 (]: Using duckdb connection "model.dbt_euromillions_lkh.silver_draws"
[0m22:51:59.453134 [debug] [Thread-1 (]: On model.dbt_euromillions_lkh.silver_draws: BEGIN
[0m22:51:59.454633 [debug] [Thread-1 (]: Opening a new connection, currently in state closed
[0m22:51:59.457218 [debug] [Thread-1 (]: SQL status: OK in 0.003 seconds
[0m22:51:59.458635 [debug] [Thread-1 (]: Using duckdb connection "model.dbt_euromillions_lkh.silver_draws"
[0m22:51:59.460091 [debug] [Thread-1 (]: On model.dbt_euromillions_lkh.silver_draws: /* {"app": "dbt", "dbt_version": "1.10.6", "profile_name": "dbt_euromillions_lkh", "target_name": "dev", "node_id": "model.dbt_euromillions_lkh.silver_draws"} */

  
  create view "analytics"."main"."silver_draws__dbt_tmp" as (
    select
    draw_id,
    draw_date,
    jackpot_amount

from raw_silver_draws

where jackpot_amount > 0
  );

[0m22:51:59.462291 [debug] [Thread-1 (]: SQL status: OK in 0.001 seconds
[0m22:51:59.473165 [debug] [Thread-1 (]: Using duckdb connection "model.dbt_euromillions_lkh.silver_draws"
[0m22:51:59.475058 [debug] [Thread-1 (]: On model.dbt_euromillions_lkh.silver_draws: /* {"app": "dbt", "dbt_version": "1.10.6", "profile_name": "dbt_euromillions_lkh", "target_name": "dev", "node_id": "model.dbt_euromillions_lkh.silver_draws"} */
alter view "analytics"."main"."silver_draws__dbt_tmp" rename to "silver_draws"
[0m22:51:59.477432 [debug] [Thread-1 (]: SQL status: OK in 0.001 seconds
[0m22:51:59.489123 [debug] [Thread-1 (]: On model.dbt_euromillions_lkh.silver_draws: COMMIT
[0m22:51:59.490963 [debug] [Thread-1 (]: Using duckdb connection "model.dbt_euromillions_lkh.silver_draws"
[0m22:51:59.492626 [debug] [Thread-1 (]: On model.dbt_euromillions_lkh.silver_draws: COMMIT
[0m22:51:59.501977 [debug] [Thread-1 (]: SQL status: OK in 0.007 seconds
[0m22:51:59.511644 [debug] [Thread-1 (]: Using duckdb connection "model.dbt_euromillions_lkh.silver_draws"
[0m22:51:59.513605 [debug] [Thread-1 (]: On model.dbt_euromillions_lkh.silver_draws: /* {"app": "dbt", "dbt_version": "1.10.6", "profile_name": "dbt_euromillions_lkh", "target_name": "dev", "node_id": "model.dbt_euromillions_lkh.silver_draws"} */

      drop view if exists "analytics"."main"."silver_draws__dbt_backup" cascade
    
[0m22:51:59.516603 [debug] [Thread-1 (]: SQL status: OK in 0.001 seconds
[0m22:51:59.522099 [debug] [Thread-1 (]: On model.dbt_euromillions_lkh.silver_draws: Close
[0m22:51:59.533227 [debug] [Thread-1 (]: Sending event: {'category': 'dbt', 'action': 'run_model', 'label': '237878e6-57b1-4ff3-98f6-e69f1cea2324', 'context': [<snowplow_tracker.self_describing_json.SelfDescribingJson object at 0x701146080110>]}
[0m22:51:59.535495 [info ] [Thread-1 (]: 1 of 2 OK created sql view model main.silver_draws ............................. [[32mOK[0m in 0.15s]
[0m22:51:59.538008 [debug] [Thread-1 (]: Finished running node model.dbt_euromillions_lkh.silver_draws
[0m22:51:59.540322 [debug] [Thread-3 (]: Began running node model.dbt_euromillions_lkh.gold_jackpot_trends
[0m22:51:59.541946 [info ] [Thread-3 (]: 2 of 2 START sql view model main.gold_jackpot_trends ........................... [RUN]
[0m22:51:59.544265 [debug] [Thread-3 (]: Acquiring new duckdb connection 'model.dbt_euromillions_lkh.gold_jackpot_trends'
[0m22:51:59.546701 [debug] [Thread-3 (]: Began compiling node model.dbt_euromillions_lkh.gold_jackpot_trends
[0m22:51:59.554360 [debug] [Thread-3 (]: Writing injected SQL for node "model.dbt_euromillions_lkh.gold_jackpot_trends"
[0m22:51:59.585089 [debug] [Thread-3 (]: Began executing node model.dbt_euromillions_lkh.gold_jackpot_trends
[0m22:51:59.591058 [debug] [Thread-3 (]: Writing runtime sql for node "model.dbt_euromillions_lkh.gold_jackpot_trends"
[0m22:51:59.614627 [debug] [Thread-3 (]: Using duckdb connection "model.dbt_euromillions_lkh.gold_jackpot_trends"
[0m22:51:59.616818 [debug] [Thread-3 (]: On model.dbt_euromillions_lkh.gold_jackpot_trends: BEGIN
[0m22:51:59.618721 [debug] [Thread-3 (]: Opening a new connection, currently in state init
[0m22:51:59.621178 [debug] [Thread-3 (]: SQL status: OK in 0.002 seconds
[0m22:51:59.623000 [debug] [Thread-3 (]: Using duckdb connection "model.dbt_euromillions_lkh.gold_jackpot_trends"
[0m22:51:59.624698 [debug] [Thread-3 (]: On model.dbt_euromillions_lkh.gold_jackpot_trends: /* {"app": "dbt", "dbt_version": "1.10.6", "profile_name": "dbt_euromillions_lkh", "target_name": "dev", "node_id": "model.dbt_euromillions_lkh.gold_jackpot_trends"} */

  
  create view "analytics"."main"."gold_jackpot_trends__dbt_tmp" as (
    with source_data as (

    select *
    from "analytics"."main"."silver_draws"

)

select
    year(draw_date) as draw_year,

    count(*) as total_draws,

    avg(jackpot_amount) as avg_jackpot,

    max(jackpot_amount) as max_jackpot,

    min(jackpot_amount) as min_jackpot,

    sum(jackpot_amount) as total_jackpot_amount

from source_data

group by 1

order by 1
  );

[0m22:51:59.628226 [debug] [Thread-3 (]: SQL status: OK in 0.002 seconds
[0m22:51:59.633963 [debug] [Thread-3 (]: Using duckdb connection "model.dbt_euromillions_lkh.gold_jackpot_trends"
[0m22:51:59.635547 [debug] [Thread-3 (]: On model.dbt_euromillions_lkh.gold_jackpot_trends: /* {"app": "dbt", "dbt_version": "1.10.6", "profile_name": "dbt_euromillions_lkh", "target_name": "dev", "node_id": "model.dbt_euromillions_lkh.gold_jackpot_trends"} */
alter view "analytics"."main"."gold_jackpot_trends__dbt_tmp" rename to "gold_jackpot_trends"
[0m22:51:59.638000 [debug] [Thread-3 (]: SQL status: OK in 0.001 seconds
[0m22:51:59.640946 [debug] [Thread-3 (]: On model.dbt_euromillions_lkh.gold_jackpot_trends: COMMIT
[0m22:51:59.642672 [debug] [Thread-3 (]: Using duckdb connection "model.dbt_euromillions_lkh.gold_jackpot_trends"
[0m22:51:59.644369 [debug] [Thread-3 (]: On model.dbt_euromillions_lkh.gold_jackpot_trends: COMMIT
[0m22:51:59.653514 [debug] [Thread-3 (]: SQL status: OK in 0.007 seconds
[0m22:51:59.656934 [debug] [Thread-3 (]: Using duckdb connection "model.dbt_euromillions_lkh.gold_jackpot_trends"
[0m22:51:59.658629 [debug] [Thread-3 (]: On model.dbt_euromillions_lkh.gold_jackpot_trends: /* {"app": "dbt", "dbt_version": "1.10.6", "profile_name": "dbt_euromillions_lkh", "target_name": "dev", "node_id": "model.dbt_euromillions_lkh.gold_jackpot_trends"} */

      drop view if exists "analytics"."main"."gold_jackpot_trends__dbt_backup" cascade
    
[0m22:51:59.661210 [debug] [Thread-3 (]: SQL status: OK in 0.001 seconds
[0m22:51:59.663962 [debug] [Thread-3 (]: On model.dbt_euromillions_lkh.gold_jackpot_trends: Close
[0m22:51:59.666442 [debug] [Thread-3 (]: Sending event: {'category': 'dbt', 'action': 'run_model', 'label': '237878e6-57b1-4ff3-98f6-e69f1cea2324', 'context': [<snowplow_tracker.self_describing_json.SelfDescribingJson object at 0x7011460e1ad0>]}
[0m22:51:59.668575 [info ] [Thread-3 (]: 2 of 2 OK created sql view model main.gold_jackpot_trends ...................... [[32mOK[0m in 0.12s]
[0m22:51:59.670811 [debug] [Thread-3 (]: Finished running node model.dbt_euromillions_lkh.gold_jackpot_trends
[0m22:51:59.674659 [debug] [MainThread]: Using duckdb connection "master"
[0m22:51:59.676043 [debug] [MainThread]: On master: BEGIN
[0m22:51:59.677916 [debug] [MainThread]: Opening a new connection, currently in state closed
[0m22:51:59.680693 [debug] [MainThread]: SQL status: OK in 0.003 seconds
[0m22:51:59.683745 [debug] [MainThread]: On master: COMMIT
[0m22:51:59.686070 [debug] [MainThread]: Using duckdb connection "master"
[0m22:51:59.687430 [debug] [MainThread]: On master: COMMIT
[0m22:51:59.689350 [debug] [MainThread]: SQL status: OK in 0.001 seconds
[0m22:51:59.690692 [debug] [MainThread]: On master: Close
[0m22:51:59.692143 [debug] [MainThread]: Connection 'master' was properly closed.
[0m22:51:59.693338 [debug] [MainThread]: Connection 'model.dbt_euromillions_lkh.silver_draws' was properly closed.
[0m22:51:59.694674 [debug] [MainThread]: Connection 'model.dbt_euromillions_lkh.gold_jackpot_trends' was properly closed.
[0m22:51:59.696126 [info ] [MainThread]: 
[0m22:51:59.698417 [info ] [MainThread]: Finished running 2 view models in 0 hours 0 minutes and 0.70 seconds (0.70s).
[0m22:51:59.701995 [debug] [MainThread]: Command end result
[0m22:51:59.758285 [debug] [MainThread]: Wrote artifact WritableManifest to /app/dbt_euromillions_lkh/target/manifest.json
[0m22:51:59.766969 [debug] [MainThread]: Wrote artifact SemanticManifest to /app/dbt_euromillions_lkh/target/semantic_manifest.json
[0m22:51:59.782039 [debug] [MainThread]: Wrote artifact RunExecutionResult to /app/dbt_euromillions_lkh/target/run_results.json
[0m22:51:59.783932 [info ] [MainThread]: 
[0m22:51:59.785975 [info ] [MainThread]: [32mCompleted successfully[0m
[0m22:51:59.788097 [info ] [MainThread]: 
[0m22:51:59.790365 [info ] [MainThread]: Done. PASS=2 WARN=0 ERROR=0 SKIP=0 NO-OP=0 TOTAL=2
[0m22:51:59.794947 [debug] [MainThread]: Resource report: {"command_name": "run", "command_success": true, "command_wall_clock_time": 2.334971, "process_in_blocks": "170400", "process_kernel_time": 0.486392, "process_mem_max_rss": "153912", "process_out_blocks": "0", "process_user_time": 2.958886}
[0m22:51:59.796985 [debug] [MainThread]: Command `dbt run` succeeded at 22:51:59.796784 after 2.34 seconds
[0m22:51:59.799027 [debug] [MainThread]: Sending event: {'category': 'dbt', 'action': 'invocation', 'label': 'end', 'context': [<snowplow_tracker.self_describing_json.SelfDescribingJson object at 0x70114c3ae290>, <snowplow_tracker.self_describing_json.SelfDescribingJson object at 0x701150b254d0>, <snowplow_tracker.self_describing_json.SelfDescribingJson object at 0x701150b25610>]}
[0m22:51:59.801349 [debug] [MainThread]: Flushing usage events
[0m22:52:00.256472 [debug] [MainThread]: An error was encountered while trying to flush usage events
[0m08:53:29.719263 [debug] [MainThread]: Sending event: {'category': 'dbt', 'action': 'invocation', 'label': 'start', 'context': [<snowplow_tracker.self_describing_json.SelfDescribingJson object at 0x79c572e3c550>, <snowplow_tracker.self_describing_json.SelfDescribingJson object at 0x79c572e350d0>, <snowplow_tracker.self_describing_json.SelfDescribingJson object at 0x79c572fcc450>]}


============================== 08:53:29.725952 | 6d271ba5-c1e0-44bd-9cde-891d29344df8 ==============================
[0m08:53:29.725952 [info ] [MainThread]: Running with dbt=1.10.6
[0m08:53:29.728220 [debug] [MainThread]: running dbt with arguments {'printer_width': '80', 'indirect_selection': 'eager', 'log_cache_events': 'False', 'write_json': 'True', 'partial_parse': 'True', 'cache_selected_only': 'False', 'profiles_dir': '/root/.dbt', 'debug': 'False', 'fail_fast': 'False', 'log_path': '/app/dbt_euromillions_lkh/logs', 'version_check': 'True', 'warn_error': 'None', 'use_colors': 'True', 'use_experimental_parser': 'False', 'no_print': 'None', 'quiet': 'False', 'empty': 'False', 'log_format': 'default', 'introspect': 'True', 'static_parser': 'True', 'warn_error_options': 'WarnErrorOptionsV2(error=[], warn=[], silence=[])', 'target_path': 'None', 'invocation_command': 'dbt run', 'send_anonymous_usage_stats': 'True'}
[0m08:53:30.100447 [debug] [MainThread]: Sending event: {'category': 'dbt', 'action': 'project_id', 'label': '6d271ba5-c1e0-44bd-9cde-891d29344df8', 'context': [<snowplow_tracker.self_describing_json.SelfDescribingJson object at 0x79c56ede99d0>]}
[0m08:53:30.163643 [debug] [MainThread]: Sending event: {'category': 'dbt', 'action': 'adapter_info', 'label': '6d271ba5-c1e0-44bd-9cde-891d29344df8', 'context': [<snowplow_tracker.self_describing_json.SelfDescribingJson object at 0x79c575e1de50>]}
[0m08:53:30.168435 [info ] [MainThread]: Registered adapter: duckdb=1.9.4
[0m08:53:30.314396 [debug] [MainThread]: checksum: f6e4baf4de20596ffb9d14e6ef805989eb0e1950dedc3cc83d03f20aa023904c, vars: {}, profile: , target: , version: 1.10.6
[0m08:53:30.415678 [info ] [MainThread]: Unable to do partial parsing because a project config has changed
[0m08:53:30.418025 [debug] [MainThread]: Sending event: {'category': 'dbt', 'action': 'partial_parser', 'label': '6d271ba5-c1e0-44bd-9cde-891d29344df8', 'context': [<snowplow_tracker.self_describing_json.SelfDescribingJson object at 0x79c573dd0310>]}
[0m08:53:31.733780 [debug] [MainThread]: Sending event: {'category': 'dbt', 'action': 'load_project', 'label': '6d271ba5-c1e0-44bd-9cde-891d29344df8', 'context': [<snowplow_tracker.self_describing_json.SelfDescribingJson object at 0x79c572d37b50>]}
[0m08:53:31.857638 [debug] [MainThread]: Wrote artifact WritableManifest to /app/dbt_euromillions_lkh/target/manifest.json
[0m08:53:31.878207 [debug] [MainThread]: Wrote artifact SemanticManifest to /app/dbt_euromillions_lkh/target/semantic_manifest.json
[0m08:53:31.954587 [debug] [MainThread]: Sending event: {'category': 'dbt', 'action': 'resource_counts', 'label': '6d271ba5-c1e0-44bd-9cde-891d29344df8', 'context': [<snowplow_tracker.self_describing_json.SelfDescribingJson object at 0x79c56e9af650>]}
[0m08:53:31.956850 [info ] [MainThread]: Found 2 models, 429 macros
[0m08:53:31.959530 [debug] [MainThread]: Sending event: {'category': 'dbt', 'action': 'runnable_timing', 'label': '6d271ba5-c1e0-44bd-9cde-891d29344df8', 'context': [<snowplow_tracker.self_describing_json.SelfDescribingJson object at 0x79c56ea3fc90>]}
[0m08:53:31.963935 [info ] [MainThread]: 
[0m08:53:31.965757 [info ] [MainThread]: Concurrency: 4 threads (target='dev')
[0m08:53:31.969413 [info ] [MainThread]: 
[0m08:53:31.971642 [debug] [MainThread]: Acquiring new duckdb connection 'master'
[0m08:53:31.980731 [debug] [ThreadPool]: Acquiring new duckdb connection 'list_analytics'
[0m08:53:32.090127 [debug] [ThreadPool]: Using duckdb connection "list_analytics"
[0m08:53:32.091455 [debug] [ThreadPool]: On list_analytics: /* {"app": "dbt", "dbt_version": "1.10.6", "profile_name": "dbt_euromillions_lkh", "target_name": "dev", "connection_name": "list_analytics"} */

    
    select schema_name
    from system.information_schema.schemata
    
    where lower(catalog_name) = '"analytics"'
    
  
  
[0m08:53:32.092849 [debug] [ThreadPool]: Opening a new connection, currently in state init
[0m08:53:32.277183 [debug] [ThreadPool]: SQL status: OK in 0.184 seconds
[0m08:53:32.290377 [debug] [ThreadPool]: On list_analytics: Close
[0m08:53:32.293920 [debug] [ThreadPool]: Re-using an available connection from the pool (formerly list_analytics, now create_analytics_main)
[0m08:53:32.296426 [debug] [ThreadPool]: Creating schema "database: "analytics"
schema: "main"
"
[0m08:53:32.313968 [debug] [ThreadPool]: Using duckdb connection "create_analytics_main"
[0m08:53:32.315412 [debug] [ThreadPool]: On create_analytics_main: /* {"app": "dbt", "dbt_version": "1.10.6", "profile_name": "dbt_euromillions_lkh", "target_name": "dev", "connection_name": "create_analytics_main"} */

    
        select type from duckdb_databases()
        where lower(database_name)='analytics'
        and type='sqlite'
    
  
[0m08:53:32.318256 [debug] [ThreadPool]: Opening a new connection, currently in state closed
[0m08:53:32.321764 [debug] [ThreadPool]: SQL status: OK in 0.003 seconds
[0m08:53:32.324139 [debug] [ThreadPool]: Using duckdb connection "create_analytics_main"
[0m08:53:32.325500 [debug] [ThreadPool]: On create_analytics_main: BEGIN
[0m08:53:32.327973 [debug] [ThreadPool]: SQL status: OK in 0.001 seconds
[0m08:53:32.329246 [debug] [ThreadPool]: Using duckdb connection "create_analytics_main"
[0m08:53:32.330250 [debug] [ThreadPool]: On create_analytics_main: /* {"app": "dbt", "dbt_version": "1.10.6", "profile_name": "dbt_euromillions_lkh", "target_name": "dev", "connection_name": "create_analytics_main"} */

    
    
        create schema if not exists "analytics"."main"
    
[0m08:53:32.331857 [debug] [ThreadPool]: SQL status: OK in 0.001 seconds
[0m08:53:32.333977 [debug] [ThreadPool]: On create_analytics_main: COMMIT
[0m08:53:32.335595 [debug] [ThreadPool]: Using duckdb connection "create_analytics_main"
[0m08:53:32.336655 [debug] [ThreadPool]: On create_analytics_main: COMMIT
[0m08:53:32.338135 [debug] [ThreadPool]: SQL status: OK in 0.000 seconds
[0m08:53:32.339252 [debug] [ThreadPool]: On create_analytics_main: Close
[0m08:53:32.341926 [debug] [ThreadPool]: Re-using an available connection from the pool (formerly create_analytics_main, now list_analytics_main)
[0m08:53:32.348594 [debug] [ThreadPool]: Using duckdb connection "list_analytics_main"
[0m08:53:32.350177 [debug] [ThreadPool]: On list_analytics_main: BEGIN
[0m08:53:32.351842 [debug] [ThreadPool]: Opening a new connection, currently in state closed
[0m08:53:32.353678 [debug] [ThreadPool]: SQL status: OK in 0.002 seconds
[0m08:53:32.354738 [debug] [ThreadPool]: Using duckdb connection "list_analytics_main"
[0m08:53:32.355758 [debug] [ThreadPool]: On list_analytics_main: /* {"app": "dbt", "dbt_version": "1.10.6", "profile_name": "dbt_euromillions_lkh", "target_name": "dev", "connection_name": "list_analytics_main"} */
select
      'analytics' as database,
      table_name as name,
      table_schema as schema,
      CASE table_type
        WHEN 'BASE TABLE' THEN 'table'
        WHEN 'VIEW' THEN 'view'
        WHEN 'LOCAL TEMPORARY' THEN 'table'
        END as type
    from system.information_schema.tables
    where lower(table_schema) = 'main'
    and lower(table_catalog) = 'analytics'
  
[0m08:53:32.373704 [debug] [ThreadPool]: SQL status: OK in 0.017 seconds
[0m08:53:32.377060 [debug] [ThreadPool]: On list_analytics_main: ROLLBACK
[0m08:53:32.379037 [debug] [ThreadPool]: Failed to rollback 'list_analytics_main'
[0m08:53:32.380251 [debug] [ThreadPool]: On list_analytics_main: Close
[0m08:53:32.383199 [debug] [MainThread]: Sending event: {'category': 'dbt', 'action': 'runnable_timing', 'label': '6d271ba5-c1e0-44bd-9cde-891d29344df8', 'context': [<snowplow_tracker.self_describing_json.SelfDescribingJson object at 0x79c56ebf7090>]}
[0m08:53:32.385393 [debug] [MainThread]: Using duckdb connection "master"
[0m08:53:32.386798 [debug] [MainThread]: On master: BEGIN
[0m08:53:32.387826 [debug] [MainThread]: Opening a new connection, currently in state init
[0m08:53:32.389574 [debug] [MainThread]: SQL status: OK in 0.002 seconds
[0m08:53:32.390873 [debug] [MainThread]: On master: COMMIT
[0m08:53:32.391997 [debug] [MainThread]: Using duckdb connection "master"
[0m08:53:32.393037 [debug] [MainThread]: On master: COMMIT
[0m08:53:32.394799 [debug] [MainThread]: SQL status: OK in 0.001 seconds
[0m08:53:32.395937 [debug] [MainThread]: On master: Close
[0m08:53:32.403701 [debug] [Thread-1 (]: Began running node model.dbt_euromillions_lkh.silver_draws
[0m08:53:32.405145 [info ] [Thread-1 (]: 1 of 2 START sql view model main.silver_draws .................................. [RUN]
[0m08:53:32.407347 [debug] [Thread-1 (]: Re-using an available connection from the pool (formerly list_analytics_main, now model.dbt_euromillions_lkh.silver_draws)
[0m08:53:32.408930 [debug] [Thread-1 (]: Began compiling node model.dbt_euromillions_lkh.silver_draws
[0m08:53:32.418554 [debug] [Thread-1 (]: Writing injected SQL for node "model.dbt_euromillions_lkh.silver_draws"
[0m08:53:32.431404 [debug] [Thread-1 (]: Began executing node model.dbt_euromillions_lkh.silver_draws
[0m08:53:32.481252 [debug] [Thread-1 (]: Writing runtime sql for node "model.dbt_euromillions_lkh.silver_draws"
[0m08:53:32.511266 [debug] [Thread-1 (]: Using duckdb connection "model.dbt_euromillions_lkh.silver_draws"
[0m08:53:32.513440 [debug] [Thread-1 (]: On model.dbt_euromillions_lkh.silver_draws: BEGIN
[0m08:53:32.515476 [debug] [Thread-1 (]: Opening a new connection, currently in state closed
[0m08:53:32.519042 [debug] [Thread-1 (]: SQL status: OK in 0.003 seconds
[0m08:53:32.521104 [debug] [Thread-1 (]: Using duckdb connection "model.dbt_euromillions_lkh.silver_draws"
[0m08:53:32.522921 [debug] [Thread-1 (]: On model.dbt_euromillions_lkh.silver_draws: /* {"app": "dbt", "dbt_version": "1.10.6", "profile_name": "dbt_euromillions_lkh", "target_name": "dev", "node_id": "model.dbt_euromillions_lkh.silver_draws"} */

  
  create view "analytics"."main"."silver_draws__dbt_tmp" as (
    select
    draw_id,
    draw_date,
    jackpot_amount

from raw_silver_draws

where jackpot_amount > 0
  );

[0m08:53:32.525629 [debug] [Thread-1 (]: SQL status: OK in 0.001 seconds
[0m08:53:32.537937 [debug] [Thread-1 (]: Using duckdb connection "model.dbt_euromillions_lkh.silver_draws"
[0m08:53:32.539894 [debug] [Thread-1 (]: On model.dbt_euromillions_lkh.silver_draws: /* {"app": "dbt", "dbt_version": "1.10.6", "profile_name": "dbt_euromillions_lkh", "target_name": "dev", "node_id": "model.dbt_euromillions_lkh.silver_draws"} */
alter view "analytics"."main"."silver_draws" rename to "silver_draws__dbt_backup"
[0m08:53:32.542746 [debug] [Thread-1 (]: SQL status: OK in 0.001 seconds
[0m08:53:32.547600 [debug] [Thread-1 (]: Using duckdb connection "model.dbt_euromillions_lkh.silver_draws"
[0m08:53:32.549184 [debug] [Thread-1 (]: On model.dbt_euromillions_lkh.silver_draws: /* {"app": "dbt", "dbt_version": "1.10.6", "profile_name": "dbt_euromillions_lkh", "target_name": "dev", "node_id": "model.dbt_euromillions_lkh.silver_draws"} */
alter view "analytics"."main"."silver_draws__dbt_tmp" rename to "silver_draws"
[0m08:53:32.552141 [debug] [Thread-1 (]: SQL status: OK in 0.001 seconds
[0m08:53:32.568937 [debug] [Thread-1 (]: On model.dbt_euromillions_lkh.silver_draws: COMMIT
[0m08:53:32.570937 [debug] [Thread-1 (]: Using duckdb connection "model.dbt_euromillions_lkh.silver_draws"
[0m08:53:32.572734 [debug] [Thread-1 (]: On model.dbt_euromillions_lkh.silver_draws: COMMIT
[0m08:53:32.580051 [debug] [Thread-1 (]: SQL status: OK in 0.006 seconds
[0m08:53:32.591516 [debug] [Thread-1 (]: Using duckdb connection "model.dbt_euromillions_lkh.silver_draws"
[0m08:53:32.593331 [debug] [Thread-1 (]: On model.dbt_euromillions_lkh.silver_draws: /* {"app": "dbt", "dbt_version": "1.10.6", "profile_name": "dbt_euromillions_lkh", "target_name": "dev", "node_id": "model.dbt_euromillions_lkh.silver_draws"} */

      drop view if exists "analytics"."main"."silver_draws__dbt_backup" cascade
    
[0m08:53:32.598641 [debug] [Thread-1 (]: SQL status: OK in 0.004 seconds
[0m08:53:32.603456 [debug] [Thread-1 (]: On model.dbt_euromillions_lkh.silver_draws: Close
[0m08:53:32.608245 [debug] [Thread-1 (]: Sending event: {'category': 'dbt', 'action': 'run_model', 'label': '6d271ba5-c1e0-44bd-9cde-891d29344df8', 'context': [<snowplow_tracker.self_describing_json.SelfDescribingJson object at 0x79c56d8a9050>]}
[0m08:53:32.610121 [info ] [Thread-1 (]: 1 of 2 OK created sql view model main.silver_draws ............................. [[32mOK[0m in 0.20s]
[0m08:53:32.613178 [debug] [Thread-1 (]: Finished running node model.dbt_euromillions_lkh.silver_draws
[0m08:53:32.617051 [debug] [Thread-3 (]: Began running node model.dbt_euromillions_lkh.gold_jackpot_trends
[0m08:53:32.619633 [info ] [Thread-3 (]: 2 of 2 START sql table model main.gold_jackpot_trends .......................... [RUN]
[0m08:53:32.621768 [debug] [Thread-3 (]: Acquiring new duckdb connection 'model.dbt_euromillions_lkh.gold_jackpot_trends'
[0m08:53:32.623538 [debug] [Thread-3 (]: Began compiling node model.dbt_euromillions_lkh.gold_jackpot_trends
[0m08:53:32.628608 [debug] [Thread-3 (]: Writing injected SQL for node "model.dbt_euromillions_lkh.gold_jackpot_trends"
[0m08:53:32.653787 [debug] [Thread-3 (]: Began executing node model.dbt_euromillions_lkh.gold_jackpot_trends
[0m08:53:32.686695 [debug] [Thread-3 (]: Writing runtime sql for node "model.dbt_euromillions_lkh.gold_jackpot_trends"
[0m08:53:32.706570 [debug] [Thread-3 (]: Using duckdb connection "model.dbt_euromillions_lkh.gold_jackpot_trends"
[0m08:53:32.708442 [debug] [Thread-3 (]: On model.dbt_euromillions_lkh.gold_jackpot_trends: BEGIN
[0m08:53:32.710069 [debug] [Thread-3 (]: Opening a new connection, currently in state init
[0m08:53:32.712846 [debug] [Thread-3 (]: SQL status: OK in 0.003 seconds
[0m08:53:32.714121 [debug] [Thread-3 (]: Using duckdb connection "model.dbt_euromillions_lkh.gold_jackpot_trends"
[0m08:53:32.715695 [debug] [Thread-3 (]: On model.dbt_euromillions_lkh.gold_jackpot_trends: /* {"app": "dbt", "dbt_version": "1.10.6", "profile_name": "dbt_euromillions_lkh", "target_name": "dev", "node_id": "model.dbt_euromillions_lkh.gold_jackpot_trends"} */

  
    
    

    create  table
      "analytics"."main"."gold_jackpot_trends__dbt_tmp"
  
    as (
      with source_data as (

    select *
    from "analytics"."main"."silver_draws"

)

select
    year(draw_date) as draw_year,

    count(*) as total_draws,

    avg(jackpot_amount) as avg_jackpot,

    max(jackpot_amount) as max_jackpot,

    min(jackpot_amount) as min_jackpot,

    sum(jackpot_amount) as total_jackpot_amount

from source_data

group by 1

order by 1
    );
  
  
[0m08:53:32.735826 [debug] [Thread-3 (]: SQL status: OK in 0.018 seconds
[0m08:53:32.740889 [debug] [Thread-3 (]: Using duckdb connection "model.dbt_euromillions_lkh.gold_jackpot_trends"
[0m08:53:32.742216 [debug] [Thread-3 (]: On model.dbt_euromillions_lkh.gold_jackpot_trends: /* {"app": "dbt", "dbt_version": "1.10.6", "profile_name": "dbt_euromillions_lkh", "target_name": "dev", "node_id": "model.dbt_euromillions_lkh.gold_jackpot_trends"} */
alter view "analytics"."main"."gold_jackpot_trends" rename to "gold_jackpot_trends__dbt_backup"
[0m08:53:32.744325 [debug] [Thread-3 (]: SQL status: OK in 0.001 seconds
[0m08:53:32.748200 [debug] [Thread-3 (]: Using duckdb connection "model.dbt_euromillions_lkh.gold_jackpot_trends"
[0m08:53:32.749903 [debug] [Thread-3 (]: On model.dbt_euromillions_lkh.gold_jackpot_trends: /* {"app": "dbt", "dbt_version": "1.10.6", "profile_name": "dbt_euromillions_lkh", "target_name": "dev", "node_id": "model.dbt_euromillions_lkh.gold_jackpot_trends"} */
alter table "analytics"."main"."gold_jackpot_trends__dbt_tmp" rename to "gold_jackpot_trends"
[0m08:53:32.752519 [debug] [Thread-3 (]: SQL status: OK in 0.001 seconds
[0m08:53:32.759538 [debug] [Thread-3 (]: On model.dbt_euromillions_lkh.gold_jackpot_trends: COMMIT
[0m08:53:32.760815 [debug] [Thread-3 (]: Using duckdb connection "model.dbt_euromillions_lkh.gold_jackpot_trends"
[0m08:53:32.762088 [debug] [Thread-3 (]: On model.dbt_euromillions_lkh.gold_jackpot_trends: COMMIT
[0m08:53:32.767055 [debug] [Thread-3 (]: SQL status: OK in 0.004 seconds
[0m08:53:32.772605 [debug] [Thread-3 (]: Using duckdb connection "model.dbt_euromillions_lkh.gold_jackpot_trends"
[0m08:53:32.774822 [debug] [Thread-3 (]: On model.dbt_euromillions_lkh.gold_jackpot_trends: /* {"app": "dbt", "dbt_version": "1.10.6", "profile_name": "dbt_euromillions_lkh", "target_name": "dev", "node_id": "model.dbt_euromillions_lkh.gold_jackpot_trends"} */

      drop view if exists "analytics"."main"."gold_jackpot_trends__dbt_backup" cascade
    
[0m08:53:32.779340 [debug] [Thread-3 (]: SQL status: OK in 0.003 seconds
[0m08:53:32.786322 [debug] [Thread-3 (]: On model.dbt_euromillions_lkh.gold_jackpot_trends: Close
[0m08:53:32.789057 [debug] [Thread-3 (]: Sending event: {'category': 'dbt', 'action': 'run_model', 'label': '6d271ba5-c1e0-44bd-9cde-891d29344df8', 'context': [<snowplow_tracker.self_describing_json.SelfDescribingJson object at 0x79c56c153bd0>]}
[0m08:53:32.790988 [info ] [Thread-3 (]: 2 of 2 OK created sql table model main.gold_jackpot_trends ..................... [[32mOK[0m in 0.17s]
[0m08:53:32.793773 [debug] [Thread-3 (]: Finished running node model.dbt_euromillions_lkh.gold_jackpot_trends
[0m08:53:32.797777 [debug] [MainThread]: Using duckdb connection "master"
[0m08:53:32.799632 [debug] [MainThread]: On master: BEGIN
[0m08:53:32.801410 [debug] [MainThread]: Opening a new connection, currently in state closed
[0m08:53:32.804542 [debug] [MainThread]: SQL status: OK in 0.003 seconds
[0m08:53:32.806750 [debug] [MainThread]: On master: COMMIT
[0m08:53:32.808593 [debug] [MainThread]: Using duckdb connection "master"
[0m08:53:32.810696 [debug] [MainThread]: On master: COMMIT
[0m08:53:32.882576 [debug] [MainThread]: SQL status: OK in 0.001 seconds
[0m08:53:32.894289 [debug] [MainThread]: On master: Close
[0m08:53:32.897722 [debug] [MainThread]: Connection 'master' was properly closed.
[0m08:53:32.900445 [debug] [MainThread]: Connection 'model.dbt_euromillions_lkh.silver_draws' was properly closed.
[0m08:53:32.904745 [debug] [MainThread]: Connection 'model.dbt_euromillions_lkh.gold_jackpot_trends' was properly closed.
[0m08:53:32.907521 [info ] [MainThread]: 
[0m08:53:32.910164 [info ] [MainThread]: Finished running 1 table model, 1 view model in 0 hours 0 minutes and 0.94 seconds (0.94s).
[0m08:53:32.913467 [debug] [MainThread]: Command end result
[0m08:53:32.982331 [debug] [MainThread]: Wrote artifact WritableManifest to /app/dbt_euromillions_lkh/target/manifest.json
[0m08:53:32.994635 [debug] [MainThread]: Wrote artifact SemanticManifest to /app/dbt_euromillions_lkh/target/semantic_manifest.json
[0m08:53:33.020845 [debug] [MainThread]: Wrote artifact RunExecutionResult to /app/dbt_euromillions_lkh/target/run_results.json
[0m08:53:33.022056 [info ] [MainThread]: 
[0m08:53:33.024062 [info ] [MainThread]: [32mCompleted successfully[0m
[0m08:53:33.026223 [info ] [MainThread]: 
[0m08:53:33.028366 [info ] [MainThread]: Done. PASS=2 WARN=0 ERROR=0 SKIP=0 NO-OP=0 TOTAL=2
[0m08:53:33.033194 [debug] [MainThread]: Resource report: {"command_name": "run", "command_success": true, "command_wall_clock_time": 3.4266117, "process_in_blocks": "172800", "process_kernel_time": 0.672769, "process_mem_max_rss": "156340", "process_out_blocks": "0", "process_user_time": 3.823302}
[0m08:53:33.035991 [debug] [MainThread]: Command `dbt run` succeeded at 08:53:33.035758 after 3.43 seconds
[0m08:53:33.041164 [debug] [MainThread]: Sending event: {'category': 'dbt', 'action': 'invocation', 'label': 'end', 'context': [<snowplow_tracker.self_describing_json.SelfDescribingJson object at 0x79c572fcf410>, <snowplow_tracker.self_describing_json.SelfDescribingJson object at 0x79c572f6f490>, <snowplow_tracker.self_describing_json.SelfDescribingJson object at 0x79c572f6c890>]}
[0m08:53:33.042952 [debug] [MainThread]: Flushing usage events
[0m08:53:33.507025 [debug] [MainThread]: An error was encountered while trying to flush usage events
[0m08:55:46.533390 [debug] [MainThread]: Sending event: {'category': 'dbt', 'action': 'invocation', 'label': 'start', 'context': [<snowplow_tracker.self_describing_json.SelfDescribingJson object at 0x7efa90e72950>, <snowplow_tracker.self_describing_json.SelfDescribingJson object at 0x7efa91003c50>, <snowplow_tracker.self_describing_json.SelfDescribingJson object at 0x7efa90f903d0>]}


============================== 08:55:46.539725 | 3befc802-9100-49b9-9c08-f1672d0318c5 ==============================
[0m08:55:46.539725 [info ] [MainThread]: Running with dbt=1.10.6
[0m08:55:46.542090 [debug] [MainThread]: running dbt with arguments {'printer_width': '80', 'indirect_selection': 'eager', 'write_json': 'True', 'log_cache_events': 'False', 'partial_parse': 'True', 'cache_selected_only': 'False', 'warn_error': 'None', 'debug': 'False', 'version_check': 'True', 'log_path': '/app/dbt_euromillions_lkh/logs', 'fail_fast': 'False', 'profiles_dir': '/root/.dbt', 'use_colors': 'True', 'use_experimental_parser': 'False', 'empty': 'None', 'quiet': 'False', 'no_print': 'None', 'warn_error_options': 'WarnErrorOptionsV2(error=[], warn=[], silence=[])', 'invocation_command': 'dbt test', 'static_parser': 'True', 'introspect': 'True', 'target_path': 'None', 'log_format': 'default', 'send_anonymous_usage_stats': 'True'}
[0m08:55:46.872722 [debug] [MainThread]: Sending event: {'category': 'dbt', 'action': 'project_id', 'label': '3befc802-9100-49b9-9c08-f1672d0318c5', 'context': [<snowplow_tracker.self_describing_json.SelfDescribingJson object at 0x7efa90d2a650>]}
[0m08:55:46.955865 [debug] [MainThread]: Sending event: {'category': 'dbt', 'action': 'adapter_info', 'label': '3befc802-9100-49b9-9c08-f1672d0318c5', 'context': [<snowplow_tracker.self_describing_json.SelfDescribingJson object at 0x7efa93e503d0>]}
[0m08:55:46.962499 [info ] [MainThread]: Registered adapter: duckdb=1.9.4
[0m08:55:47.111320 [debug] [MainThread]: checksum: f6e4baf4de20596ffb9d14e6ef805989eb0e1950dedc3cc83d03f20aa023904c, vars: {}, profile: , target: , version: 1.10.6
[0m08:55:47.458979 [debug] [MainThread]: Partial parsing enabled: 0 files deleted, 2 files added, 0 files changed.
[0m08:55:47.460662 [debug] [MainThread]: Partial parsing: added file: dbt_euromillions_lkh://models/gold/schema.yml
[0m08:55:47.462306 [debug] [MainThread]: Partial parsing: added file: dbt_euromillions_lkh://models/silver/schema.yml
[0m08:55:47.748013 [debug] [MainThread]: Sending event: {'category': 'dbt', 'action': 'load_project', 'label': '3befc802-9100-49b9-9c08-f1672d0318c5', 'context': [<snowplow_tracker.self_describing_json.SelfDescribingJson object at 0x7efa8c981710>]}
[0m08:55:47.931733 [debug] [MainThread]: Wrote artifact WritableManifest to /app/dbt_euromillions_lkh/target/manifest.json
[0m08:55:47.942836 [debug] [MainThread]: Wrote artifact SemanticManifest to /app/dbt_euromillions_lkh/target/semantic_manifest.json
[0m08:55:47.996420 [debug] [MainThread]: Sending event: {'category': 'dbt', 'action': 'resource_counts', 'label': '3befc802-9100-49b9-9c08-f1672d0318c5', 'context': [<snowplow_tracker.self_describing_json.SelfDescribingJson object at 0x7efa90eb1e10>]}
[0m08:55:47.998669 [info ] [MainThread]: Found 2 models, 8 data tests, 429 macros
[0m08:55:48.001267 [debug] [MainThread]: Sending event: {'category': 'dbt', 'action': 'runnable_timing', 'label': '3befc802-9100-49b9-9c08-f1672d0318c5', 'context': [<snowplow_tracker.self_describing_json.SelfDescribingJson object at 0x7efa8c80e190>]}
[0m08:55:48.007368 [info ] [MainThread]: 
[0m08:55:48.010987 [info ] [MainThread]: Concurrency: 4 threads (target='dev')
[0m08:55:48.013212 [info ] [MainThread]: 
[0m08:55:48.016568 [debug] [MainThread]: Acquiring new duckdb connection 'master'
[0m08:55:48.030048 [debug] [ThreadPool]: Acquiring new duckdb connection 'list_analytics_main'
[0m08:55:48.140372 [debug] [ThreadPool]: Using duckdb connection "list_analytics_main"
[0m08:55:48.141920 [debug] [ThreadPool]: On list_analytics_main: BEGIN
[0m08:55:48.143242 [debug] [ThreadPool]: Opening a new connection, currently in state init
[0m08:55:48.332795 [debug] [ThreadPool]: SQL status: OK in 0.189 seconds
[0m08:55:48.334326 [debug] [ThreadPool]: Using duckdb connection "list_analytics_main"
[0m08:55:48.336277 [debug] [ThreadPool]: On list_analytics_main: /* {"app": "dbt", "dbt_version": "1.10.6", "profile_name": "dbt_euromillions_lkh", "target_name": "dev", "connection_name": "list_analytics_main"} */
select
      'analytics' as database,
      table_name as name,
      table_schema as schema,
      CASE table_type
        WHEN 'BASE TABLE' THEN 'table'
        WHEN 'VIEW' THEN 'view'
        WHEN 'LOCAL TEMPORARY' THEN 'table'
        END as type
    from system.information_schema.tables
    where lower(table_schema) = 'main'
    and lower(table_catalog) = 'analytics'
  
[0m08:55:48.369602 [debug] [ThreadPool]: SQL status: OK in 0.031 seconds
[0m08:55:48.374539 [debug] [ThreadPool]: On list_analytics_main: ROLLBACK
[0m08:55:48.377724 [debug] [ThreadPool]: Failed to rollback 'list_analytics_main'
[0m08:55:48.379016 [debug] [ThreadPool]: On list_analytics_main: Close
[0m08:55:48.383973 [debug] [MainThread]: Sending event: {'category': 'dbt', 'action': 'runnable_timing', 'label': '3befc802-9100-49b9-9c08-f1672d0318c5', 'context': [<snowplow_tracker.self_describing_json.SelfDescribingJson object at 0x7efa8d6b64d0>]}
[0m08:55:48.386084 [debug] [MainThread]: Using duckdb connection "master"
[0m08:55:48.388582 [debug] [MainThread]: On master: BEGIN
[0m08:55:48.390430 [debug] [MainThread]: Opening a new connection, currently in state init
[0m08:55:48.393804 [debug] [MainThread]: SQL status: OK in 0.003 seconds
[0m08:55:48.395179 [debug] [MainThread]: On master: COMMIT
[0m08:55:48.396771 [debug] [MainThread]: Using duckdb connection "master"
[0m08:55:48.398238 [debug] [MainThread]: On master: COMMIT
[0m08:55:48.401065 [debug] [MainThread]: SQL status: OK in 0.001 seconds
[0m08:55:48.402719 [debug] [MainThread]: On master: Close
[0m08:55:48.411211 [debug] [Thread-1 (]: Began running node test.dbt_euromillions_lkh.not_null_gold_jackpot_trends_avg_jackpot.c8e8982f74
[0m08:55:48.411916 [debug] [Thread-2 (]: Began running node test.dbt_euromillions_lkh.not_null_gold_jackpot_trends_draw_year.3193289f27
[0m08:55:48.412629 [debug] [Thread-3 (]: Began running node test.dbt_euromillions_lkh.not_null_gold_jackpot_trends_total_draws.2ec2f51beb
[0m08:55:48.413196 [debug] [Thread-4 (]: Began running node test.dbt_euromillions_lkh.not_null_silver_draws_draw_date.4bbef64017
[0m08:55:48.413890 [info ] [Thread-1 (]: 1 of 8 START test not_null_gold_jackpot_trends_avg_jackpot ..................... [RUN]
[0m08:55:48.415588 [info ] [Thread-2 (]: 2 of 8 START test not_null_gold_jackpot_trends_draw_year ....................... [RUN]
[0m08:55:48.417241 [info ] [Thread-3 (]: 3 of 8 START test not_null_gold_jackpot_trends_total_draws ..................... [RUN]
[0m08:55:48.419086 [info ] [Thread-4 (]: 4 of 8 START test not_null_silver_draws_draw_date .............................. [RUN]
[0m08:55:48.420679 [debug] [Thread-1 (]: Re-using an available connection from the pool (formerly list_analytics_main, now test.dbt_euromillions_lkh.not_null_gold_jackpot_trends_avg_jackpot.c8e8982f74)
[0m08:55:48.423411 [debug] [Thread-2 (]: Acquiring new duckdb connection 'test.dbt_euromillions_lkh.not_null_gold_jackpot_trends_draw_year.3193289f27'
[0m08:55:48.425671 [debug] [Thread-3 (]: Acquiring new duckdb connection 'test.dbt_euromillions_lkh.not_null_gold_jackpot_trends_total_draws.2ec2f51beb'
[0m08:55:48.428656 [debug] [Thread-4 (]: Acquiring new duckdb connection 'test.dbt_euromillions_lkh.not_null_silver_draws_draw_date.4bbef64017'
[0m08:55:48.430485 [debug] [Thread-1 (]: Began compiling node test.dbt_euromillions_lkh.not_null_gold_jackpot_trends_avg_jackpot.c8e8982f74
[0m08:55:48.432340 [debug] [Thread-2 (]: Began compiling node test.dbt_euromillions_lkh.not_null_gold_jackpot_trends_draw_year.3193289f27
[0m08:55:48.433618 [debug] [Thread-3 (]: Began compiling node test.dbt_euromillions_lkh.not_null_gold_jackpot_trends_total_draws.2ec2f51beb
[0m08:55:48.434851 [debug] [Thread-4 (]: Began compiling node test.dbt_euromillions_lkh.not_null_silver_draws_draw_date.4bbef64017
[0m08:55:48.455213 [debug] [Thread-1 (]: Writing injected SQL for node "test.dbt_euromillions_lkh.not_null_gold_jackpot_trends_avg_jackpot.c8e8982f74"
[0m08:55:48.461156 [debug] [Thread-2 (]: Writing injected SQL for node "test.dbt_euromillions_lkh.not_null_gold_jackpot_trends_draw_year.3193289f27"
[0m08:55:48.466399 [debug] [Thread-3 (]: Writing injected SQL for node "test.dbt_euromillions_lkh.not_null_gold_jackpot_trends_total_draws.2ec2f51beb"
[0m08:55:48.471727 [debug] [Thread-4 (]: Writing injected SQL for node "test.dbt_euromillions_lkh.not_null_silver_draws_draw_date.4bbef64017"
[0m08:55:48.483820 [debug] [Thread-4 (]: Began executing node test.dbt_euromillions_lkh.not_null_silver_draws_draw_date.4bbef64017
[0m08:55:48.485393 [debug] [Thread-1 (]: Began executing node test.dbt_euromillions_lkh.not_null_gold_jackpot_trends_avg_jackpot.c8e8982f74
[0m08:55:48.498406 [debug] [Thread-3 (]: Began executing node test.dbt_euromillions_lkh.not_null_gold_jackpot_trends_total_draws.2ec2f51beb
[0m08:55:48.522527 [debug] [Thread-1 (]: Writing runtime sql for node "test.dbt_euromillions_lkh.not_null_gold_jackpot_trends_avg_jackpot.c8e8982f74"
[0m08:55:48.519191 [debug] [Thread-4 (]: Writing runtime sql for node "test.dbt_euromillions_lkh.not_null_silver_draws_draw_date.4bbef64017"
[0m08:55:48.528314 [debug] [Thread-3 (]: Writing runtime sql for node "test.dbt_euromillions_lkh.not_null_gold_jackpot_trends_total_draws.2ec2f51beb"
[0m08:55:48.529128 [debug] [Thread-2 (]: Began executing node test.dbt_euromillions_lkh.not_null_gold_jackpot_trends_draw_year.3193289f27
[0m08:55:48.537372 [debug] [Thread-2 (]: Writing runtime sql for node "test.dbt_euromillions_lkh.not_null_gold_jackpot_trends_draw_year.3193289f27"
[0m08:55:48.549430 [debug] [Thread-4 (]: Using duckdb connection "test.dbt_euromillions_lkh.not_null_silver_draws_draw_date.4bbef64017"
[0m08:55:48.550630 [debug] [Thread-2 (]: Using duckdb connection "test.dbt_euromillions_lkh.not_null_gold_jackpot_trends_draw_year.3193289f27"
[0m08:55:48.554593 [debug] [Thread-4 (]: On test.dbt_euromillions_lkh.not_null_silver_draws_draw_date.4bbef64017: BEGIN
[0m08:55:48.555868 [debug] [Thread-3 (]: Using duckdb connection "test.dbt_euromillions_lkh.not_null_gold_jackpot_trends_total_draws.2ec2f51beb"
[0m08:55:48.558226 [debug] [Thread-2 (]: On test.dbt_euromillions_lkh.not_null_gold_jackpot_trends_draw_year.3193289f27: BEGIN
[0m08:55:48.561927 [debug] [Thread-1 (]: Using duckdb connection "test.dbt_euromillions_lkh.not_null_gold_jackpot_trends_avg_jackpot.c8e8982f74"
[0m08:55:48.563292 [debug] [Thread-4 (]: Opening a new connection, currently in state init
[0m08:55:48.568774 [debug] [Thread-3 (]: On test.dbt_euromillions_lkh.not_null_gold_jackpot_trends_total_draws.2ec2f51beb: BEGIN
[0m08:55:48.571751 [debug] [Thread-2 (]: Opening a new connection, currently in state init
[0m08:55:48.573880 [debug] [Thread-1 (]: On test.dbt_euromillions_lkh.not_null_gold_jackpot_trends_avg_jackpot.c8e8982f74: BEGIN
[0m08:55:48.577021 [debug] [Thread-4 (]: SQL status: OK in 0.014 seconds
[0m08:55:48.577863 [debug] [Thread-3 (]: Opening a new connection, currently in state init
[0m08:55:48.581100 [debug] [Thread-2 (]: SQL status: OK in 0.009 seconds
[0m08:55:48.582284 [debug] [Thread-1 (]: Opening a new connection, currently in state closed
[0m08:55:48.584101 [debug] [Thread-4 (]: Using duckdb connection "test.dbt_euromillions_lkh.not_null_silver_draws_draw_date.4bbef64017"
[0m08:55:48.587126 [debug] [Thread-3 (]: SQL status: OK in 0.009 seconds
[0m08:55:48.588184 [debug] [Thread-2 (]: Using duckdb connection "test.dbt_euromillions_lkh.not_null_gold_jackpot_trends_draw_year.3193289f27"
[0m08:55:48.590908 [debug] [Thread-1 (]: SQL status: OK in 0.008 seconds
[0m08:55:48.591975 [debug] [Thread-4 (]: On test.dbt_euromillions_lkh.not_null_silver_draws_draw_date.4bbef64017: /* {"app": "dbt", "dbt_version": "1.10.6", "profile_name": "dbt_euromillions_lkh", "target_name": "dev", "node_id": "test.dbt_euromillions_lkh.not_null_silver_draws_draw_date.4bbef64017"} */

    select
      count(*) as failures,
      count(*) != 0 as should_warn,
      count(*) != 0 as should_error
    from (
      
    
  
    
    



select draw_date
from "analytics"."main"."silver_draws"
where draw_date is null



  
  
      
    ) dbt_internal_test
[0m08:55:48.593651 [debug] [Thread-3 (]: Using duckdb connection "test.dbt_euromillions_lkh.not_null_gold_jackpot_trends_total_draws.2ec2f51beb"
[0m08:55:48.595220 [debug] [Thread-2 (]: On test.dbt_euromillions_lkh.not_null_gold_jackpot_trends_draw_year.3193289f27: /* {"app": "dbt", "dbt_version": "1.10.6", "profile_name": "dbt_euromillions_lkh", "target_name": "dev", "node_id": "test.dbt_euromillions_lkh.not_null_gold_jackpot_trends_draw_year.3193289f27"} */

    select
      count(*) as failures,
      count(*) != 0 as should_warn,
      count(*) != 0 as should_error
    from (
      
    
  
    
    



select draw_year
from "analytics"."main"."gold_jackpot_trends"
where draw_year is null



  
  
      
    ) dbt_internal_test
[0m08:55:48.596783 [debug] [Thread-1 (]: Using duckdb connection "test.dbt_euromillions_lkh.not_null_gold_jackpot_trends_avg_jackpot.c8e8982f74"
[0m08:55:48.599593 [debug] [Thread-3 (]: On test.dbt_euromillions_lkh.not_null_gold_jackpot_trends_total_draws.2ec2f51beb: /* {"app": "dbt", "dbt_version": "1.10.6", "profile_name": "dbt_euromillions_lkh", "target_name": "dev", "node_id": "test.dbt_euromillions_lkh.not_null_gold_jackpot_trends_total_draws.2ec2f51beb"} */

    select
      count(*) as failures,
      count(*) != 0 as should_warn,
      count(*) != 0 as should_error
    from (
      
    
  
    
    



select total_draws
from "analytics"."main"."gold_jackpot_trends"
where total_draws is null



  
  
      
    ) dbt_internal_test
[0m08:55:48.602518 [debug] [Thread-4 (]: SQL status: OK in 0.004 seconds
[0m08:55:48.603341 [debug] [Thread-1 (]: On test.dbt_euromillions_lkh.not_null_gold_jackpot_trends_avg_jackpot.c8e8982f74: /* {"app": "dbt", "dbt_version": "1.10.6", "profile_name": "dbt_euromillions_lkh", "target_name": "dev", "node_id": "test.dbt_euromillions_lkh.not_null_gold_jackpot_trends_avg_jackpot.c8e8982f74"} */

    select
      count(*) as failures,
      count(*) != 0 as should_warn,
      count(*) != 0 as should_error
    from (
      
    
  
    
    



select avg_jackpot
from "analytics"."main"."gold_jackpot_trends"
where avg_jackpot is null



  
  
      
    ) dbt_internal_test
[0m08:55:48.604085 [debug] [Thread-2 (]: SQL status: OK in 0.003 seconds
[0m08:55:48.612425 [debug] [Thread-3 (]: SQL status: OK in 0.007 seconds
[0m08:55:48.611916 [debug] [Thread-4 (]: On test.dbt_euromillions_lkh.not_null_silver_draws_draw_date.4bbef64017: ROLLBACK
[0m08:55:48.616994 [debug] [Thread-2 (]: On test.dbt_euromillions_lkh.not_null_gold_jackpot_trends_draw_year.3193289f27: ROLLBACK
[0m08:55:48.617549 [debug] [Thread-1 (]: SQL status: OK in 0.004 seconds
[0m08:55:48.619799 [debug] [Thread-3 (]: On test.dbt_euromillions_lkh.not_null_gold_jackpot_trends_total_draws.2ec2f51beb: ROLLBACK
[0m08:55:48.621350 [debug] [Thread-4 (]: Failed to rollback 'test.dbt_euromillions_lkh.not_null_silver_draws_draw_date.4bbef64017'
[0m08:55:48.623090 [debug] [Thread-2 (]: Failed to rollback 'test.dbt_euromillions_lkh.not_null_gold_jackpot_trends_draw_year.3193289f27'
[0m08:55:48.626533 [debug] [Thread-1 (]: On test.dbt_euromillions_lkh.not_null_gold_jackpot_trends_avg_jackpot.c8e8982f74: ROLLBACK
[0m08:55:48.628209 [debug] [Thread-3 (]: Failed to rollback 'test.dbt_euromillions_lkh.not_null_gold_jackpot_trends_total_draws.2ec2f51beb'
[0m08:55:48.629603 [debug] [Thread-4 (]: On test.dbt_euromillions_lkh.not_null_silver_draws_draw_date.4bbef64017: Close
[0m08:55:48.631328 [debug] [Thread-2 (]: On test.dbt_euromillions_lkh.not_null_gold_jackpot_trends_draw_year.3193289f27: Close
[0m08:55:48.633576 [debug] [Thread-1 (]: Failed to rollback 'test.dbt_euromillions_lkh.not_null_gold_jackpot_trends_avg_jackpot.c8e8982f74'
[0m08:55:48.634717 [debug] [Thread-3 (]: On test.dbt_euromillions_lkh.not_null_gold_jackpot_trends_total_draws.2ec2f51beb: Close
[0m08:55:48.637670 [info ] [Thread-4 (]: 4 of 8 PASS not_null_silver_draws_draw_date .................................... [[32mPASS[0m in 0.21s]
[0m08:55:48.640199 [info ] [Thread-2 (]: 2 of 8 PASS not_null_gold_jackpot_trends_draw_year ............................. [[32mPASS[0m in 0.22s]
[0m08:55:48.642101 [debug] [Thread-1 (]: On test.dbt_euromillions_lkh.not_null_gold_jackpot_trends_avg_jackpot.c8e8982f74: Close
[0m08:55:48.644459 [info ] [Thread-3 (]: 3 of 8 PASS not_null_gold_jackpot_trends_total_draws ........................... [[32mPASS[0m in 0.22s]
[0m08:55:48.646508 [debug] [Thread-4 (]: Finished running node test.dbt_euromillions_lkh.not_null_silver_draws_draw_date.4bbef64017
[0m08:55:48.649230 [debug] [Thread-2 (]: Finished running node test.dbt_euromillions_lkh.not_null_gold_jackpot_trends_draw_year.3193289f27
[0m08:55:48.651409 [info ] [Thread-1 (]: 1 of 8 PASS not_null_gold_jackpot_trends_avg_jackpot ........................... [[32mPASS[0m in 0.23s]
[0m08:55:48.653832 [debug] [Thread-3 (]: Finished running node test.dbt_euromillions_lkh.not_null_gold_jackpot_trends_total_draws.2ec2f51beb
[0m08:55:48.656309 [debug] [Thread-4 (]: Began running node test.dbt_euromillions_lkh.not_null_silver_draws_draw_id.b4a58f12ff
[0m08:55:48.658823 [debug] [Thread-2 (]: Began running node test.dbt_euromillions_lkh.not_null_silver_draws_jackpot_amount.e84383ce49
[0m08:55:48.661543 [debug] [Thread-1 (]: Finished running node test.dbt_euromillions_lkh.not_null_gold_jackpot_trends_avg_jackpot.c8e8982f74
[0m08:55:48.663657 [debug] [Thread-3 (]: Began running node test.dbt_euromillions_lkh.unique_gold_jackpot_trends_draw_year.90f6030c91
[0m08:55:48.665778 [info ] [Thread-4 (]: 5 of 8 START test not_null_silver_draws_draw_id ................................ [RUN]
[0m08:55:48.668099 [info ] [Thread-2 (]: 6 of 8 START test not_null_silver_draws_jackpot_amount ......................... [RUN]
[0m08:55:48.671792 [debug] [Thread-1 (]: Began running node test.dbt_euromillions_lkh.unique_silver_draws_draw_id.c66d8e5ebd
[0m08:55:48.674248 [info ] [Thread-3 (]: 7 of 8 START test unique_gold_jackpot_trends_draw_year ......................... [RUN]
[0m08:55:48.677732 [debug] [Thread-4 (]: Re-using an available connection from the pool (formerly test.dbt_euromillions_lkh.not_null_silver_draws_draw_date.4bbef64017, now test.dbt_euromillions_lkh.not_null_silver_draws_draw_id.b4a58f12ff)
[0m08:55:48.680514 [debug] [Thread-2 (]: Re-using an available connection from the pool (formerly test.dbt_euromillions_lkh.not_null_gold_jackpot_trends_draw_year.3193289f27, now test.dbt_euromillions_lkh.not_null_silver_draws_jackpot_amount.e84383ce49)
[0m08:55:48.682053 [info ] [Thread-1 (]: 8 of 8 START test unique_silver_draws_draw_id .................................. [RUN]
[0m08:55:48.684025 [debug] [Thread-3 (]: Re-using an available connection from the pool (formerly test.dbt_euromillions_lkh.not_null_gold_jackpot_trends_total_draws.2ec2f51beb, now test.dbt_euromillions_lkh.unique_gold_jackpot_trends_draw_year.90f6030c91)
[0m08:55:48.685497 [debug] [Thread-4 (]: Began compiling node test.dbt_euromillions_lkh.not_null_silver_draws_draw_id.b4a58f12ff
[0m08:55:48.688785 [debug] [Thread-2 (]: Began compiling node test.dbt_euromillions_lkh.not_null_silver_draws_jackpot_amount.e84383ce49
[0m08:55:48.691810 [debug] [Thread-1 (]: Re-using an available connection from the pool (formerly test.dbt_euromillions_lkh.not_null_gold_jackpot_trends_avg_jackpot.c8e8982f74, now test.dbt_euromillions_lkh.unique_silver_draws_draw_id.c66d8e5ebd)
[0m08:55:48.694081 [debug] [Thread-3 (]: Began compiling node test.dbt_euromillions_lkh.unique_gold_jackpot_trends_draw_year.90f6030c91
[0m08:55:48.702060 [debug] [Thread-4 (]: Writing injected SQL for node "test.dbt_euromillions_lkh.not_null_silver_draws_draw_id.b4a58f12ff"
[0m08:55:48.711023 [debug] [Thread-2 (]: Writing injected SQL for node "test.dbt_euromillions_lkh.not_null_silver_draws_jackpot_amount.e84383ce49"
[0m08:55:48.712367 [debug] [Thread-1 (]: Began compiling node test.dbt_euromillions_lkh.unique_silver_draws_draw_id.c66d8e5ebd
[0m08:55:48.726011 [debug] [Thread-3 (]: Writing injected SQL for node "test.dbt_euromillions_lkh.unique_gold_jackpot_trends_draw_year.90f6030c91"
[0m08:55:48.736616 [debug] [Thread-1 (]: Writing injected SQL for node "test.dbt_euromillions_lkh.unique_silver_draws_draw_id.c66d8e5ebd"
[0m08:55:48.747344 [debug] [Thread-3 (]: Began executing node test.dbt_euromillions_lkh.unique_gold_jackpot_trends_draw_year.90f6030c91
[0m08:55:48.748455 [debug] [Thread-4 (]: Began executing node test.dbt_euromillions_lkh.not_null_silver_draws_draw_id.b4a58f12ff
[0m08:55:48.754380 [debug] [Thread-2 (]: Began executing node test.dbt_euromillions_lkh.not_null_silver_draws_jackpot_amount.e84383ce49
[0m08:55:48.764060 [debug] [Thread-3 (]: Writing runtime sql for node "test.dbt_euromillions_lkh.unique_gold_jackpot_trends_draw_year.90f6030c91"
[0m08:55:48.772727 [debug] [Thread-1 (]: Began executing node test.dbt_euromillions_lkh.unique_silver_draws_draw_id.c66d8e5ebd
[0m08:55:48.776352 [debug] [Thread-4 (]: Writing runtime sql for node "test.dbt_euromillions_lkh.not_null_silver_draws_draw_id.b4a58f12ff"
[0m08:55:48.780122 [debug] [Thread-2 (]: Writing runtime sql for node "test.dbt_euromillions_lkh.not_null_silver_draws_jackpot_amount.e84383ce49"
[0m08:55:48.787659 [debug] [Thread-1 (]: Writing runtime sql for node "test.dbt_euromillions_lkh.unique_silver_draws_draw_id.c66d8e5ebd"
[0m08:55:48.796559 [debug] [Thread-3 (]: Using duckdb connection "test.dbt_euromillions_lkh.unique_gold_jackpot_trends_draw_year.90f6030c91"
[0m08:55:48.798267 [debug] [Thread-1 (]: Using duckdb connection "test.dbt_euromillions_lkh.unique_silver_draws_draw_id.c66d8e5ebd"
[0m08:55:48.800599 [debug] [Thread-3 (]: On test.dbt_euromillions_lkh.unique_gold_jackpot_trends_draw_year.90f6030c91: BEGIN
[0m08:55:48.802341 [debug] [Thread-4 (]: Using duckdb connection "test.dbt_euromillions_lkh.not_null_silver_draws_draw_id.b4a58f12ff"
[0m08:55:48.804758 [debug] [Thread-1 (]: On test.dbt_euromillions_lkh.unique_silver_draws_draw_id.c66d8e5ebd: BEGIN
[0m08:55:48.807920 [debug] [Thread-3 (]: Opening a new connection, currently in state closed
[0m08:55:48.809009 [debug] [Thread-2 (]: Using duckdb connection "test.dbt_euromillions_lkh.not_null_silver_draws_jackpot_amount.e84383ce49"
[0m08:55:48.810613 [debug] [Thread-4 (]: On test.dbt_euromillions_lkh.not_null_silver_draws_draw_id.b4a58f12ff: BEGIN
[0m08:55:48.812818 [debug] [Thread-1 (]: Opening a new connection, currently in state closed
[0m08:55:48.815694 [debug] [Thread-3 (]: SQL status: OK in 0.008 seconds
[0m08:55:48.817269 [debug] [Thread-2 (]: On test.dbt_euromillions_lkh.not_null_silver_draws_jackpot_amount.e84383ce49: BEGIN
[0m08:55:48.818925 [debug] [Thread-4 (]: Opening a new connection, currently in state closed
[0m08:55:48.822325 [debug] [Thread-1 (]: SQL status: OK in 0.009 seconds
[0m08:55:48.824016 [debug] [Thread-3 (]: Using duckdb connection "test.dbt_euromillions_lkh.unique_gold_jackpot_trends_draw_year.90f6030c91"
[0m08:55:48.825532 [debug] [Thread-2 (]: Opening a new connection, currently in state closed
[0m08:55:48.827866 [debug] [Thread-4 (]: SQL status: OK in 0.009 seconds
[0m08:55:48.828945 [debug] [Thread-1 (]: Using duckdb connection "test.dbt_euromillions_lkh.unique_silver_draws_draw_id.c66d8e5ebd"
[0m08:55:48.830683 [debug] [Thread-3 (]: On test.dbt_euromillions_lkh.unique_gold_jackpot_trends_draw_year.90f6030c91: /* {"app": "dbt", "dbt_version": "1.10.6", "profile_name": "dbt_euromillions_lkh", "target_name": "dev", "node_id": "test.dbt_euromillions_lkh.unique_gold_jackpot_trends_draw_year.90f6030c91"} */

    select
      count(*) as failures,
      count(*) != 0 as should_warn,
      count(*) != 0 as should_error
    from (
      
    
  
    
    

select
    draw_year as unique_field,
    count(*) as n_records

from "analytics"."main"."gold_jackpot_trends"
where draw_year is not null
group by draw_year
having count(*) > 1



  
  
      
    ) dbt_internal_test
[0m08:55:48.833626 [debug] [Thread-2 (]: SQL status: OK in 0.008 seconds
[0m08:55:48.834766 [debug] [Thread-4 (]: Using duckdb connection "test.dbt_euromillions_lkh.not_null_silver_draws_draw_id.b4a58f12ff"
[0m08:55:48.836714 [debug] [Thread-1 (]: On test.dbt_euromillions_lkh.unique_silver_draws_draw_id.c66d8e5ebd: /* {"app": "dbt", "dbt_version": "1.10.6", "profile_name": "dbt_euromillions_lkh", "target_name": "dev", "node_id": "test.dbt_euromillions_lkh.unique_silver_draws_draw_id.c66d8e5ebd"} */

    select
      count(*) as failures,
      count(*) != 0 as should_warn,
      count(*) != 0 as should_error
    from (
      
    
  
    
    

select
    draw_id as unique_field,
    count(*) as n_records

from "analytics"."main"."silver_draws"
where draw_id is not null
group by draw_id
having count(*) > 1



  
  
      
    ) dbt_internal_test
[0m08:55:48.840195 [debug] [Thread-2 (]: Using duckdb connection "test.dbt_euromillions_lkh.not_null_silver_draws_jackpot_amount.e84383ce49"
[0m08:55:48.841900 [debug] [Thread-4 (]: On test.dbt_euromillions_lkh.not_null_silver_draws_draw_id.b4a58f12ff: /* {"app": "dbt", "dbt_version": "1.10.6", "profile_name": "dbt_euromillions_lkh", "target_name": "dev", "node_id": "test.dbt_euromillions_lkh.not_null_silver_draws_draw_id.b4a58f12ff"} */

    select
      count(*) as failures,
      count(*) != 0 as should_warn,
      count(*) != 0 as should_error
    from (
      
    
  
    
    



select draw_id
from "analytics"."main"."silver_draws"
where draw_id is null



  
  
      
    ) dbt_internal_test
[0m08:55:48.845083 [debug] [Thread-2 (]: On test.dbt_euromillions_lkh.not_null_silver_draws_jackpot_amount.e84383ce49: /* {"app": "dbt", "dbt_version": "1.10.6", "profile_name": "dbt_euromillions_lkh", "target_name": "dev", "node_id": "test.dbt_euromillions_lkh.not_null_silver_draws_jackpot_amount.e84383ce49"} */

    select
      count(*) as failures,
      count(*) != 0 as should_warn,
      count(*) != 0 as should_error
    from (
      
    
  
    
    



select jackpot_amount
from "analytics"."main"."silver_draws"
where jackpot_amount is null



  
  
      
    ) dbt_internal_test
[0m08:55:48.848851 [debug] [Thread-3 (]: SQL status: OK in 0.010 seconds
[0m08:55:48.850014 [debug] [Thread-4 (]: SQL status: OK in 0.002 seconds
[0m08:55:48.850625 [debug] [Thread-1 (]: SQL status: OK in 0.007 seconds
[0m08:55:48.854629 [debug] [Thread-3 (]: On test.dbt_euromillions_lkh.unique_gold_jackpot_trends_draw_year.90f6030c91: ROLLBACK
[0m08:55:48.855390 [debug] [Thread-2 (]: SQL status: OK in 0.004 seconds
[0m08:55:48.859682 [debug] [Thread-4 (]: On test.dbt_euromillions_lkh.not_null_silver_draws_draw_id.b4a58f12ff: ROLLBACK
[0m08:55:48.862662 [debug] [Thread-1 (]: On test.dbt_euromillions_lkh.unique_silver_draws_draw_id.c66d8e5ebd: ROLLBACK
[0m08:55:48.864664 [debug] [Thread-3 (]: Failed to rollback 'test.dbt_euromillions_lkh.unique_gold_jackpot_trends_draw_year.90f6030c91'
[0m08:55:48.867934 [debug] [Thread-2 (]: On test.dbt_euromillions_lkh.not_null_silver_draws_jackpot_amount.e84383ce49: ROLLBACK
[0m08:55:48.869751 [debug] [Thread-4 (]: Failed to rollback 'test.dbt_euromillions_lkh.not_null_silver_draws_draw_id.b4a58f12ff'
[0m08:55:48.872448 [debug] [Thread-1 (]: Failed to rollback 'test.dbt_euromillions_lkh.unique_silver_draws_draw_id.c66d8e5ebd'
[0m08:55:48.873696 [debug] [Thread-3 (]: On test.dbt_euromillions_lkh.unique_gold_jackpot_trends_draw_year.90f6030c91: Close
[0m08:55:48.875497 [debug] [Thread-2 (]: Failed to rollback 'test.dbt_euromillions_lkh.not_null_silver_draws_jackpot_amount.e84383ce49'
[0m08:55:48.876493 [debug] [Thread-4 (]: On test.dbt_euromillions_lkh.not_null_silver_draws_draw_id.b4a58f12ff: Close
[0m08:55:48.878044 [debug] [Thread-1 (]: On test.dbt_euromillions_lkh.unique_silver_draws_draw_id.c66d8e5ebd: Close
[0m08:55:48.881393 [info ] [Thread-3 (]: 7 of 8 PASS unique_gold_jackpot_trends_draw_year ............................... [[32mPASS[0m in 0.20s]
[0m08:55:48.882776 [debug] [Thread-2 (]: On test.dbt_euromillions_lkh.not_null_silver_draws_jackpot_amount.e84383ce49: Close
[0m08:55:48.885372 [info ] [Thread-4 (]: 5 of 8 PASS not_null_silver_draws_draw_id ...................................... [[32mPASS[0m in 0.21s]
[0m08:55:48.888571 [info ] [Thread-1 (]: 8 of 8 PASS unique_silver_draws_draw_id ........................................ [[32mPASS[0m in 0.20s]
[0m08:55:48.890765 [debug] [Thread-3 (]: Finished running node test.dbt_euromillions_lkh.unique_gold_jackpot_trends_draw_year.90f6030c91
[0m08:55:48.893318 [info ] [Thread-2 (]: 6 of 8 PASS not_null_silver_draws_jackpot_amount ............................... [[32mPASS[0m in 0.21s]
[0m08:55:48.895153 [debug] [Thread-4 (]: Finished running node test.dbt_euromillions_lkh.not_null_silver_draws_draw_id.b4a58f12ff
[0m08:55:48.897581 [debug] [Thread-1 (]: Finished running node test.dbt_euromillions_lkh.unique_silver_draws_draw_id.c66d8e5ebd
[0m08:55:48.900390 [debug] [Thread-2 (]: Finished running node test.dbt_euromillions_lkh.not_null_silver_draws_jackpot_amount.e84383ce49
[0m08:55:48.906754 [debug] [MainThread]: Using duckdb connection "master"
[0m08:55:48.908992 [debug] [MainThread]: On master: BEGIN
[0m08:55:48.911246 [debug] [MainThread]: Opening a new connection, currently in state closed
[0m08:55:48.913342 [debug] [MainThread]: SQL status: OK in 0.002 seconds
[0m08:55:48.914776 [debug] [MainThread]: On master: COMMIT
[0m08:55:48.915992 [debug] [MainThread]: Using duckdb connection "master"
[0m08:55:48.917402 [debug] [MainThread]: On master: COMMIT
[0m08:55:48.919236 [debug] [MainThread]: SQL status: OK in 0.001 seconds
[0m08:55:48.921890 [debug] [MainThread]: On master: Close
[0m08:55:48.924475 [debug] [MainThread]: Connection 'master' was properly closed.
[0m08:55:48.928448 [debug] [MainThread]: Connection 'test.dbt_euromillions_lkh.unique_silver_draws_draw_id.c66d8e5ebd' was properly closed.
[0m08:55:48.930047 [debug] [MainThread]: Connection 'test.dbt_euromillions_lkh.not_null_silver_draws_jackpot_amount.e84383ce49' was properly closed.
[0m08:55:48.931380 [debug] [MainThread]: Connection 'test.dbt_euromillions_lkh.unique_gold_jackpot_trends_draw_year.90f6030c91' was properly closed.
[0m08:55:48.933044 [debug] [MainThread]: Connection 'test.dbt_euromillions_lkh.not_null_silver_draws_draw_id.b4a58f12ff' was properly closed.
[0m08:55:48.934550 [info ] [MainThread]: 
[0m08:55:48.937541 [info ] [MainThread]: Finished running 8 data tests in 0 hours 0 minutes and 0.92 seconds (0.92s).
[0m08:55:48.944518 [debug] [MainThread]: Command end result
[0m08:55:49.009344 [debug] [MainThread]: Wrote artifact WritableManifest to /app/dbt_euromillions_lkh/target/manifest.json
[0m08:55:49.019781 [debug] [MainThread]: Wrote artifact SemanticManifest to /app/dbt_euromillions_lkh/target/semantic_manifest.json
[0m08:55:49.041861 [debug] [MainThread]: Wrote artifact RunExecutionResult to /app/dbt_euromillions_lkh/target/run_results.json
[0m08:55:49.043920 [info ] [MainThread]: 
[0m08:55:49.046615 [info ] [MainThread]: [32mCompleted successfully[0m
[0m08:55:49.049828 [info ] [MainThread]: 
[0m08:55:49.051915 [info ] [MainThread]: Done. PASS=8 WARN=0 ERROR=0 SKIP=0 NO-OP=0 TOTAL=8
[0m08:55:49.057368 [debug] [MainThread]: Resource report: {"command_name": "test", "command_success": true, "command_wall_clock_time": 2.6137886, "process_in_blocks": "174568", "process_kernel_time": 0.648544, "process_mem_max_rss": "156408", "process_out_blocks": "0", "process_user_time": 3.150644}
[0m08:55:49.059569 [debug] [MainThread]: Command `dbt test` succeeded at 08:55:49.059274 after 2.62 seconds
[0m08:55:49.061288 [debug] [MainThread]: Sending event: {'category': 'dbt', 'action': 'invocation', 'label': 'end', 'context': [<snowplow_tracker.self_describing_json.SelfDescribingJson object at 0x7efa9111a550>, <snowplow_tracker.self_describing_json.SelfDescribingJson object at 0x7efa95888c90>, <snowplow_tracker.self_describing_json.SelfDescribingJson object at 0x7efa95889cd0>]}
[0m08:55:49.063385 [debug] [MainThread]: Flushing usage events
[0m08:55:49.541524 [debug] [MainThread]: An error was encountered while trying to flush usage events
[0m08:57:32.842946 [debug] [MainThread]: Sending event: {'category': 'dbt', 'action': 'invocation', 'label': 'start', 'context': [<snowplow_tracker.self_describing_json.SelfDescribingJson object at 0x7d1f409c63d0>, <snowplow_tracker.self_describing_json.SelfDescribingJson object at 0x7d1f409c69d0>, <snowplow_tracker.self_describing_json.SelfDescribingJson object at 0x7d1f409c7010>]}


============================== 08:57:32.849484 | 3f2d7211-ef79-46f0-8b1c-7287583dcf68 ==============================
[0m08:57:32.849484 [info ] [MainThread]: Running with dbt=1.10.6
[0m08:57:32.852208 [debug] [MainThread]: running dbt with arguments {'printer_width': '80', 'indirect_selection': 'eager', 'log_cache_events': 'False', 'write_json': 'True', 'partial_parse': 'True', 'cache_selected_only': 'False', 'warn_error': 'None', 'fail_fast': 'False', 'version_check': 'True', 'log_path': '/app/dbt_euromillions_lkh/logs', 'profiles_dir': '/root/.dbt', 'debug': 'False', 'use_colors': 'True', 'use_experimental_parser': 'False', 'empty': 'False', 'quiet': 'False', 'no_print': 'None', 'warn_error_options': 'WarnErrorOptionsV2(error=[], warn=[], silence=[])', 'introspect': 'True', 'invocation_command': 'dbt run', 'log_format': 'default', 'target_path': 'None', 'static_parser': 'True', 'send_anonymous_usage_stats': 'True'}
[0m08:57:33.246981 [debug] [MainThread]: Sending event: {'category': 'dbt', 'action': 'project_id', 'label': '3f2d7211-ef79-46f0-8b1c-7287583dcf68', 'context': [<snowplow_tracker.self_describing_json.SelfDescribingJson object at 0x7d1f409cd490>]}
[0m08:57:33.320248 [debug] [MainThread]: Sending event: {'category': 'dbt', 'action': 'adapter_info', 'label': '3f2d7211-ef79-46f0-8b1c-7287583dcf68', 'context': [<snowplow_tracker.self_describing_json.SelfDescribingJson object at 0x7d1f439e6950>]}
[0m08:57:33.327045 [info ] [MainThread]: Registered adapter: duckdb=1.9.4
[0m08:57:33.492630 [debug] [MainThread]: checksum: f6e4baf4de20596ffb9d14e6ef805989eb0e1950dedc3cc83d03f20aa023904c, vars: {}, profile: , target: , version: 1.10.6
[0m08:57:33.914637 [debug] [MainThread]: Partial parsing enabled: 0 files deleted, 0 files added, 1 files changed.
[0m08:57:33.917065 [debug] [MainThread]: Partial parsing: updated file: dbt_euromillions_lkh://models/gold/gold_jackpot_trends.sql
[0m08:57:34.410382 [debug] [MainThread]: Sending event: {'category': 'dbt', 'action': 'load_project', 'label': '3f2d7211-ef79-46f0-8b1c-7287583dcf68', 'context': [<snowplow_tracker.self_describing_json.SelfDescribingJson object at 0x7d1f3c64f7d0>]}
[0m08:57:34.576964 [debug] [MainThread]: Wrote artifact WritableManifest to /app/dbt_euromillions_lkh/target/manifest.json
[0m08:57:34.589149 [debug] [MainThread]: Wrote artifact SemanticManifest to /app/dbt_euromillions_lkh/target/semantic_manifest.json
[0m08:57:34.629367 [debug] [MainThread]: Sending event: {'category': 'dbt', 'action': 'resource_counts', 'label': '3f2d7211-ef79-46f0-8b1c-7287583dcf68', 'context': [<snowplow_tracker.self_describing_json.SelfDescribingJson object at 0x7d1f3c659450>]}
[0m08:57:34.631215 [info ] [MainThread]: Found 2 models, 8 data tests, 429 macros
[0m08:57:34.633626 [debug] [MainThread]: Sending event: {'category': 'dbt', 'action': 'runnable_timing', 'label': '3f2d7211-ef79-46f0-8b1c-7287583dcf68', 'context': [<snowplow_tracker.self_describing_json.SelfDescribingJson object at 0x7d1f3c48e990>]}
[0m08:57:34.637492 [info ] [MainThread]: 
[0m08:57:34.639285 [info ] [MainThread]: Concurrency: 4 threads (target='dev')
[0m08:57:34.641892 [info ] [MainThread]: 
[0m08:57:34.644433 [debug] [MainThread]: Acquiring new duckdb connection 'master'
[0m08:57:34.658790 [debug] [ThreadPool]: Acquiring new duckdb connection 'list_analytics'
[0m08:57:34.723653 [debug] [ThreadPool]: Using duckdb connection "list_analytics"
[0m08:57:34.725016 [debug] [ThreadPool]: On list_analytics: /* {"app": "dbt", "dbt_version": "1.10.6", "profile_name": "dbt_euromillions_lkh", "target_name": "dev", "connection_name": "list_analytics"} */

    
    select schema_name
    from system.information_schema.schemata
    
    where lower(catalog_name) = '"analytics"'
    
  
  
[0m08:57:34.726155 [debug] [ThreadPool]: Opening a new connection, currently in state init
[0m08:57:34.860690 [debug] [ThreadPool]: SQL status: OK in 0.134 seconds
[0m08:57:34.863347 [debug] [ThreadPool]: On list_analytics: Close
[0m08:57:34.865245 [debug] [ThreadPool]: Re-using an available connection from the pool (formerly list_analytics, now create_analytics_main)
[0m08:57:34.867233 [debug] [ThreadPool]: Creating schema "database: "analytics"
schema: "main"
"
[0m08:57:34.875675 [debug] [ThreadPool]: Using duckdb connection "create_analytics_main"
[0m08:57:34.877103 [debug] [ThreadPool]: On create_analytics_main: /* {"app": "dbt", "dbt_version": "1.10.6", "profile_name": "dbt_euromillions_lkh", "target_name": "dev", "connection_name": "create_analytics_main"} */

    
        select type from duckdb_databases()
        where lower(database_name)='analytics'
        and type='sqlite'
    
  
[0m08:57:34.878235 [debug] [ThreadPool]: Opening a new connection, currently in state closed
[0m08:57:34.881123 [debug] [ThreadPool]: SQL status: OK in 0.003 seconds
[0m08:57:34.883555 [debug] [ThreadPool]: Using duckdb connection "create_analytics_main"
[0m08:57:34.884801 [debug] [ThreadPool]: On create_analytics_main: BEGIN
[0m08:57:34.886980 [debug] [ThreadPool]: SQL status: OK in 0.001 seconds
[0m08:57:34.888378 [debug] [ThreadPool]: Using duckdb connection "create_analytics_main"
[0m08:57:34.890011 [debug] [ThreadPool]: On create_analytics_main: /* {"app": "dbt", "dbt_version": "1.10.6", "profile_name": "dbt_euromillions_lkh", "target_name": "dev", "connection_name": "create_analytics_main"} */

    
    
        create schema if not exists "analytics"."main"
    
[0m08:57:34.892106 [debug] [ThreadPool]: SQL status: OK in 0.001 seconds
[0m08:57:34.894542 [debug] [ThreadPool]: On create_analytics_main: COMMIT
[0m08:57:34.896143 [debug] [ThreadPool]: Using duckdb connection "create_analytics_main"
[0m08:57:34.897559 [debug] [ThreadPool]: On create_analytics_main: COMMIT
[0m08:57:34.899434 [debug] [ThreadPool]: SQL status: OK in 0.001 seconds
[0m08:57:34.901154 [debug] [ThreadPool]: On create_analytics_main: Close
[0m08:57:34.904523 [debug] [ThreadPool]: Re-using an available connection from the pool (formerly create_analytics_main, now list_analytics_main)
[0m08:57:34.911050 [debug] [ThreadPool]: Using duckdb connection "list_analytics_main"
[0m08:57:34.912610 [debug] [ThreadPool]: On list_analytics_main: BEGIN
[0m08:57:34.914078 [debug] [ThreadPool]: Opening a new connection, currently in state closed
[0m08:57:34.916337 [debug] [ThreadPool]: SQL status: OK in 0.002 seconds
[0m08:57:34.917827 [debug] [ThreadPool]: Using duckdb connection "list_analytics_main"
[0m08:57:34.919317 [debug] [ThreadPool]: On list_analytics_main: /* {"app": "dbt", "dbt_version": "1.10.6", "profile_name": "dbt_euromillions_lkh", "target_name": "dev", "connection_name": "list_analytics_main"} */
select
      'analytics' as database,
      table_name as name,
      table_schema as schema,
      CASE table_type
        WHEN 'BASE TABLE' THEN 'table'
        WHEN 'VIEW' THEN 'view'
        WHEN 'LOCAL TEMPORARY' THEN 'table'
        END as type
    from system.information_schema.tables
    where lower(table_schema) = 'main'
    and lower(table_catalog) = 'analytics'
  
[0m08:57:34.935306 [debug] [ThreadPool]: SQL status: OK in 0.015 seconds
[0m08:57:34.938516 [debug] [ThreadPool]: On list_analytics_main: ROLLBACK
[0m08:57:34.942070 [debug] [ThreadPool]: Failed to rollback 'list_analytics_main'
[0m08:57:34.943849 [debug] [ThreadPool]: On list_analytics_main: Close
[0m08:57:34.948438 [debug] [MainThread]: Sending event: {'category': 'dbt', 'action': 'runnable_timing', 'label': '3f2d7211-ef79-46f0-8b1c-7287583dcf68', 'context': [<snowplow_tracker.self_describing_json.SelfDescribingJson object at 0x7d1f3c63ab90>]}
[0m08:57:34.952101 [debug] [MainThread]: Using duckdb connection "master"
[0m08:57:34.956007 [debug] [MainThread]: On master: BEGIN
[0m08:57:34.961362 [debug] [MainThread]: Opening a new connection, currently in state init
[0m08:57:34.966494 [debug] [MainThread]: SQL status: OK in 0.005 seconds
[0m08:57:34.970565 [debug] [MainThread]: On master: COMMIT
[0m08:57:34.976417 [debug] [MainThread]: Using duckdb connection "master"
[0m08:57:34.983687 [debug] [MainThread]: On master: COMMIT
[0m08:57:34.987070 [debug] [MainThread]: SQL status: OK in 0.001 seconds
[0m08:57:34.988914 [debug] [MainThread]: On master: Close
[0m08:57:34.995674 [debug] [Thread-1 (]: Began running node model.dbt_euromillions_lkh.silver_draws
[0m08:57:34.997272 [info ] [Thread-1 (]: 1 of 2 START sql view model main.silver_draws .................................. [RUN]
[0m08:57:34.999073 [debug] [Thread-1 (]: Re-using an available connection from the pool (formerly list_analytics_main, now model.dbt_euromillions_lkh.silver_draws)
[0m08:57:35.000929 [debug] [Thread-1 (]: Began compiling node model.dbt_euromillions_lkh.silver_draws
[0m08:57:35.010435 [debug] [Thread-1 (]: Writing injected SQL for node "model.dbt_euromillions_lkh.silver_draws"
[0m08:57:35.022377 [debug] [Thread-1 (]: Began executing node model.dbt_euromillions_lkh.silver_draws
[0m08:57:35.056082 [debug] [Thread-1 (]: Writing runtime sql for node "model.dbt_euromillions_lkh.silver_draws"
[0m08:57:35.069724 [debug] [Thread-1 (]: Using duckdb connection "model.dbt_euromillions_lkh.silver_draws"
[0m08:57:35.071131 [debug] [Thread-1 (]: On model.dbt_euromillions_lkh.silver_draws: BEGIN
[0m08:57:35.072392 [debug] [Thread-1 (]: Opening a new connection, currently in state closed
[0m08:57:35.074360 [debug] [Thread-1 (]: SQL status: OK in 0.002 seconds
[0m08:57:35.075851 [debug] [Thread-1 (]: Using duckdb connection "model.dbt_euromillions_lkh.silver_draws"
[0m08:57:35.077163 [debug] [Thread-1 (]: On model.dbt_euromillions_lkh.silver_draws: /* {"app": "dbt", "dbt_version": "1.10.6", "profile_name": "dbt_euromillions_lkh", "target_name": "dev", "node_id": "model.dbt_euromillions_lkh.silver_draws"} */

  
  create view "analytics"."main"."silver_draws__dbt_tmp" as (
    select
    draw_id,
    draw_date,
    jackpot_amount

from raw_silver_draws

where jackpot_amount > 0
  );

[0m08:57:35.079129 [debug] [Thread-1 (]: SQL status: OK in 0.001 seconds
[0m08:57:35.087418 [debug] [Thread-1 (]: Using duckdb connection "model.dbt_euromillions_lkh.silver_draws"
[0m08:57:35.089226 [debug] [Thread-1 (]: On model.dbt_euromillions_lkh.silver_draws: /* {"app": "dbt", "dbt_version": "1.10.6", "profile_name": "dbt_euromillions_lkh", "target_name": "dev", "node_id": "model.dbt_euromillions_lkh.silver_draws"} */
alter view "analytics"."main"."silver_draws" rename to "silver_draws__dbt_backup"
[0m08:57:35.091534 [debug] [Thread-1 (]: SQL status: OK in 0.001 seconds
[0m08:57:35.095872 [debug] [Thread-1 (]: Using duckdb connection "model.dbt_euromillions_lkh.silver_draws"
[0m08:57:35.097632 [debug] [Thread-1 (]: On model.dbt_euromillions_lkh.silver_draws: /* {"app": "dbt", "dbt_version": "1.10.6", "profile_name": "dbt_euromillions_lkh", "target_name": "dev", "node_id": "model.dbt_euromillions_lkh.silver_draws"} */
alter view "analytics"."main"."silver_draws__dbt_tmp" rename to "silver_draws"
[0m08:57:35.100290 [debug] [Thread-1 (]: SQL status: OK in 0.001 seconds
[0m08:57:35.115313 [debug] [Thread-1 (]: On model.dbt_euromillions_lkh.silver_draws: COMMIT
[0m08:57:35.117294 [debug] [Thread-1 (]: Using duckdb connection "model.dbt_euromillions_lkh.silver_draws"
[0m08:57:35.119006 [debug] [Thread-1 (]: On model.dbt_euromillions_lkh.silver_draws: COMMIT
[0m08:57:35.129900 [debug] [Thread-1 (]: SQL status: OK in 0.009 seconds
[0m08:57:35.137326 [debug] [Thread-1 (]: Using duckdb connection "model.dbt_euromillions_lkh.silver_draws"
[0m08:57:35.139328 [debug] [Thread-1 (]: On model.dbt_euromillions_lkh.silver_draws: /* {"app": "dbt", "dbt_version": "1.10.6", "profile_name": "dbt_euromillions_lkh", "target_name": "dev", "node_id": "model.dbt_euromillions_lkh.silver_draws"} */

      drop view if exists "analytics"."main"."silver_draws__dbt_backup" cascade
    
[0m08:57:35.144030 [debug] [Thread-1 (]: SQL status: OK in 0.003 seconds
[0m08:57:35.148259 [debug] [Thread-1 (]: On model.dbt_euromillions_lkh.silver_draws: Close
[0m08:57:35.152239 [debug] [Thread-1 (]: Sending event: {'category': 'dbt', 'action': 'run_model', 'label': '3f2d7211-ef79-46f0-8b1c-7287583dcf68', 'context': [<snowplow_tracker.self_describing_json.SelfDescribingJson object at 0x7d1f3c334090>]}
[0m08:57:35.154120 [info ] [Thread-1 (]: 1 of 2 OK created sql view model main.silver_draws ............................. [[32mOK[0m in 0.15s]
[0m08:57:35.156315 [debug] [Thread-1 (]: Finished running node model.dbt_euromillions_lkh.silver_draws
[0m08:57:35.158784 [debug] [Thread-3 (]: Began running node model.dbt_euromillions_lkh.gold_jackpot_trends
[0m08:57:35.160468 [info ] [Thread-3 (]: 2 of 2 START sql incremental model main.gold_jackpot_trends .................... [RUN]
[0m08:57:35.162671 [debug] [Thread-3 (]: Acquiring new duckdb connection 'model.dbt_euromillions_lkh.gold_jackpot_trends'
[0m08:57:35.164898 [debug] [Thread-3 (]: Began compiling node model.dbt_euromillions_lkh.gold_jackpot_trends
[0m08:57:35.174934 [debug] [Thread-3 (]: Writing injected SQL for node "model.dbt_euromillions_lkh.gold_jackpot_trends"
[0m08:57:35.192339 [debug] [Thread-3 (]: Began executing node model.dbt_euromillions_lkh.gold_jackpot_trends
[0m08:57:35.249274 [debug] [Thread-3 (]: Using duckdb connection "model.dbt_euromillions_lkh.gold_jackpot_trends"
[0m08:57:35.251722 [debug] [Thread-3 (]: On model.dbt_euromillions_lkh.gold_jackpot_trends: /* {"app": "dbt", "dbt_version": "1.10.6", "profile_name": "dbt_euromillions_lkh", "target_name": "dev", "node_id": "model.dbt_euromillions_lkh.gold_jackpot_trends"} */

    
  
    
    

    create temporary table
      "gold_jackpot_trends__dbt_tmp20260520085735238645"
  
    as (
      

with source_data as (

    select *
    from "analytics"."main"."silver_draws"

),

aggregated as (

    select
        year(draw_date) as draw_year,

        count(*) as total_draws,

        avg(jackpot_amount) as avg_jackpot,

        max(jackpot_amount) as max_jackpot,

        min(jackpot_amount) as min_jackpot,

        sum(jackpot_amount) as total_jackpot_amount

    from source_data

    group by 1

)

select *
from aggregated



where draw_year not in (
    select draw_year
    from "analytics"."main"."gold_jackpot_trends"
)


    );
  
  
  
[0m08:57:35.253830 [debug] [Thread-3 (]: Opening a new connection, currently in state init
[0m08:57:35.271881 [debug] [Thread-3 (]: SQL status: OK in 0.018 seconds
[0m08:57:35.282050 [debug] [Thread-3 (]: Using duckdb connection "model.dbt_euromillions_lkh.gold_jackpot_trends"
[0m08:57:35.284207 [debug] [Thread-3 (]: On model.dbt_euromillions_lkh.gold_jackpot_trends: BEGIN
[0m08:57:35.287188 [debug] [Thread-3 (]: SQL status: OK in 0.001 seconds
[0m08:57:35.289472 [debug] [Thread-3 (]: Using duckdb connection "model.dbt_euromillions_lkh.gold_jackpot_trends"
[0m08:57:35.291673 [debug] [Thread-3 (]: On model.dbt_euromillions_lkh.gold_jackpot_trends: /* {"app": "dbt", "dbt_version": "1.10.6", "profile_name": "dbt_euromillions_lkh", "target_name": "dev", "node_id": "model.dbt_euromillions_lkh.gold_jackpot_trends"} */

      select
          column_name,
          data_type,
          character_maximum_length,
          numeric_precision,
          numeric_scale

      from system.information_schema.columns
      where table_name = 'gold_jackpot_trends__dbt_tmp20260520085735238645'
      
      
      order by ordinal_position

  
[0m08:57:35.302682 [debug] [Thread-3 (]: SQL status: OK in 0.008 seconds
[0m08:57:35.319223 [debug] [Thread-3 (]: Using duckdb connection "model.dbt_euromillions_lkh.gold_jackpot_trends"
[0m08:57:35.322498 [debug] [Thread-3 (]: On model.dbt_euromillions_lkh.gold_jackpot_trends: /* {"app": "dbt", "dbt_version": "1.10.6", "profile_name": "dbt_euromillions_lkh", "target_name": "dev", "node_id": "model.dbt_euromillions_lkh.gold_jackpot_trends"} */

      select
          column_name,
          data_type,
          character_maximum_length,
          numeric_precision,
          numeric_scale

      from system.information_schema.columns
      where table_name = 'gold_jackpot_trends'
      
      and lower(table_schema) = 'main'
      
      
      and lower(table_catalog) = 'analytics'
      
      order by ordinal_position

  
[0m08:57:35.328328 [debug] [Thread-3 (]: SQL status: OK in 0.004 seconds
[0m08:57:35.338985 [debug] [Thread-3 (]: Using duckdb connection "model.dbt_euromillions_lkh.gold_jackpot_trends"
[0m08:57:35.340578 [debug] [Thread-3 (]: On model.dbt_euromillions_lkh.gold_jackpot_trends: /* {"app": "dbt", "dbt_version": "1.10.6", "profile_name": "dbt_euromillions_lkh", "target_name": "dev", "node_id": "model.dbt_euromillions_lkh.gold_jackpot_trends"} */

      select
          column_name,
          data_type,
          character_maximum_length,
          numeric_precision,
          numeric_scale

      from system.information_schema.columns
      where table_name = 'gold_jackpot_trends'
      
      and lower(table_schema) = 'main'
      
      
      and lower(table_catalog) = 'analytics'
      
      order by ordinal_position

  
[0m08:57:35.345933 [debug] [Thread-3 (]: SQL status: OK in 0.004 seconds
[0m08:57:35.369517 [debug] [Thread-3 (]: Writing runtime sql for node "model.dbt_euromillions_lkh.gold_jackpot_trends"
[0m08:57:35.380615 [debug] [Thread-3 (]: Using duckdb connection "model.dbt_euromillions_lkh.gold_jackpot_trends"
[0m08:57:35.382759 [debug] [Thread-3 (]: On model.dbt_euromillions_lkh.gold_jackpot_trends: /* {"app": "dbt", "dbt_version": "1.10.6", "profile_name": "dbt_euromillions_lkh", "target_name": "dev", "node_id": "model.dbt_euromillions_lkh.gold_jackpot_trends"} */

        
            delete from "analytics"."main"."gold_jackpot_trends"
            where (
                draw_year) in (
                select (draw_year)
                from "gold_jackpot_trends__dbt_tmp20260520085735238645"
            );

        
    

    insert into "analytics"."main"."gold_jackpot_trends" ("draw_year", "total_draws", "avg_jackpot", "max_jackpot", "min_jackpot", "total_jackpot_amount")
    (
        select "draw_year", "total_draws", "avg_jackpot", "max_jackpot", "min_jackpot", "total_jackpot_amount"
        from "gold_jackpot_trends__dbt_tmp20260520085735238645"
    )
  
[0m08:57:35.387270 [debug] [Thread-3 (]: SQL status: OK in 0.002 seconds
[0m08:57:35.389641 [debug] [Thread-3 (]: On model.dbt_euromillions_lkh.gold_jackpot_trends: COMMIT
[0m08:57:35.391653 [debug] [Thread-3 (]: Using duckdb connection "model.dbt_euromillions_lkh.gold_jackpot_trends"
[0m08:57:35.393131 [debug] [Thread-3 (]: On model.dbt_euromillions_lkh.gold_jackpot_trends: COMMIT
[0m08:57:35.395328 [debug] [Thread-3 (]: SQL status: OK in 0.001 seconds
[0m08:57:35.397079 [debug] [Thread-3 (]: On model.dbt_euromillions_lkh.gold_jackpot_trends: Close
[0m08:57:35.399916 [debug] [Thread-3 (]: Sending event: {'category': 'dbt', 'action': 'run_model', 'label': '3f2d7211-ef79-46f0-8b1c-7287583dcf68', 'context': [<snowplow_tracker.self_describing_json.SelfDescribingJson object at 0x7d1f3b7c9c90>]}
[0m08:57:35.402415 [info ] [Thread-3 (]: 2 of 2 OK created sql incremental model main.gold_jackpot_trends ............... [[32mOK[0m in 0.24s]
[0m08:57:35.404712 [debug] [Thread-3 (]: Finished running node model.dbt_euromillions_lkh.gold_jackpot_trends
[0m08:57:35.408782 [debug] [MainThread]: Using duckdb connection "master"
[0m08:57:35.410348 [debug] [MainThread]: On master: BEGIN
[0m08:57:35.411780 [debug] [MainThread]: Opening a new connection, currently in state closed
[0m08:57:35.413904 [debug] [MainThread]: SQL status: OK in 0.002 seconds
[0m08:57:35.415257 [debug] [MainThread]: On master: COMMIT
[0m08:57:35.417399 [debug] [MainThread]: Using duckdb connection "master"
[0m08:57:35.418841 [debug] [MainThread]: On master: COMMIT
[0m08:57:35.420336 [debug] [MainThread]: SQL status: OK in 0.000 seconds
[0m08:57:35.421589 [debug] [MainThread]: On master: Close
[0m08:57:35.423038 [debug] [MainThread]: Connection 'master' was properly closed.
[0m08:57:35.424469 [debug] [MainThread]: Connection 'model.dbt_euromillions_lkh.silver_draws' was properly closed.
[0m08:57:35.425528 [debug] [MainThread]: Connection 'model.dbt_euromillions_lkh.gold_jackpot_trends' was properly closed.
[0m08:57:35.426720 [info ] [MainThread]: 
[0m08:57:35.428273 [info ] [MainThread]: Finished running 1 incremental model, 1 view model in 0 hours 0 minutes and 0.78 seconds (0.78s).
[0m08:57:35.430933 [debug] [MainThread]: Command end result
[0m08:57:35.478418 [debug] [MainThread]: Wrote artifact WritableManifest to /app/dbt_euromillions_lkh/target/manifest.json
[0m08:57:35.489809 [debug] [MainThread]: Wrote artifact SemanticManifest to /app/dbt_euromillions_lkh/target/semantic_manifest.json
[0m08:57:35.504098 [debug] [MainThread]: Wrote artifact RunExecutionResult to /app/dbt_euromillions_lkh/target/run_results.json
[0m08:57:35.505837 [info ] [MainThread]: 
[0m08:57:35.507796 [info ] [MainThread]: [32mCompleted successfully[0m
[0m08:57:35.510162 [info ] [MainThread]: 
[0m08:57:35.512231 [info ] [MainThread]: Done. PASS=2 WARN=0 ERROR=0 SKIP=0 NO-OP=0 TOTAL=2
[0m08:57:35.516811 [debug] [MainThread]: Resource report: {"command_name": "run", "command_success": true, "command_wall_clock_time": 2.7519407, "process_in_blocks": "173136", "process_kernel_time": 0.637961, "process_mem_max_rss": "159332", "process_out_blocks": "0", "process_user_time": 3.343391}
[0m08:57:35.519350 [debug] [MainThread]: Command `dbt run` succeeded at 08:57:35.518966 after 2.75 seconds
[0m08:57:35.522486 [debug] [MainThread]: Sending event: {'category': 'dbt', 'action': 'invocation', 'label': 'end', 'context': [<snowplow_tracker.self_describing_json.SelfDescribingJson object at 0x7d1f40a1b910>, <snowplow_tracker.self_describing_json.SelfDescribingJson object at 0x7d1f40af6dd0>, <snowplow_tracker.self_describing_json.SelfDescribingJson object at 0x7d1f42dc4cd0>]}
[0m08:57:35.524722 [debug] [MainThread]: Flushing usage events
[0m08:57:35.985432 [debug] [MainThread]: An error was encountered while trying to flush usage events
[0m09:33:21.200179 [debug] [MainThread]: Sending event: {'category': 'dbt', 'action': 'invocation', 'label': 'start', 'context': [<snowplow_tracker.self_describing_json.SelfDescribingJson object at 0x7e69f4606d90>, <snowplow_tracker.self_describing_json.SelfDescribingJson object at 0x7e69f4640890>, <snowplow_tracker.self_describing_json.SelfDescribingJson object at 0x7e69f4640690>]}


============================== 09:33:21.205637 | 76bb360c-0b52-4504-a5d4-5e2ba2b65662 ==============================
[0m09:33:21.205637 [info ] [MainThread]: Running with dbt=1.10.6
[0m09:33:21.208079 [debug] [MainThread]: running dbt with arguments {'printer_width': '80', 'indirect_selection': 'eager', 'log_cache_events': 'False', 'write_json': 'True', 'partial_parse': 'True', 'cache_selected_only': 'False', 'profiles_dir': '/root/.dbt', 'fail_fast': 'False', 'version_check': 'True', 'log_path': '/app/dbt_euromillions_lkh/logs', 'warn_error': 'None', 'debug': 'False', 'use_colors': 'True', 'use_experimental_parser': 'False', 'empty': 'False', 'quiet': 'False', 'no_print': 'None', 'warn_error_options': 'WarnErrorOptionsV2(error=[], warn=[], silence=[])', 'invocation_command': 'dbt run', 'log_format': 'default', 'introspect': 'True', 'target_path': 'None', 'static_parser': 'True', 'send_anonymous_usage_stats': 'True'}
[0m09:33:21.469450 [debug] [MainThread]: Sending event: {'category': 'dbt', 'action': 'project_id', 'label': '76bb360c-0b52-4504-a5d4-5e2ba2b65662', 'context': [<snowplow_tracker.self_describing_json.SelfDescribingJson object at 0x7e69f0538dd0>]}
[0m09:33:21.546005 [debug] [MainThread]: Sending event: {'category': 'dbt', 'action': 'adapter_info', 'label': '76bb360c-0b52-4504-a5d4-5e2ba2b65662', 'context': [<snowplow_tracker.self_describing_json.SelfDescribingJson object at 0x7e69f75f9ed0>]}
[0m09:33:21.550594 [info ] [MainThread]: Registered adapter: duckdb=1.9.4
[0m09:33:21.682076 [debug] [MainThread]: checksum: f6e4baf4de20596ffb9d14e6ef805989eb0e1950dedc3cc83d03f20aa023904c, vars: {}, profile: , target: , version: 1.10.6
[0m09:33:22.089792 [debug] [MainThread]: Partial parsing enabled: 0 files deleted, 0 files added, 1 files changed.
[0m09:33:22.093182 [debug] [MainThread]: Partial parsing: updated file: dbt_euromillions_lkh://models/silver/silver_draws.sql
[0m09:33:22.619541 [debug] [MainThread]: Sending event: {'category': 'dbt', 'action': 'load_project', 'label': '76bb360c-0b52-4504-a5d4-5e2ba2b65662', 'context': [<snowplow_tracker.self_describing_json.SelfDescribingJson object at 0x7e69f0277dd0>]}
[0m09:33:22.734774 [debug] [MainThread]: Wrote artifact WritableManifest to /app/dbt_euromillions_lkh/target/manifest.json
[0m09:33:22.746231 [debug] [MainThread]: Wrote artifact SemanticManifest to /app/dbt_euromillions_lkh/target/semantic_manifest.json
[0m09:33:22.800714 [debug] [MainThread]: Sending event: {'category': 'dbt', 'action': 'resource_counts', 'label': '76bb360c-0b52-4504-a5d4-5e2ba2b65662', 'context': [<snowplow_tracker.self_describing_json.SelfDescribingJson object at 0x7e69f44b3c90>]}
[0m09:33:22.802944 [info ] [MainThread]: Found 2 models, 8 data tests, 429 macros
[0m09:33:22.805051 [debug] [MainThread]: Sending event: {'category': 'dbt', 'action': 'runnable_timing', 'label': '76bb360c-0b52-4504-a5d4-5e2ba2b65662', 'context': [<snowplow_tracker.self_describing_json.SelfDescribingJson object at 0x7e69f00dde90>]}
[0m09:33:22.810658 [info ] [MainThread]: 
[0m09:33:22.812803 [info ] [MainThread]: Concurrency: 4 threads (target='dev')
[0m09:33:22.815519 [info ] [MainThread]: 
[0m09:33:22.818268 [debug] [MainThread]: Acquiring new duckdb connection 'master'
[0m09:33:22.831588 [debug] [ThreadPool]: Acquiring new duckdb connection 'list_analytics'
[0m09:33:22.931068 [debug] [ThreadPool]: Using duckdb connection "list_analytics"
[0m09:33:22.932516 [debug] [ThreadPool]: On list_analytics: /* {"app": "dbt", "dbt_version": "1.10.6", "profile_name": "dbt_euromillions_lkh", "target_name": "dev", "connection_name": "list_analytics"} */

    
    select schema_name
    from system.information_schema.schemata
    
    where lower(catalog_name) = '"analytics"'
    
  
  
[0m09:33:22.933954 [debug] [ThreadPool]: Opening a new connection, currently in state init
[0m09:33:22.967235 [debug] [ThreadPool]: SQL status: OK in 0.033 seconds
[0m09:33:22.970605 [debug] [ThreadPool]: On list_analytics: Close
[0m09:33:22.972618 [debug] [ThreadPool]: Re-using an available connection from the pool (formerly list_analytics, now create_analytics_main)
[0m09:33:22.974223 [debug] [ThreadPool]: Creating schema "database: "analytics"
schema: "main"
"
[0m09:33:22.985879 [debug] [ThreadPool]: Using duckdb connection "create_analytics_main"
[0m09:33:22.987348 [debug] [ThreadPool]: On create_analytics_main: /* {"app": "dbt", "dbt_version": "1.10.6", "profile_name": "dbt_euromillions_lkh", "target_name": "dev", "connection_name": "create_analytics_main"} */

    
        select type from duckdb_databases()
        where lower(database_name)='analytics'
        and type='sqlite'
    
  
[0m09:33:22.988679 [debug] [ThreadPool]: Opening a new connection, currently in state closed
[0m09:33:22.992661 [debug] [ThreadPool]: SQL status: OK in 0.004 seconds
[0m09:33:22.995569 [debug] [ThreadPool]: Using duckdb connection "create_analytics_main"
[0m09:33:22.997227 [debug] [ThreadPool]: On create_analytics_main: BEGIN
[0m09:33:22.999417 [debug] [ThreadPool]: SQL status: OK in 0.001 seconds
[0m09:33:23.001103 [debug] [ThreadPool]: Using duckdb connection "create_analytics_main"
[0m09:33:23.002442 [debug] [ThreadPool]: On create_analytics_main: /* {"app": "dbt", "dbt_version": "1.10.6", "profile_name": "dbt_euromillions_lkh", "target_name": "dev", "connection_name": "create_analytics_main"} */

    
    
        create schema if not exists "analytics"."main"
    
[0m09:33:23.004344 [debug] [ThreadPool]: SQL status: OK in 0.001 seconds
[0m09:33:23.006369 [debug] [ThreadPool]: On create_analytics_main: COMMIT
[0m09:33:23.008127 [debug] [ThreadPool]: Using duckdb connection "create_analytics_main"
[0m09:33:23.010045 [debug] [ThreadPool]: On create_analytics_main: COMMIT
[0m09:33:23.012026 [debug] [ThreadPool]: SQL status: OK in 0.001 seconds
[0m09:33:23.013348 [debug] [ThreadPool]: On create_analytics_main: Close
[0m09:33:23.016754 [debug] [ThreadPool]: Re-using an available connection from the pool (formerly create_analytics_main, now list_analytics_main)
[0m09:33:23.024650 [debug] [ThreadPool]: Using duckdb connection "list_analytics_main"
[0m09:33:23.027127 [debug] [ThreadPool]: On list_analytics_main: BEGIN
[0m09:33:23.028485 [debug] [ThreadPool]: Opening a new connection, currently in state closed
[0m09:33:23.030163 [debug] [ThreadPool]: SQL status: OK in 0.002 seconds
[0m09:33:23.031531 [debug] [ThreadPool]: Using duckdb connection "list_analytics_main"
[0m09:33:23.032623 [debug] [ThreadPool]: On list_analytics_main: /* {"app": "dbt", "dbt_version": "1.10.6", "profile_name": "dbt_euromillions_lkh", "target_name": "dev", "connection_name": "list_analytics_main"} */
select
      'analytics' as database,
      table_name as name,
      table_schema as schema,
      CASE table_type
        WHEN 'BASE TABLE' THEN 'table'
        WHEN 'VIEW' THEN 'view'
        WHEN 'LOCAL TEMPORARY' THEN 'table'
        END as type
    from system.information_schema.tables
    where lower(table_schema) = 'main'
    and lower(table_catalog) = 'analytics'
  
[0m09:33:23.054834 [debug] [ThreadPool]: SQL status: OK in 0.021 seconds
[0m09:33:23.057686 [debug] [ThreadPool]: On list_analytics_main: ROLLBACK
[0m09:33:23.061038 [debug] [ThreadPool]: Failed to rollback 'list_analytics_main'
[0m09:33:23.062363 [debug] [ThreadPool]: On list_analytics_main: Close
[0m09:33:23.065438 [debug] [MainThread]: Sending event: {'category': 'dbt', 'action': 'runnable_timing', 'label': '76bb360c-0b52-4504-a5d4-5e2ba2b65662', 'context': [<snowplow_tracker.self_describing_json.SelfDescribingJson object at 0x7e69eef1df50>]}
[0m09:33:23.067281 [debug] [MainThread]: Using duckdb connection "master"
[0m09:33:23.069162 [debug] [MainThread]: On master: BEGIN
[0m09:33:23.070426 [debug] [MainThread]: Opening a new connection, currently in state init
[0m09:33:23.072855 [debug] [MainThread]: SQL status: OK in 0.002 seconds
[0m09:33:23.074114 [debug] [MainThread]: On master: COMMIT
[0m09:33:23.075488 [debug] [MainThread]: Using duckdb connection "master"
[0m09:33:23.077245 [debug] [MainThread]: On master: COMMIT
[0m09:33:23.079258 [debug] [MainThread]: SQL status: OK in 0.001 seconds
[0m09:33:23.080494 [debug] [MainThread]: On master: Close
[0m09:33:23.087199 [debug] [Thread-1 (]: Began running node model.dbt_euromillions_lkh.silver_draws
[0m09:33:23.088687 [info ] [Thread-1 (]: 1 of 2 START sql view model main.silver_draws .................................. [RUN]
[0m09:33:23.090506 [debug] [Thread-1 (]: Re-using an available connection from the pool (formerly list_analytics_main, now model.dbt_euromillions_lkh.silver_draws)
[0m09:33:23.092132 [debug] [Thread-1 (]: Began compiling node model.dbt_euromillions_lkh.silver_draws
[0m09:33:23.102808 [debug] [Thread-1 (]: Writing injected SQL for node "model.dbt_euromillions_lkh.silver_draws"
[0m09:33:23.117938 [debug] [Thread-1 (]: Began executing node model.dbt_euromillions_lkh.silver_draws
[0m09:33:23.172837 [debug] [Thread-1 (]: Writing runtime sql for node "model.dbt_euromillions_lkh.silver_draws"
[0m09:33:23.185471 [debug] [Thread-1 (]: Using duckdb connection "model.dbt_euromillions_lkh.silver_draws"
[0m09:33:23.186974 [debug] [Thread-1 (]: On model.dbt_euromillions_lkh.silver_draws: BEGIN
[0m09:33:23.188311 [debug] [Thread-1 (]: Opening a new connection, currently in state closed
[0m09:33:23.190663 [debug] [Thread-1 (]: SQL status: OK in 0.002 seconds
[0m09:33:23.192739 [debug] [Thread-1 (]: Using duckdb connection "model.dbt_euromillions_lkh.silver_draws"
[0m09:33:23.194827 [debug] [Thread-1 (]: On model.dbt_euromillions_lkh.silver_draws: /* {"app": "dbt", "dbt_version": "1.10.6", "profile_name": "dbt_euromillions_lkh", "target_name": "dev", "node_id": "model.dbt_euromillions_lkh.silver_draws"} */

  
  create view "analytics"."main"."silver_draws__dbt_tmp" as (
    select
    draw_id,
    draw_date,
    jackpot_amount,

    'EUR' as jackpot_currency,

    year(draw_date) as draw_year,

    month(draw_date) as draw_month

from raw_bronze_draws

where jackpot_amount > 0
  );

[0m09:33:23.197586 [debug] [Thread-1 (]: SQL status: OK in 0.001 seconds
[0m09:33:23.205511 [debug] [Thread-1 (]: Using duckdb connection "model.dbt_euromillions_lkh.silver_draws"
[0m09:33:23.207636 [debug] [Thread-1 (]: On model.dbt_euromillions_lkh.silver_draws: /* {"app": "dbt", "dbt_version": "1.10.6", "profile_name": "dbt_euromillions_lkh", "target_name": "dev", "node_id": "model.dbt_euromillions_lkh.silver_draws"} */
alter view "analytics"."main"."silver_draws__dbt_tmp" rename to "silver_draws"
[0m09:33:23.210916 [debug] [Thread-1 (]: SQL status: OK in 0.001 seconds
[0m09:33:23.223489 [debug] [Thread-1 (]: On model.dbt_euromillions_lkh.silver_draws: COMMIT
[0m09:33:23.225053 [debug] [Thread-1 (]: Using duckdb connection "model.dbt_euromillions_lkh.silver_draws"
[0m09:33:23.227162 [debug] [Thread-1 (]: On model.dbt_euromillions_lkh.silver_draws: COMMIT
[0m09:33:23.235431 [debug] [Thread-1 (]: SQL status: OK in 0.007 seconds
[0m09:33:23.243360 [debug] [Thread-1 (]: Using duckdb connection "model.dbt_euromillions_lkh.silver_draws"
[0m09:33:23.245239 [debug] [Thread-1 (]: On model.dbt_euromillions_lkh.silver_draws: /* {"app": "dbt", "dbt_version": "1.10.6", "profile_name": "dbt_euromillions_lkh", "target_name": "dev", "node_id": "model.dbt_euromillions_lkh.silver_draws"} */

      drop view if exists "analytics"."main"."silver_draws__dbt_backup" cascade
    
[0m09:33:23.247567 [debug] [Thread-1 (]: SQL status: OK in 0.001 seconds
[0m09:33:23.251429 [debug] [Thread-1 (]: On model.dbt_euromillions_lkh.silver_draws: Close
[0m09:33:23.255424 [debug] [Thread-1 (]: Sending event: {'category': 'dbt', 'action': 'run_model', 'label': '76bb360c-0b52-4504-a5d4-5e2ba2b65662', 'context': [<snowplow_tracker.self_describing_json.SelfDescribingJson object at 0x7e69f050ea50>]}
[0m09:33:23.257982 [info ] [Thread-1 (]: 1 of 2 OK created sql view model main.silver_draws ............................. [[32mOK[0m in 0.16s]
[0m09:33:23.260903 [debug] [Thread-1 (]: Finished running node model.dbt_euromillions_lkh.silver_draws
[0m09:33:23.264052 [debug] [Thread-3 (]: Began running node model.dbt_euromillions_lkh.gold_jackpot_trends
[0m09:33:23.265510 [info ] [Thread-3 (]: 2 of 2 START sql incremental model main.gold_jackpot_trends .................... [RUN]
[0m09:33:23.267710 [debug] [Thread-3 (]: Acquiring new duckdb connection 'model.dbt_euromillions_lkh.gold_jackpot_trends'
[0m09:33:23.269673 [debug] [Thread-3 (]: Began compiling node model.dbt_euromillions_lkh.gold_jackpot_trends
[0m09:33:23.284913 [debug] [Thread-3 (]: Writing injected SQL for node "model.dbt_euromillions_lkh.gold_jackpot_trends"
[0m09:33:23.299053 [debug] [Thread-3 (]: Began executing node model.dbt_euromillions_lkh.gold_jackpot_trends
[0m09:33:23.347087 [debug] [Thread-3 (]: Using duckdb connection "model.dbt_euromillions_lkh.gold_jackpot_trends"
[0m09:33:23.348931 [debug] [Thread-3 (]: On model.dbt_euromillions_lkh.gold_jackpot_trends: /* {"app": "dbt", "dbt_version": "1.10.6", "profile_name": "dbt_euromillions_lkh", "target_name": "dev", "node_id": "model.dbt_euromillions_lkh.gold_jackpot_trends"} */

    
  
    
    

    create temporary table
      "gold_jackpot_trends__dbt_tmp20260520093323335476"
  
    as (
      

with source_data as (

    select *
    from "analytics"."main"."silver_draws"

),

aggregated as (

    select
        year(draw_date) as draw_year,

        count(*) as total_draws,

        avg(jackpot_amount) as avg_jackpot,

        max(jackpot_amount) as max_jackpot,

        min(jackpot_amount) as min_jackpot,

        sum(jackpot_amount) as total_jackpot_amount

    from source_data

    group by 1

)

select *
from aggregated



where draw_year not in (
    select draw_year
    from "analytics"."main"."gold_jackpot_trends"
)


    );
  
  
  
[0m09:33:23.350819 [debug] [Thread-3 (]: Opening a new connection, currently in state init
[0m09:33:23.365907 [debug] [Thread-3 (]: SQL status: OK in 0.015 seconds
[0m09:33:23.377110 [debug] [Thread-3 (]: Using duckdb connection "model.dbt_euromillions_lkh.gold_jackpot_trends"
[0m09:33:23.379094 [debug] [Thread-3 (]: On model.dbt_euromillions_lkh.gold_jackpot_trends: BEGIN
[0m09:33:23.381504 [debug] [Thread-3 (]: SQL status: OK in 0.000 seconds
[0m09:33:23.383717 [debug] [Thread-3 (]: Using duckdb connection "model.dbt_euromillions_lkh.gold_jackpot_trends"
[0m09:33:23.385777 [debug] [Thread-3 (]: On model.dbt_euromillions_lkh.gold_jackpot_trends: /* {"app": "dbt", "dbt_version": "1.10.6", "profile_name": "dbt_euromillions_lkh", "target_name": "dev", "node_id": "model.dbt_euromillions_lkh.gold_jackpot_trends"} */

      select
          column_name,
          data_type,
          character_maximum_length,
          numeric_precision,
          numeric_scale

      from system.information_schema.columns
      where table_name = 'gold_jackpot_trends__dbt_tmp20260520093323335476'
      
      
      order by ordinal_position

  
[0m09:33:23.391485 [debug] [Thread-3 (]: SQL status: OK in 0.004 seconds
[0m09:33:23.401176 [debug] [Thread-3 (]: Using duckdb connection "model.dbt_euromillions_lkh.gold_jackpot_trends"
[0m09:33:23.403402 [debug] [Thread-3 (]: On model.dbt_euromillions_lkh.gold_jackpot_trends: /* {"app": "dbt", "dbt_version": "1.10.6", "profile_name": "dbt_euromillions_lkh", "target_name": "dev", "node_id": "model.dbt_euromillions_lkh.gold_jackpot_trends"} */

      select
          column_name,
          data_type,
          character_maximum_length,
          numeric_precision,
          numeric_scale

      from system.information_schema.columns
      where table_name = 'gold_jackpot_trends'
      
      and lower(table_schema) = 'main'
      
      
      and lower(table_catalog) = 'analytics'
      
      order by ordinal_position

  
[0m09:33:23.409608 [debug] [Thread-3 (]: SQL status: OK in 0.004 seconds
[0m09:33:23.421524 [debug] [Thread-3 (]: Using duckdb connection "model.dbt_euromillions_lkh.gold_jackpot_trends"
[0m09:33:23.423529 [debug] [Thread-3 (]: On model.dbt_euromillions_lkh.gold_jackpot_trends: /* {"app": "dbt", "dbt_version": "1.10.6", "profile_name": "dbt_euromillions_lkh", "target_name": "dev", "node_id": "model.dbt_euromillions_lkh.gold_jackpot_trends"} */

      select
          column_name,
          data_type,
          character_maximum_length,
          numeric_precision,
          numeric_scale

      from system.information_schema.columns
      where table_name = 'gold_jackpot_trends'
      
      and lower(table_schema) = 'main'
      
      
      and lower(table_catalog) = 'analytics'
      
      order by ordinal_position

  
[0m09:33:23.429035 [debug] [Thread-3 (]: SQL status: OK in 0.004 seconds
[0m09:33:23.457871 [debug] [Thread-3 (]: Writing runtime sql for node "model.dbt_euromillions_lkh.gold_jackpot_trends"
[0m09:33:23.471306 [debug] [Thread-3 (]: Using duckdb connection "model.dbt_euromillions_lkh.gold_jackpot_trends"
[0m09:33:23.473761 [debug] [Thread-3 (]: On model.dbt_euromillions_lkh.gold_jackpot_trends: /* {"app": "dbt", "dbt_version": "1.10.6", "profile_name": "dbt_euromillions_lkh", "target_name": "dev", "node_id": "model.dbt_euromillions_lkh.gold_jackpot_trends"} */

        
            delete from "analytics"."main"."gold_jackpot_trends"
            where (
                draw_year) in (
                select (draw_year)
                from "gold_jackpot_trends__dbt_tmp20260520093323335476"
            );

        
    

    insert into "analytics"."main"."gold_jackpot_trends" ("draw_year", "total_draws", "avg_jackpot", "max_jackpot", "min_jackpot", "total_jackpot_amount")
    (
        select "draw_year", "total_draws", "avg_jackpot", "max_jackpot", "min_jackpot", "total_jackpot_amount"
        from "gold_jackpot_trends__dbt_tmp20260520093323335476"
    )
  
[0m09:33:23.479081 [debug] [Thread-3 (]: SQL status: OK in 0.003 seconds
[0m09:33:23.483042 [debug] [Thread-3 (]: On model.dbt_euromillions_lkh.gold_jackpot_trends: COMMIT
[0m09:33:23.485091 [debug] [Thread-3 (]: Using duckdb connection "model.dbt_euromillions_lkh.gold_jackpot_trends"
[0m09:33:23.487444 [debug] [Thread-3 (]: On model.dbt_euromillions_lkh.gold_jackpot_trends: COMMIT
[0m09:33:23.496846 [debug] [Thread-3 (]: SQL status: OK in 0.007 seconds
[0m09:33:23.499872 [debug] [Thread-3 (]: On model.dbt_euromillions_lkh.gold_jackpot_trends: Close
[0m09:33:23.503153 [debug] [Thread-3 (]: Sending event: {'category': 'dbt', 'action': 'run_model', 'label': '76bb360c-0b52-4504-a5d4-5e2ba2b65662', 'context': [<snowplow_tracker.self_describing_json.SelfDescribingJson object at 0x7e69ee3bacd0>]}
[0m09:33:23.505463 [info ] [Thread-3 (]: 2 of 2 OK created sql incremental model main.gold_jackpot_trends ............... [[32mOK[0m in 0.24s]
[0m09:33:23.508207 [debug] [Thread-3 (]: Finished running node model.dbt_euromillions_lkh.gold_jackpot_trends
[0m09:33:23.514061 [debug] [MainThread]: Using duckdb connection "master"
[0m09:33:23.515666 [debug] [MainThread]: On master: BEGIN
[0m09:33:23.517397 [debug] [MainThread]: Opening a new connection, currently in state closed
[0m09:33:23.519612 [debug] [MainThread]: SQL status: OK in 0.002 seconds
[0m09:33:23.521016 [debug] [MainThread]: On master: COMMIT
[0m09:33:23.522212 [debug] [MainThread]: Using duckdb connection "master"
[0m09:33:23.523297 [debug] [MainThread]: On master: COMMIT
[0m09:33:23.525437 [debug] [MainThread]: SQL status: OK in 0.001 seconds
[0m09:33:23.527387 [debug] [MainThread]: On master: Close
[0m09:33:23.529099 [debug] [MainThread]: Connection 'master' was properly closed.
[0m09:33:23.530278 [debug] [MainThread]: Connection 'model.dbt_euromillions_lkh.silver_draws' was properly closed.
[0m09:33:23.531432 [debug] [MainThread]: Connection 'model.dbt_euromillions_lkh.gold_jackpot_trends' was properly closed.
[0m09:33:23.532892 [info ] [MainThread]: 
[0m09:33:23.534981 [info ] [MainThread]: Finished running 1 incremental model, 1 view model in 0 hours 0 minutes and 0.72 seconds (0.72s).
[0m09:33:23.537390 [debug] [MainThread]: Command end result
[0m09:33:23.586498 [debug] [MainThread]: Wrote artifact WritableManifest to /app/dbt_euromillions_lkh/target/manifest.json
[0m09:33:23.594385 [debug] [MainThread]: Wrote artifact SemanticManifest to /app/dbt_euromillions_lkh/target/semantic_manifest.json
[0m09:33:23.609262 [debug] [MainThread]: Wrote artifact RunExecutionResult to /app/dbt_euromillions_lkh/target/run_results.json
[0m09:33:23.611487 [info ] [MainThread]: 
[0m09:33:23.614490 [info ] [MainThread]: [32mCompleted successfully[0m
[0m09:33:23.617175 [info ] [MainThread]: 
[0m09:33:23.619352 [info ] [MainThread]: Done. PASS=2 WARN=0 ERROR=0 SKIP=0 NO-OP=0 TOTAL=2
[0m09:33:23.623683 [debug] [MainThread]: Resource report: {"command_name": "run", "command_success": true, "command_wall_clock_time": 2.511168, "process_in_blocks": "56952", "process_kernel_time": 0.698985, "process_mem_max_rss": "162376", "process_out_blocks": "0", "process_user_time": 3.240382}
[0m09:33:23.626411 [debug] [MainThread]: Command `dbt run` succeeded at 09:33:23.625855 after 2.51 seconds
[0m09:33:23.628575 [debug] [MainThread]: Sending event: {'category': 'dbt', 'action': 'invocation', 'label': 'end', 'context': [<snowplow_tracker.self_describing_json.SelfDescribingJson object at 0x7e69f446b010>, <snowplow_tracker.self_describing_json.SelfDescribingJson object at 0x7e69f470acd0>, <snowplow_tracker.self_describing_json.SelfDescribingJson object at 0x7e69f9030c90>]}
[0m09:33:23.631875 [debug] [MainThread]: Flushing usage events
[0m09:33:24.103163 [debug] [MainThread]: An error was encountered while trying to flush usage events
[0m09:33:32.374326 [debug] [MainThread]: Sending event: {'category': 'dbt', 'action': 'invocation', 'label': 'start', 'context': [<snowplow_tracker.self_describing_json.SelfDescribingJson object at 0x76b7f9ccc7d0>, <snowplow_tracker.self_describing_json.SelfDescribingJson object at 0x76b7fc2be450>, <snowplow_tracker.self_describing_json.SelfDescribingJson object at 0x76b7f9f82190>]}


============================== 09:33:32.379714 | e4e619cf-7bb1-48f2-b7b2-8cd8191004e2 ==============================
[0m09:33:32.379714 [info ] [MainThread]: Running with dbt=1.10.6
[0m09:33:32.382240 [debug] [MainThread]: running dbt with arguments {'printer_width': '80', 'indirect_selection': 'eager', 'log_cache_events': 'False', 'write_json': 'True', 'partial_parse': 'True', 'cache_selected_only': 'False', 'profiles_dir': '/root/.dbt', 'version_check': 'True', 'fail_fast': 'False', 'log_path': '/app/dbt_euromillions_lkh/logs', 'debug': 'False', 'warn_error': 'None', 'use_colors': 'True', 'use_experimental_parser': 'False', 'empty': 'None', 'quiet': 'False', 'no_print': 'None', 'log_format': 'default', 'invocation_command': 'dbt test', 'warn_error_options': 'WarnErrorOptionsV2(error=[], warn=[], silence=[])', 'static_parser': 'True', 'target_path': 'None', 'introspect': 'True', 'send_anonymous_usage_stats': 'True'}
[0m09:33:32.707540 [debug] [MainThread]: Sending event: {'category': 'dbt', 'action': 'project_id', 'label': 'e4e619cf-7bb1-48f2-b7b2-8cd8191004e2', 'context': [<snowplow_tracker.self_describing_json.SelfDescribingJson object at 0x76b7f9cc6890>]}
[0m09:33:32.813638 [debug] [MainThread]: Sending event: {'category': 'dbt', 'action': 'adapter_info', 'label': 'e4e619cf-7bb1-48f2-b7b2-8cd8191004e2', 'context': [<snowplow_tracker.self_describing_json.SelfDescribingJson object at 0x76b7fccf20d0>]}
[0m09:33:32.818809 [info ] [MainThread]: Registered adapter: duckdb=1.9.4
[0m09:33:33.010488 [debug] [MainThread]: checksum: f6e4baf4de20596ffb9d14e6ef805989eb0e1950dedc3cc83d03f20aa023904c, vars: {}, profile: , target: , version: 1.10.6
[0m09:33:33.565671 [debug] [MainThread]: Partial parsing enabled: 0 files deleted, 0 files added, 0 files changed.
[0m09:33:33.566925 [debug] [MainThread]: Partial parsing enabled, no changes found, skipping parsing
[0m09:33:33.622642 [debug] [MainThread]: Sending event: {'category': 'dbt', 'action': 'load_project', 'label': 'e4e619cf-7bb1-48f2-b7b2-8cd8191004e2', 'context': [<snowplow_tracker.self_describing_json.SelfDescribingJson object at 0x76b7f59019d0>]}
[0m09:33:33.742740 [debug] [MainThread]: Wrote artifact WritableManifest to /app/dbt_euromillions_lkh/target/manifest.json
[0m09:33:33.752215 [debug] [MainThread]: Wrote artifact SemanticManifest to /app/dbt_euromillions_lkh/target/semantic_manifest.json
[0m09:33:33.804019 [debug] [MainThread]: Sending event: {'category': 'dbt', 'action': 'resource_counts', 'label': 'e4e619cf-7bb1-48f2-b7b2-8cd8191004e2', 'context': [<snowplow_tracker.self_describing_json.SelfDescribingJson object at 0x76b7f57e3dd0>]}
[0m09:33:33.807640 [info ] [MainThread]: Found 2 models, 8 data tests, 429 macros
[0m09:33:33.811294 [debug] [MainThread]: Sending event: {'category': 'dbt', 'action': 'runnable_timing', 'label': 'e4e619cf-7bb1-48f2-b7b2-8cd8191004e2', 'context': [<snowplow_tracker.self_describing_json.SelfDescribingJson object at 0x76b7f59c0890>]}
[0m09:33:33.817027 [info ] [MainThread]: 
[0m09:33:33.819325 [info ] [MainThread]: Concurrency: 4 threads (target='dev')
[0m09:33:33.826660 [info ] [MainThread]: 
[0m09:33:33.831738 [debug] [MainThread]: Acquiring new duckdb connection 'master'
[0m09:33:33.845775 [debug] [ThreadPool]: Acquiring new duckdb connection 'list_analytics_main'
[0m09:33:33.959039 [debug] [ThreadPool]: Using duckdb connection "list_analytics_main"
[0m09:33:33.961004 [debug] [ThreadPool]: On list_analytics_main: BEGIN
[0m09:33:33.962971 [debug] [ThreadPool]: Opening a new connection, currently in state init
[0m09:33:33.995511 [debug] [ThreadPool]: SQL status: OK in 0.033 seconds
[0m09:33:33.997339 [debug] [ThreadPool]: Using duckdb connection "list_analytics_main"
[0m09:33:33.999293 [debug] [ThreadPool]: On list_analytics_main: /* {"app": "dbt", "dbt_version": "1.10.6", "profile_name": "dbt_euromillions_lkh", "target_name": "dev", "connection_name": "list_analytics_main"} */
select
      'analytics' as database,
      table_name as name,
      table_schema as schema,
      CASE table_type
        WHEN 'BASE TABLE' THEN 'table'
        WHEN 'VIEW' THEN 'view'
        WHEN 'LOCAL TEMPORARY' THEN 'table'
        END as type
    from system.information_schema.tables
    where lower(table_schema) = 'main'
    and lower(table_catalog) = 'analytics'
  
[0m09:33:34.017563 [debug] [ThreadPool]: SQL status: OK in 0.016 seconds
[0m09:33:34.020493 [debug] [ThreadPool]: On list_analytics_main: ROLLBACK
[0m09:33:34.023448 [debug] [ThreadPool]: Failed to rollback 'list_analytics_main'
[0m09:33:34.025542 [debug] [ThreadPool]: On list_analytics_main: Close
[0m09:33:34.028973 [debug] [MainThread]: Sending event: {'category': 'dbt', 'action': 'runnable_timing', 'label': 'e4e619cf-7bb1-48f2-b7b2-8cd8191004e2', 'context': [<snowplow_tracker.self_describing_json.SelfDescribingJson object at 0x76b7f4e00310>]}
[0m09:33:34.031033 [debug] [MainThread]: Using duckdb connection "master"
[0m09:33:34.032474 [debug] [MainThread]: On master: BEGIN
[0m09:33:34.033930 [debug] [MainThread]: Opening a new connection, currently in state init
[0m09:33:34.036170 [debug] [MainThread]: SQL status: OK in 0.002 seconds
[0m09:33:34.037843 [debug] [MainThread]: On master: COMMIT
[0m09:33:34.039444 [debug] [MainThread]: Using duckdb connection "master"
[0m09:33:34.041277 [debug] [MainThread]: On master: COMMIT
[0m09:33:34.043492 [debug] [MainThread]: SQL status: OK in 0.001 seconds
[0m09:33:34.045047 [debug] [MainThread]: On master: Close
[0m09:33:34.051570 [debug] [Thread-1 (]: Began running node test.dbt_euromillions_lkh.not_null_gold_jackpot_trends_avg_jackpot.c8e8982f74
[0m09:33:34.052501 [debug] [Thread-2 (]: Began running node test.dbt_euromillions_lkh.not_null_gold_jackpot_trends_draw_year.3193289f27
[0m09:33:34.053397 [debug] [Thread-3 (]: Began running node test.dbt_euromillions_lkh.not_null_gold_jackpot_trends_total_draws.2ec2f51beb
[0m09:33:34.054211 [debug] [Thread-4 (]: Began running node test.dbt_euromillions_lkh.not_null_silver_draws_draw_date.4bbef64017
[0m09:33:34.055157 [info ] [Thread-1 (]: 1 of 8 START test not_null_gold_jackpot_trends_avg_jackpot ..................... [RUN]
[0m09:33:34.057254 [info ] [Thread-2 (]: 2 of 8 START test not_null_gold_jackpot_trends_draw_year ....................... [RUN]
[0m09:33:34.059482 [info ] [Thread-3 (]: 3 of 8 START test not_null_gold_jackpot_trends_total_draws ..................... [RUN]
[0m09:33:34.061669 [info ] [Thread-4 (]: 4 of 8 START test not_null_silver_draws_draw_date .............................. [RUN]
[0m09:33:34.063715 [debug] [Thread-1 (]: Re-using an available connection from the pool (formerly list_analytics_main, now test.dbt_euromillions_lkh.not_null_gold_jackpot_trends_avg_jackpot.c8e8982f74)
[0m09:33:34.066111 [debug] [Thread-2 (]: Acquiring new duckdb connection 'test.dbt_euromillions_lkh.not_null_gold_jackpot_trends_draw_year.3193289f27'
[0m09:33:34.068917 [debug] [Thread-3 (]: Acquiring new duckdb connection 'test.dbt_euromillions_lkh.not_null_gold_jackpot_trends_total_draws.2ec2f51beb'
[0m09:33:34.072219 [debug] [Thread-4 (]: Acquiring new duckdb connection 'test.dbt_euromillions_lkh.not_null_silver_draws_draw_date.4bbef64017'
[0m09:33:34.075013 [debug] [Thread-1 (]: Began compiling node test.dbt_euromillions_lkh.not_null_gold_jackpot_trends_avg_jackpot.c8e8982f74
[0m09:33:34.076934 [debug] [Thread-2 (]: Began compiling node test.dbt_euromillions_lkh.not_null_gold_jackpot_trends_draw_year.3193289f27
[0m09:33:34.078755 [debug] [Thread-3 (]: Began compiling node test.dbt_euromillions_lkh.not_null_gold_jackpot_trends_total_draws.2ec2f51beb
[0m09:33:34.080881 [debug] [Thread-4 (]: Began compiling node test.dbt_euromillions_lkh.not_null_silver_draws_draw_date.4bbef64017
[0m09:33:34.110545 [debug] [Thread-1 (]: Writing injected SQL for node "test.dbt_euromillions_lkh.not_null_gold_jackpot_trends_avg_jackpot.c8e8982f74"
[0m09:33:34.113273 [debug] [Thread-2 (]: Writing injected SQL for node "test.dbt_euromillions_lkh.not_null_gold_jackpot_trends_draw_year.3193289f27"
[0m09:33:34.120515 [debug] [Thread-3 (]: Writing injected SQL for node "test.dbt_euromillions_lkh.not_null_gold_jackpot_trends_total_draws.2ec2f51beb"
[0m09:33:34.126998 [debug] [Thread-4 (]: Writing injected SQL for node "test.dbt_euromillions_lkh.not_null_silver_draws_draw_date.4bbef64017"
[0m09:33:34.138266 [debug] [Thread-1 (]: Began executing node test.dbt_euromillions_lkh.not_null_gold_jackpot_trends_avg_jackpot.c8e8982f74
[0m09:33:34.141003 [debug] [Thread-3 (]: Began executing node test.dbt_euromillions_lkh.not_null_gold_jackpot_trends_total_draws.2ec2f51beb
[0m09:33:34.141959 [debug] [Thread-4 (]: Began executing node test.dbt_euromillions_lkh.not_null_silver_draws_draw_date.4bbef64017
[0m09:33:34.158272 [debug] [Thread-2 (]: Began executing node test.dbt_euromillions_lkh.not_null_gold_jackpot_trends_draw_year.3193289f27
[0m09:33:34.183017 [debug] [Thread-3 (]: Writing runtime sql for node "test.dbt_euromillions_lkh.not_null_gold_jackpot_trends_total_draws.2ec2f51beb"
[0m09:33:34.184574 [debug] [Thread-1 (]: Writing runtime sql for node "test.dbt_euromillions_lkh.not_null_gold_jackpot_trends_avg_jackpot.c8e8982f74"
[0m09:33:34.188251 [debug] [Thread-4 (]: Writing runtime sql for node "test.dbt_euromillions_lkh.not_null_silver_draws_draw_date.4bbef64017"
[0m09:33:34.194123 [debug] [Thread-2 (]: Writing runtime sql for node "test.dbt_euromillions_lkh.not_null_gold_jackpot_trends_draw_year.3193289f27"
[0m09:33:34.203879 [debug] [Thread-3 (]: Using duckdb connection "test.dbt_euromillions_lkh.not_null_gold_jackpot_trends_total_draws.2ec2f51beb"
[0m09:33:34.205569 [debug] [Thread-2 (]: Using duckdb connection "test.dbt_euromillions_lkh.not_null_gold_jackpot_trends_draw_year.3193289f27"
[0m09:33:34.208321 [debug] [Thread-3 (]: On test.dbt_euromillions_lkh.not_null_gold_jackpot_trends_total_draws.2ec2f51beb: BEGIN
[0m09:33:34.209632 [debug] [Thread-4 (]: Using duckdb connection "test.dbt_euromillions_lkh.not_null_silver_draws_draw_date.4bbef64017"
[0m09:33:34.210612 [debug] [Thread-1 (]: Using duckdb connection "test.dbt_euromillions_lkh.not_null_gold_jackpot_trends_avg_jackpot.c8e8982f74"
[0m09:33:34.211549 [debug] [Thread-2 (]: On test.dbt_euromillions_lkh.not_null_gold_jackpot_trends_draw_year.3193289f27: BEGIN
[0m09:33:34.213299 [debug] [Thread-3 (]: Opening a new connection, currently in state init
[0m09:33:34.215182 [debug] [Thread-4 (]: On test.dbt_euromillions_lkh.not_null_silver_draws_draw_date.4bbef64017: BEGIN
[0m09:33:34.216798 [debug] [Thread-1 (]: On test.dbt_euromillions_lkh.not_null_gold_jackpot_trends_avg_jackpot.c8e8982f74: BEGIN
[0m09:33:34.218194 [debug] [Thread-2 (]: Opening a new connection, currently in state init
[0m09:33:34.220670 [debug] [Thread-3 (]: SQL status: OK in 0.007 seconds
[0m09:33:34.221610 [debug] [Thread-4 (]: Opening a new connection, currently in state init
[0m09:33:34.223015 [debug] [Thread-1 (]: Opening a new connection, currently in state closed
[0m09:33:34.225458 [debug] [Thread-2 (]: SQL status: OK in 0.007 seconds
[0m09:33:34.226300 [debug] [Thread-3 (]: Using duckdb connection "test.dbt_euromillions_lkh.not_null_gold_jackpot_trends_total_draws.2ec2f51beb"
[0m09:33:34.228686 [debug] [Thread-4 (]: SQL status: OK in 0.007 seconds
[0m09:33:34.230379 [debug] [Thread-1 (]: SQL status: OK in 0.007 seconds
[0m09:33:34.231294 [debug] [Thread-2 (]: Using duckdb connection "test.dbt_euromillions_lkh.not_null_gold_jackpot_trends_draw_year.3193289f27"
[0m09:33:34.232835 [debug] [Thread-3 (]: On test.dbt_euromillions_lkh.not_null_gold_jackpot_trends_total_draws.2ec2f51beb: /* {"app": "dbt", "dbt_version": "1.10.6", "profile_name": "dbt_euromillions_lkh", "target_name": "dev", "node_id": "test.dbt_euromillions_lkh.not_null_gold_jackpot_trends_total_draws.2ec2f51beb"} */

    select
      count(*) as failures,
      count(*) != 0 as should_warn,
      count(*) != 0 as should_error
    from (
      
    
  
    
    



select total_draws
from "analytics"."main"."gold_jackpot_trends"
where total_draws is null



  
  
      
    ) dbt_internal_test
[0m09:33:34.234291 [debug] [Thread-4 (]: Using duckdb connection "test.dbt_euromillions_lkh.not_null_silver_draws_draw_date.4bbef64017"
[0m09:33:34.235562 [debug] [Thread-1 (]: Using duckdb connection "test.dbt_euromillions_lkh.not_null_gold_jackpot_trends_avg_jackpot.c8e8982f74"
[0m09:33:34.236922 [debug] [Thread-2 (]: On test.dbt_euromillions_lkh.not_null_gold_jackpot_trends_draw_year.3193289f27: /* {"app": "dbt", "dbt_version": "1.10.6", "profile_name": "dbt_euromillions_lkh", "target_name": "dev", "node_id": "test.dbt_euromillions_lkh.not_null_gold_jackpot_trends_draw_year.3193289f27"} */

    select
      count(*) as failures,
      count(*) != 0 as should_warn,
      count(*) != 0 as should_error
    from (
      
    
  
    
    



select draw_year
from "analytics"."main"."gold_jackpot_trends"
where draw_year is null



  
  
      
    ) dbt_internal_test
[0m09:33:34.240465 [debug] [Thread-4 (]: On test.dbt_euromillions_lkh.not_null_silver_draws_draw_date.4bbef64017: /* {"app": "dbt", "dbt_version": "1.10.6", "profile_name": "dbt_euromillions_lkh", "target_name": "dev", "node_id": "test.dbt_euromillions_lkh.not_null_silver_draws_draw_date.4bbef64017"} */

    select
      count(*) as failures,
      count(*) != 0 as should_warn,
      count(*) != 0 as should_error
    from (
      
    
  
    
    



select draw_date
from "analytics"."main"."silver_draws"
where draw_date is null



  
  
      
    ) dbt_internal_test
[0m09:33:34.242671 [debug] [Thread-3 (]: SQL status: OK in 0.004 seconds
[0m09:33:34.243588 [debug] [Thread-1 (]: On test.dbt_euromillions_lkh.not_null_gold_jackpot_trends_avg_jackpot.c8e8982f74: /* {"app": "dbt", "dbt_version": "1.10.6", "profile_name": "dbt_euromillions_lkh", "target_name": "dev", "node_id": "test.dbt_euromillions_lkh.not_null_gold_jackpot_trends_avg_jackpot.c8e8982f74"} */

    select
      count(*) as failures,
      count(*) != 0 as should_warn,
      count(*) != 0 as should_error
    from (
      
    
  
    
    



select avg_jackpot
from "analytics"."main"."gold_jackpot_trends"
where avg_jackpot is null



  
  
      
    ) dbt_internal_test
[0m09:33:34.247104 [debug] [Thread-2 (]: SQL status: OK in 0.002 seconds
[0m09:33:34.254853 [debug] [Thread-3 (]: On test.dbt_euromillions_lkh.not_null_gold_jackpot_trends_total_draws.2ec2f51beb: ROLLBACK
[0m09:33:34.255558 [debug] [Thread-4 (]: SQL status: OK in 0.007 seconds
[0m09:33:34.259003 [debug] [Thread-2 (]: On test.dbt_euromillions_lkh.not_null_gold_jackpot_trends_draw_year.3193289f27: ROLLBACK
[0m09:33:34.259595 [debug] [Thread-1 (]: SQL status: OK in 0.004 seconds
[0m09:33:34.260839 [debug] [Thread-3 (]: Failed to rollback 'test.dbt_euromillions_lkh.not_null_gold_jackpot_trends_total_draws.2ec2f51beb'
[0m09:33:34.263339 [debug] [Thread-4 (]: On test.dbt_euromillions_lkh.not_null_silver_draws_draw_date.4bbef64017: ROLLBACK
[0m09:33:34.264774 [debug] [Thread-2 (]: Failed to rollback 'test.dbt_euromillions_lkh.not_null_gold_jackpot_trends_draw_year.3193289f27'
[0m09:33:34.267619 [debug] [Thread-1 (]: On test.dbt_euromillions_lkh.not_null_gold_jackpot_trends_avg_jackpot.c8e8982f74: ROLLBACK
[0m09:33:34.268793 [debug] [Thread-3 (]: On test.dbt_euromillions_lkh.not_null_gold_jackpot_trends_total_draws.2ec2f51beb: Close
[0m09:33:34.270539 [debug] [Thread-4 (]: Failed to rollback 'test.dbt_euromillions_lkh.not_null_silver_draws_draw_date.4bbef64017'
[0m09:33:34.271525 [debug] [Thread-2 (]: On test.dbt_euromillions_lkh.not_null_gold_jackpot_trends_draw_year.3193289f27: Close
[0m09:33:34.273359 [debug] [Thread-1 (]: Failed to rollback 'test.dbt_euromillions_lkh.not_null_gold_jackpot_trends_avg_jackpot.c8e8982f74'
[0m09:33:34.275919 [info ] [Thread-3 (]: 3 of 8 PASS not_null_gold_jackpot_trends_total_draws ........................... [[32mPASS[0m in 0.21s]
[0m09:33:34.276929 [debug] [Thread-4 (]: On test.dbt_euromillions_lkh.not_null_silver_draws_draw_date.4bbef64017: Close
[0m09:33:34.279329 [info ] [Thread-2 (]: 2 of 8 PASS not_null_gold_jackpot_trends_draw_year ............................. [[32mPASS[0m in 0.21s]
[0m09:33:34.280647 [debug] [Thread-1 (]: On test.dbt_euromillions_lkh.not_null_gold_jackpot_trends_avg_jackpot.c8e8982f74: Close
[0m09:33:34.282801 [debug] [Thread-3 (]: Finished running node test.dbt_euromillions_lkh.not_null_gold_jackpot_trends_total_draws.2ec2f51beb
[0m09:33:34.284811 [info ] [Thread-4 (]: 4 of 8 PASS not_null_silver_draws_draw_date .................................... [[32mPASS[0m in 0.21s]
[0m09:33:34.286387 [debug] [Thread-2 (]: Finished running node test.dbt_euromillions_lkh.not_null_gold_jackpot_trends_draw_year.3193289f27
[0m09:33:34.289016 [info ] [Thread-1 (]: 1 of 8 PASS not_null_gold_jackpot_trends_avg_jackpot ........................... [[32mPASS[0m in 0.23s]
[0m09:33:34.291703 [debug] [Thread-3 (]: Began running node test.dbt_euromillions_lkh.not_null_silver_draws_draw_id.b4a58f12ff
[0m09:33:34.294766 [debug] [Thread-4 (]: Finished running node test.dbt_euromillions_lkh.not_null_silver_draws_draw_date.4bbef64017
[0m09:33:34.296079 [debug] [Thread-2 (]: Began running node test.dbt_euromillions_lkh.not_null_silver_draws_jackpot_amount.e84383ce49
[0m09:33:34.297613 [debug] [Thread-1 (]: Finished running node test.dbt_euromillions_lkh.not_null_gold_jackpot_trends_avg_jackpot.c8e8982f74
[0m09:33:34.298775 [info ] [Thread-3 (]: 5 of 8 START test not_null_silver_draws_draw_id ................................ [RUN]
[0m09:33:34.300471 [debug] [Thread-4 (]: Began running node test.dbt_euromillions_lkh.unique_gold_jackpot_trends_draw_year.90f6030c91
[0m09:33:34.302152 [info ] [Thread-2 (]: 6 of 8 START test not_null_silver_draws_jackpot_amount ......................... [RUN]
[0m09:33:34.304185 [debug] [Thread-1 (]: Began running node test.dbt_euromillions_lkh.unique_silver_draws_draw_id.c66d8e5ebd
[0m09:33:34.305788 [debug] [Thread-3 (]: Re-using an available connection from the pool (formerly test.dbt_euromillions_lkh.not_null_gold_jackpot_trends_total_draws.2ec2f51beb, now test.dbt_euromillions_lkh.not_null_silver_draws_draw_id.b4a58f12ff)
[0m09:33:34.309024 [info ] [Thread-4 (]: 7 of 8 START test unique_gold_jackpot_trends_draw_year ......................... [RUN]
[0m09:33:34.311925 [debug] [Thread-2 (]: Re-using an available connection from the pool (formerly test.dbt_euromillions_lkh.not_null_gold_jackpot_trends_draw_year.3193289f27, now test.dbt_euromillions_lkh.not_null_silver_draws_jackpot_amount.e84383ce49)
[0m09:33:34.314300 [info ] [Thread-1 (]: 8 of 8 START test unique_silver_draws_draw_id .................................. [RUN]
[0m09:33:34.316250 [debug] [Thread-3 (]: Began compiling node test.dbt_euromillions_lkh.not_null_silver_draws_draw_id.b4a58f12ff
[0m09:33:34.317947 [debug] [Thread-4 (]: Re-using an available connection from the pool (formerly test.dbt_euromillions_lkh.not_null_silver_draws_draw_date.4bbef64017, now test.dbt_euromillions_lkh.unique_gold_jackpot_trends_draw_year.90f6030c91)
[0m09:33:34.319605 [debug] [Thread-2 (]: Began compiling node test.dbt_euromillions_lkh.not_null_silver_draws_jackpot_amount.e84383ce49
[0m09:33:34.321307 [debug] [Thread-1 (]: Re-using an available connection from the pool (formerly test.dbt_euromillions_lkh.not_null_gold_jackpot_trends_avg_jackpot.c8e8982f74, now test.dbt_euromillions_lkh.unique_silver_draws_draw_id.c66d8e5ebd)
[0m09:33:34.331653 [debug] [Thread-3 (]: Writing injected SQL for node "test.dbt_euromillions_lkh.not_null_silver_draws_draw_id.b4a58f12ff"
[0m09:33:34.332872 [debug] [Thread-4 (]: Began compiling node test.dbt_euromillions_lkh.unique_gold_jackpot_trends_draw_year.90f6030c91
[0m09:33:34.340432 [debug] [Thread-2 (]: Writing injected SQL for node "test.dbt_euromillions_lkh.not_null_silver_draws_jackpot_amount.e84383ce49"
[0m09:33:34.343520 [debug] [Thread-1 (]: Began compiling node test.dbt_euromillions_lkh.unique_silver_draws_draw_id.c66d8e5ebd
[0m09:33:34.354008 [debug] [Thread-4 (]: Writing injected SQL for node "test.dbt_euromillions_lkh.unique_gold_jackpot_trends_draw_year.90f6030c91"
[0m09:33:34.365098 [debug] [Thread-1 (]: Writing injected SQL for node "test.dbt_euromillions_lkh.unique_silver_draws_draw_id.c66d8e5ebd"
[0m09:33:34.367751 [debug] [Thread-3 (]: Began executing node test.dbt_euromillions_lkh.not_null_silver_draws_draw_id.b4a58f12ff
[0m09:33:34.369088 [debug] [Thread-2 (]: Began executing node test.dbt_euromillions_lkh.not_null_silver_draws_jackpot_amount.e84383ce49
[0m09:33:34.376703 [debug] [Thread-3 (]: Writing runtime sql for node "test.dbt_euromillions_lkh.not_null_silver_draws_draw_id.b4a58f12ff"
[0m09:33:34.382472 [debug] [Thread-2 (]: Writing runtime sql for node "test.dbt_euromillions_lkh.not_null_silver_draws_jackpot_amount.e84383ce49"
[0m09:33:34.383359 [debug] [Thread-4 (]: Began executing node test.dbt_euromillions_lkh.unique_gold_jackpot_trends_draw_year.90f6030c91
[0m09:33:34.387291 [debug] [Thread-1 (]: Began executing node test.dbt_euromillions_lkh.unique_silver_draws_draw_id.c66d8e5ebd
[0m09:33:34.397388 [debug] [Thread-4 (]: Writing runtime sql for node "test.dbt_euromillions_lkh.unique_gold_jackpot_trends_draw_year.90f6030c91"
[0m09:33:34.402139 [debug] [Thread-1 (]: Writing runtime sql for node "test.dbt_euromillions_lkh.unique_silver_draws_draw_id.c66d8e5ebd"
[0m09:33:34.405079 [debug] [Thread-3 (]: Using duckdb connection "test.dbt_euromillions_lkh.not_null_silver_draws_draw_id.b4a58f12ff"
[0m09:33:34.407272 [debug] [Thread-2 (]: Using duckdb connection "test.dbt_euromillions_lkh.not_null_silver_draws_jackpot_amount.e84383ce49"
[0m09:33:34.409740 [debug] [Thread-3 (]: On test.dbt_euromillions_lkh.not_null_silver_draws_draw_id.b4a58f12ff: BEGIN
[0m09:33:34.411850 [debug] [Thread-2 (]: On test.dbt_euromillions_lkh.not_null_silver_draws_jackpot_amount.e84383ce49: BEGIN
[0m09:33:34.414674 [debug] [Thread-3 (]: Opening a new connection, currently in state closed
[0m09:33:34.416913 [debug] [Thread-2 (]: Opening a new connection, currently in state closed
[0m09:33:34.419634 [debug] [Thread-1 (]: Using duckdb connection "test.dbt_euromillions_lkh.unique_silver_draws_draw_id.c66d8e5ebd"
[0m09:33:34.420822 [debug] [Thread-4 (]: Using duckdb connection "test.dbt_euromillions_lkh.unique_gold_jackpot_trends_draw_year.90f6030c91"
[0m09:33:34.421857 [debug] [Thread-3 (]: SQL status: OK in 0.007 seconds
[0m09:33:34.424289 [debug] [Thread-2 (]: SQL status: OK in 0.008 seconds
[0m09:33:34.425221 [debug] [Thread-1 (]: On test.dbt_euromillions_lkh.unique_silver_draws_draw_id.c66d8e5ebd: BEGIN
[0m09:33:34.426539 [debug] [Thread-4 (]: On test.dbt_euromillions_lkh.unique_gold_jackpot_trends_draw_year.90f6030c91: BEGIN
[0m09:33:34.428095 [debug] [Thread-3 (]: Using duckdb connection "test.dbt_euromillions_lkh.not_null_silver_draws_draw_id.b4a58f12ff"
[0m09:33:34.429920 [debug] [Thread-2 (]: Using duckdb connection "test.dbt_euromillions_lkh.not_null_silver_draws_jackpot_amount.e84383ce49"
[0m09:33:34.431440 [debug] [Thread-1 (]: Opening a new connection, currently in state closed
[0m09:33:34.433100 [debug] [Thread-4 (]: Opening a new connection, currently in state closed
[0m09:33:34.434757 [debug] [Thread-3 (]: On test.dbt_euromillions_lkh.not_null_silver_draws_draw_id.b4a58f12ff: /* {"app": "dbt", "dbt_version": "1.10.6", "profile_name": "dbt_euromillions_lkh", "target_name": "dev", "node_id": "test.dbt_euromillions_lkh.not_null_silver_draws_draw_id.b4a58f12ff"} */

    select
      count(*) as failures,
      count(*) != 0 as should_warn,
      count(*) != 0 as should_error
    from (
      
    
  
    
    



select draw_id
from "analytics"."main"."silver_draws"
where draw_id is null



  
  
      
    ) dbt_internal_test
[0m09:33:34.436381 [debug] [Thread-2 (]: On test.dbt_euromillions_lkh.not_null_silver_draws_jackpot_amount.e84383ce49: /* {"app": "dbt", "dbt_version": "1.10.6", "profile_name": "dbt_euromillions_lkh", "target_name": "dev", "node_id": "test.dbt_euromillions_lkh.not_null_silver_draws_jackpot_amount.e84383ce49"} */

    select
      count(*) as failures,
      count(*) != 0 as should_warn,
      count(*) != 0 as should_error
    from (
      
    
  
    
    



select jackpot_amount
from "analytics"."main"."silver_draws"
where jackpot_amount is null



  
  
      
    ) dbt_internal_test
[0m09:33:34.438697 [debug] [Thread-1 (]: SQL status: OK in 0.007 seconds
[0m09:33:34.440650 [debug] [Thread-4 (]: SQL status: OK in 0.007 seconds
[0m09:33:34.443550 [debug] [Thread-3 (]: SQL status: OK in 0.002 seconds
[0m09:33:34.445925 [debug] [Thread-1 (]: Using duckdb connection "test.dbt_euromillions_lkh.unique_silver_draws_draw_id.c66d8e5ebd"
[0m09:33:34.447689 [debug] [Thread-2 (]: SQL status: OK in 0.005 seconds
[0m09:33:34.448868 [debug] [Thread-4 (]: Using duckdb connection "test.dbt_euromillions_lkh.unique_gold_jackpot_trends_draw_year.90f6030c91"
[0m09:33:34.452270 [debug] [Thread-3 (]: On test.dbt_euromillions_lkh.not_null_silver_draws_draw_id.b4a58f12ff: ROLLBACK
[0m09:33:34.453596 [debug] [Thread-1 (]: On test.dbt_euromillions_lkh.unique_silver_draws_draw_id.c66d8e5ebd: /* {"app": "dbt", "dbt_version": "1.10.6", "profile_name": "dbt_euromillions_lkh", "target_name": "dev", "node_id": "test.dbt_euromillions_lkh.unique_silver_draws_draw_id.c66d8e5ebd"} */

    select
      count(*) as failures,
      count(*) != 0 as should_warn,
      count(*) != 0 as should_error
    from (
      
    
  
    
    

select
    draw_id as unique_field,
    count(*) as n_records

from "analytics"."main"."silver_draws"
where draw_id is not null
group by draw_id
having count(*) > 1



  
  
      
    ) dbt_internal_test
[0m09:33:34.457084 [debug] [Thread-2 (]: On test.dbt_euromillions_lkh.not_null_silver_draws_jackpot_amount.e84383ce49: ROLLBACK
[0m09:33:34.458674 [debug] [Thread-4 (]: On test.dbt_euromillions_lkh.unique_gold_jackpot_trends_draw_year.90f6030c91: /* {"app": "dbt", "dbt_version": "1.10.6", "profile_name": "dbt_euromillions_lkh", "target_name": "dev", "node_id": "test.dbt_euromillions_lkh.unique_gold_jackpot_trends_draw_year.90f6030c91"} */

    select
      count(*) as failures,
      count(*) != 0 as should_warn,
      count(*) != 0 as should_error
    from (
      
    
  
    
    

select
    draw_year as unique_field,
    count(*) as n_records

from "analytics"."main"."gold_jackpot_trends"
where draw_year is not null
group by draw_year
having count(*) > 1



  
  
      
    ) dbt_internal_test
[0m09:33:34.461151 [debug] [Thread-3 (]: Failed to rollback 'test.dbt_euromillions_lkh.not_null_silver_draws_draw_id.b4a58f12ff'
[0m09:33:34.464358 [debug] [Thread-2 (]: Failed to rollback 'test.dbt_euromillions_lkh.not_null_silver_draws_jackpot_amount.e84383ce49'
[0m09:33:34.466520 [debug] [Thread-1 (]: SQL status: OK in 0.004 seconds
[0m09:33:34.468362 [debug] [Thread-3 (]: On test.dbt_euromillions_lkh.not_null_silver_draws_draw_id.b4a58f12ff: Close
[0m09:33:34.470475 [debug] [Thread-4 (]: SQL status: OK in 0.005 seconds
[0m09:33:34.471179 [debug] [Thread-2 (]: On test.dbt_euromillions_lkh.not_null_silver_draws_jackpot_amount.e84383ce49: Close
[0m09:33:34.475109 [debug] [Thread-1 (]: On test.dbt_euromillions_lkh.unique_silver_draws_draw_id.c66d8e5ebd: ROLLBACK
[0m09:33:34.477728 [info ] [Thread-3 (]: 5 of 8 PASS not_null_silver_draws_draw_id ...................................... [[32mPASS[0m in 0.17s]
[0m09:33:34.481764 [debug] [Thread-4 (]: On test.dbt_euromillions_lkh.unique_gold_jackpot_trends_draw_year.90f6030c91: ROLLBACK
[0m09:33:34.483909 [info ] [Thread-2 (]: 6 of 8 PASS not_null_silver_draws_jackpot_amount ............................... [[32mPASS[0m in 0.17s]
[0m09:33:34.485764 [debug] [Thread-1 (]: Failed to rollback 'test.dbt_euromillions_lkh.unique_silver_draws_draw_id.c66d8e5ebd'
[0m09:33:34.488051 [debug] [Thread-3 (]: Finished running node test.dbt_euromillions_lkh.not_null_silver_draws_draw_id.b4a58f12ff
[0m09:33:34.490835 [debug] [Thread-4 (]: Failed to rollback 'test.dbt_euromillions_lkh.unique_gold_jackpot_trends_draw_year.90f6030c91'
[0m09:33:34.495963 [debug] [Thread-2 (]: Finished running node test.dbt_euromillions_lkh.not_null_silver_draws_jackpot_amount.e84383ce49
[0m09:33:34.497684 [debug] [Thread-1 (]: On test.dbt_euromillions_lkh.unique_silver_draws_draw_id.c66d8e5ebd: Close
[0m09:33:34.500655 [debug] [Thread-4 (]: On test.dbt_euromillions_lkh.unique_gold_jackpot_trends_draw_year.90f6030c91: Close
[0m09:33:34.503703 [info ] [Thread-1 (]: 8 of 8 PASS unique_silver_draws_draw_id ........................................ [[32mPASS[0m in 0.18s]
[0m09:33:34.506323 [info ] [Thread-4 (]: 7 of 8 PASS unique_gold_jackpot_trends_draw_year ............................... [[32mPASS[0m in 0.19s]
[0m09:33:34.510159 [debug] [Thread-1 (]: Finished running node test.dbt_euromillions_lkh.unique_silver_draws_draw_id.c66d8e5ebd
[0m09:33:34.512846 [debug] [Thread-4 (]: Finished running node test.dbt_euromillions_lkh.unique_gold_jackpot_trends_draw_year.90f6030c91
[0m09:33:34.517445 [debug] [MainThread]: Using duckdb connection "master"
[0m09:33:34.518697 [debug] [MainThread]: On master: BEGIN
[0m09:33:34.519902 [debug] [MainThread]: Opening a new connection, currently in state closed
[0m09:33:34.521606 [debug] [MainThread]: SQL status: OK in 0.002 seconds
[0m09:33:34.523062 [debug] [MainThread]: On master: COMMIT
[0m09:33:34.525663 [debug] [MainThread]: Using duckdb connection "master"
[0m09:33:34.527446 [debug] [MainThread]: On master: COMMIT
[0m09:33:34.530998 [debug] [MainThread]: SQL status: OK in 0.001 seconds
[0m09:33:34.534097 [debug] [MainThread]: On master: Close
[0m09:33:34.536149 [debug] [MainThread]: Connection 'master' was properly closed.
[0m09:33:34.537454 [debug] [MainThread]: Connection 'test.dbt_euromillions_lkh.unique_silver_draws_draw_id.c66d8e5ebd' was properly closed.
[0m09:33:34.539015 [debug] [MainThread]: Connection 'test.dbt_euromillions_lkh.not_null_silver_draws_jackpot_amount.e84383ce49' was properly closed.
[0m09:33:34.541661 [debug] [MainThread]: Connection 'test.dbt_euromillions_lkh.not_null_silver_draws_draw_id.b4a58f12ff' was properly closed.
[0m09:33:34.545463 [debug] [MainThread]: Connection 'test.dbt_euromillions_lkh.unique_gold_jackpot_trends_draw_year.90f6030c91' was properly closed.
[0m09:33:34.548924 [info ] [MainThread]: 
[0m09:33:34.552644 [info ] [MainThread]: Finished running 8 data tests in 0 hours 0 minutes and 0.72 seconds (0.72s).
[0m09:33:34.559276 [debug] [MainThread]: Command end result
[0m09:33:34.600282 [debug] [MainThread]: Wrote artifact WritableManifest to /app/dbt_euromillions_lkh/target/manifest.json
[0m09:33:34.609051 [debug] [MainThread]: Wrote artifact SemanticManifest to /app/dbt_euromillions_lkh/target/semantic_manifest.json
[0m09:33:34.624423 [debug] [MainThread]: Wrote artifact RunExecutionResult to /app/dbt_euromillions_lkh/target/run_results.json
[0m09:33:34.626535 [info ] [MainThread]: 
[0m09:33:34.628618 [info ] [MainThread]: [32mCompleted successfully[0m
[0m09:33:34.630725 [info ] [MainThread]: 
[0m09:33:34.632689 [info ] [MainThread]: Done. PASS=8 WARN=0 ERROR=0 SKIP=0 NO-OP=0 TOTAL=8
[0m09:33:34.636228 [debug] [MainThread]: Resource report: {"command_name": "test", "command_success": true, "command_wall_clock_time": 2.3651652, "process_in_blocks": "2208", "process_kernel_time": 0.526656, "process_mem_max_rss": "156308", "process_out_blocks": "0", "process_user_time": 3.196123}
[0m09:33:34.638052 [debug] [MainThread]: Command `dbt test` succeeded at 09:33:34.637696 after 2.37 seconds
[0m09:33:34.641744 [debug] [MainThread]: Sending event: {'category': 'dbt', 'action': 'invocation', 'label': 'end', 'context': [<snowplow_tracker.self_describing_json.SelfDescribingJson object at 0x76b7f9d29c90>, <snowplow_tracker.self_describing_json.SelfDescribingJson object at 0x76b7f9d29b90>, <snowplow_tracker.self_describing_json.SelfDescribingJson object at 0x76b7fe714a50>]}
[0m09:33:34.644601 [debug] [MainThread]: Flushing usage events
[0m09:33:35.073630 [debug] [MainThread]: An error was encountered while trying to flush usage events
[0m11:16:44.695153 [debug] [MainThread]: Sending event: {'category': 'dbt', 'action': 'invocation', 'label': 'start', 'context': [<snowplow_tracker.self_describing_json.SelfDescribingJson object at 0x7339dc318390>, <snowplow_tracker.self_describing_json.SelfDescribingJson object at 0x7339dc2d8f10>, <snowplow_tracker.self_describing_json.SelfDescribingJson object at 0x7339dc2db110>]}


============================== 11:16:44.701684 | 14d9c58f-2150-4feb-b417-7a3fda280b57 ==============================
[0m11:16:44.701684 [info ] [MainThread]: Running with dbt=1.10.6
[0m11:16:44.704533 [debug] [MainThread]: running dbt with arguments {'printer_width': '80', 'indirect_selection': 'eager', 'write_json': 'True', 'log_cache_events': 'False', 'partial_parse': 'True', 'cache_selected_only': 'False', 'profiles_dir': '/root/.dbt', 'version_check': 'True', 'debug': 'False', 'log_path': '/app/dbt_euromillions_lkh/logs', 'fail_fast': 'False', 'warn_error': 'None', 'use_colors': 'True', 'use_experimental_parser': 'False', 'no_print': 'None', 'quiet': 'False', 'empty': 'None', 'warn_error_options': 'WarnErrorOptionsV2(error=[], warn=[], silence=[])', 'invocation_command': 'dbt docs generate', 'log_format': 'default', 'static_parser': 'True', 'target_path': 'None', 'introspect': 'True', 'send_anonymous_usage_stats': 'True'}
[0m11:16:45.043305 [debug] [MainThread]: Sending event: {'category': 'dbt', 'action': 'project_id', 'label': '14d9c58f-2150-4feb-b417-7a3fda280b57', 'context': [<snowplow_tracker.self_describing_json.SelfDescribingJson object at 0x7339dc1a3e50>]}
[0m11:16:45.112770 [debug] [MainThread]: Sending event: {'category': 'dbt', 'action': 'adapter_info', 'label': '14d9c58f-2150-4feb-b417-7a3fda280b57', 'context': [<snowplow_tracker.self_describing_json.SelfDescribingJson object at 0x7339df2c2450>]}
[0m11:16:45.118326 [info ] [MainThread]: Registered adapter: duckdb=1.9.4
[0m11:16:45.237685 [debug] [MainThread]: checksum: f6e4baf4de20596ffb9d14e6ef805989eb0e1950dedc3cc83d03f20aa023904c, vars: {}, profile: , target: , version: 1.10.6
[0m11:16:45.677020 [debug] [MainThread]: Partial parsing enabled: 0 files deleted, 0 files added, 2 files changed.
[0m11:16:45.679167 [debug] [MainThread]: Partial parsing: updated file: dbt_euromillions_lkh://models/gold/schema.yml
[0m11:16:45.681695 [debug] [MainThread]: Partial parsing: updated file: dbt_euromillions_lkh://models/silver/schema.yml
[0m11:16:46.265705 [debug] [MainThread]: Sending event: {'category': 'dbt', 'action': 'load_project', 'label': '14d9c58f-2150-4feb-b417-7a3fda280b57', 'context': [<snowplow_tracker.self_describing_json.SelfDescribingJson object at 0x7339dd10fc50>]}
[0m11:16:46.359626 [debug] [MainThread]: Sending event: {'category': 'dbt', 'action': 'resource_counts', 'label': '14d9c58f-2150-4feb-b417-7a3fda280b57', 'context': [<snowplow_tracker.self_describing_json.SelfDescribingJson object at 0x7339dc18dd90>]}
[0m11:16:46.362148 [info ] [MainThread]: Found 2 models, 10 data tests, 429 macros
[0m11:16:46.364187 [debug] [MainThread]: Sending event: {'category': 'dbt', 'action': 'runnable_timing', 'label': '14d9c58f-2150-4feb-b417-7a3fda280b57', 'context': [<snowplow_tracker.self_describing_json.SelfDescribingJson object at 0x7339d7d50310>]}
[0m11:16:46.368857 [info ] [MainThread]: 
[0m11:16:46.371621 [info ] [MainThread]: Concurrency: 4 threads (target='dev')
[0m11:16:46.374418 [info ] [MainThread]: 
[0m11:16:46.379013 [debug] [MainThread]: Acquiring new duckdb connection 'master'
[0m11:16:46.387992 [debug] [ThreadPool]: Acquiring new duckdb connection 'list_analytics_main'
[0m11:16:46.472157 [debug] [ThreadPool]: Using duckdb connection "list_analytics_main"
[0m11:16:46.473960 [debug] [ThreadPool]: On list_analytics_main: BEGIN
[0m11:16:46.475375 [debug] [ThreadPool]: Opening a new connection, currently in state init
[0m11:16:46.637637 [debug] [ThreadPool]: SQL status: OK in 0.162 seconds
[0m11:16:46.639996 [debug] [ThreadPool]: Using duckdb connection "list_analytics_main"
[0m11:16:46.641729 [debug] [ThreadPool]: On list_analytics_main: /* {"app": "dbt", "dbt_version": "1.10.6", "profile_name": "dbt_euromillions_lkh", "target_name": "dev", "connection_name": "list_analytics_main"} */
select
      'analytics' as database,
      table_name as name,
      table_schema as schema,
      CASE table_type
        WHEN 'BASE TABLE' THEN 'table'
        WHEN 'VIEW' THEN 'view'
        WHEN 'LOCAL TEMPORARY' THEN 'table'
        END as type
    from system.information_schema.tables
    where lower(table_schema) = 'main'
    and lower(table_catalog) = 'analytics'
  
[0m11:16:46.673196 [debug] [ThreadPool]: SQL status: OK in 0.030 seconds
[0m11:16:46.676064 [debug] [ThreadPool]: On list_analytics_main: ROLLBACK
[0m11:16:46.679611 [debug] [ThreadPool]: Failed to rollback 'list_analytics_main'
[0m11:16:46.681545 [debug] [ThreadPool]: On list_analytics_main: Close
[0m11:16:46.685269 [debug] [MainThread]: Sending event: {'category': 'dbt', 'action': 'runnable_timing', 'label': '14d9c58f-2150-4feb-b417-7a3fda280b57', 'context': [<snowplow_tracker.self_describing_json.SelfDescribingJson object at 0x7339d7ec3fd0>]}
[0m11:16:46.695487 [debug] [Thread-1 (]: Began running node model.dbt_euromillions_lkh.silver_draws
[0m11:16:46.697478 [debug] [Thread-1 (]: Re-using an available connection from the pool (formerly list_analytics_main, now model.dbt_euromillions_lkh.silver_draws)
[0m11:16:46.698972 [debug] [Thread-1 (]: Began compiling node model.dbt_euromillions_lkh.silver_draws
[0m11:16:46.708049 [debug] [Thread-1 (]: Writing injected SQL for node "model.dbt_euromillions_lkh.silver_draws"
[0m11:16:46.723023 [debug] [Thread-1 (]: Began executing node model.dbt_euromillions_lkh.silver_draws
[0m11:16:46.725066 [debug] [Thread-1 (]: Finished running node model.dbt_euromillions_lkh.silver_draws
[0m11:16:46.727745 [debug] [Thread-3 (]: Began running node model.dbt_euromillions_lkh.gold_jackpot_trends
[0m11:16:46.728351 [debug] [Thread-4 (]: Began running node test.dbt_euromillions_lkh.not_null_silver_draws_draw_date.4bbef64017
[0m11:16:46.728925 [debug] [Thread-2 (]: Began running node test.dbt_euromillions_lkh.not_null_silver_draws_draw_id.b4a58f12ff
[0m11:16:46.729490 [debug] [Thread-1 (]: Began running node test.dbt_euromillions_lkh.not_null_silver_draws_jackpot_amount.e84383ce49
[0m11:16:46.730332 [debug] [Thread-3 (]: Acquiring new duckdb connection 'model.dbt_euromillions_lkh.gold_jackpot_trends'
[0m11:16:46.732323 [debug] [Thread-4 (]: Acquiring new duckdb connection 'test.dbt_euromillions_lkh.not_null_silver_draws_draw_date.4bbef64017'
[0m11:16:46.734178 [debug] [Thread-2 (]: Acquiring new duckdb connection 'test.dbt_euromillions_lkh.not_null_silver_draws_draw_id.b4a58f12ff'
[0m11:16:46.736059 [debug] [Thread-1 (]: Re-using an available connection from the pool (formerly model.dbt_euromillions_lkh.silver_draws, now test.dbt_euromillions_lkh.not_null_silver_draws_jackpot_amount.e84383ce49)
[0m11:16:46.738115 [debug] [Thread-3 (]: Began compiling node model.dbt_euromillions_lkh.gold_jackpot_trends
[0m11:16:46.740270 [debug] [Thread-4 (]: Began compiling node test.dbt_euromillions_lkh.not_null_silver_draws_draw_date.4bbef64017
[0m11:16:46.742104 [debug] [Thread-2 (]: Began compiling node test.dbt_euromillions_lkh.not_null_silver_draws_draw_id.b4a58f12ff
[0m11:16:46.743949 [debug] [Thread-1 (]: Began compiling node test.dbt_euromillions_lkh.not_null_silver_draws_jackpot_amount.e84383ce49
[0m11:16:46.751840 [debug] [Thread-3 (]: Writing injected SQL for node "model.dbt_euromillions_lkh.gold_jackpot_trends"
[0m11:16:46.770594 [debug] [Thread-4 (]: Writing injected SQL for node "test.dbt_euromillions_lkh.not_null_silver_draws_draw_date.4bbef64017"
[0m11:16:46.775672 [debug] [Thread-2 (]: Writing injected SQL for node "test.dbt_euromillions_lkh.not_null_silver_draws_draw_id.b4a58f12ff"
[0m11:16:46.783444 [debug] [Thread-1 (]: Writing injected SQL for node "test.dbt_euromillions_lkh.not_null_silver_draws_jackpot_amount.e84383ce49"
[0m11:16:46.806780 [debug] [Thread-3 (]: Began executing node model.dbt_euromillions_lkh.gold_jackpot_trends
[0m11:16:46.809557 [debug] [Thread-2 (]: Began executing node test.dbt_euromillions_lkh.not_null_silver_draws_draw_id.b4a58f12ff
[0m11:16:46.811661 [debug] [Thread-3 (]: Finished running node model.dbt_euromillions_lkh.gold_jackpot_trends
[0m11:16:46.812825 [debug] [Thread-4 (]: Began executing node test.dbt_euromillions_lkh.not_null_silver_draws_draw_date.4bbef64017
[0m11:16:46.815667 [debug] [Thread-2 (]: Finished running node test.dbt_euromillions_lkh.not_null_silver_draws_draw_id.b4a58f12ff
[0m11:16:46.816689 [debug] [Thread-1 (]: Began executing node test.dbt_euromillions_lkh.not_null_silver_draws_jackpot_amount.e84383ce49
[0m11:16:46.818289 [debug] [Thread-3 (]: Began running node test.dbt_euromillions_lkh.not_null_silver_draws_jackpot_currency.31b25a4566
[0m11:16:46.822188 [debug] [Thread-4 (]: Finished running node test.dbt_euromillions_lkh.not_null_silver_draws_draw_date.4bbef64017
[0m11:16:46.824647 [debug] [Thread-2 (]: Began running node test.dbt_euromillions_lkh.unique_silver_draws_draw_date.03c184d046
[0m11:16:46.828508 [debug] [Thread-1 (]: Finished running node test.dbt_euromillions_lkh.not_null_silver_draws_jackpot_amount.e84383ce49
[0m11:16:46.831910 [debug] [Thread-3 (]: Re-using an available connection from the pool (formerly model.dbt_euromillions_lkh.gold_jackpot_trends, now test.dbt_euromillions_lkh.not_null_silver_draws_jackpot_currency.31b25a4566)
[0m11:16:46.834970 [debug] [Thread-4 (]: Began running node test.dbt_euromillions_lkh.unique_silver_draws_draw_id.c66d8e5ebd
[0m11:16:46.837592 [debug] [Thread-2 (]: Re-using an available connection from the pool (formerly test.dbt_euromillions_lkh.not_null_silver_draws_draw_id.b4a58f12ff, now test.dbt_euromillions_lkh.unique_silver_draws_draw_date.03c184d046)
[0m11:16:46.840156 [debug] [Thread-1 (]: Began running node test.dbt_euromillions_lkh.not_null_gold_jackpot_trends_avg_jackpot.c8e8982f74
[0m11:16:46.842056 [debug] [Thread-3 (]: Began compiling node test.dbt_euromillions_lkh.not_null_silver_draws_jackpot_currency.31b25a4566
[0m11:16:46.844730 [debug] [Thread-4 (]: Re-using an available connection from the pool (formerly test.dbt_euromillions_lkh.not_null_silver_draws_draw_date.4bbef64017, now test.dbt_euromillions_lkh.unique_silver_draws_draw_id.c66d8e5ebd)
[0m11:16:46.847728 [debug] [Thread-2 (]: Began compiling node test.dbt_euromillions_lkh.unique_silver_draws_draw_date.03c184d046
[0m11:16:46.849882 [debug] [Thread-1 (]: Re-using an available connection from the pool (formerly test.dbt_euromillions_lkh.not_null_silver_draws_jackpot_amount.e84383ce49, now test.dbt_euromillions_lkh.not_null_gold_jackpot_trends_avg_jackpot.c8e8982f74)
[0m11:16:46.859019 [debug] [Thread-3 (]: Writing injected SQL for node "test.dbt_euromillions_lkh.not_null_silver_draws_jackpot_currency.31b25a4566"
[0m11:16:46.860984 [debug] [Thread-4 (]: Began compiling node test.dbt_euromillions_lkh.unique_silver_draws_draw_id.c66d8e5ebd
[0m11:16:46.871290 [debug] [Thread-2 (]: Writing injected SQL for node "test.dbt_euromillions_lkh.unique_silver_draws_draw_date.03c184d046"
[0m11:16:46.873284 [debug] [Thread-1 (]: Began compiling node test.dbt_euromillions_lkh.not_null_gold_jackpot_trends_avg_jackpot.c8e8982f74
[0m11:16:46.881822 [debug] [Thread-4 (]: Writing injected SQL for node "test.dbt_euromillions_lkh.unique_silver_draws_draw_id.c66d8e5ebd"
[0m11:16:46.891994 [debug] [Thread-1 (]: Writing injected SQL for node "test.dbt_euromillions_lkh.not_null_gold_jackpot_trends_avg_jackpot.c8e8982f74"
[0m11:16:46.894370 [debug] [Thread-3 (]: Began executing node test.dbt_euromillions_lkh.not_null_silver_draws_jackpot_currency.31b25a4566
[0m11:16:46.895231 [debug] [Thread-2 (]: Began executing node test.dbt_euromillions_lkh.unique_silver_draws_draw_date.03c184d046
[0m11:16:46.900624 [debug] [Thread-3 (]: Finished running node test.dbt_euromillions_lkh.not_null_silver_draws_jackpot_currency.31b25a4566
[0m11:16:46.904363 [debug] [Thread-2 (]: Finished running node test.dbt_euromillions_lkh.unique_silver_draws_draw_date.03c184d046
[0m11:16:46.907397 [debug] [Thread-3 (]: Began running node test.dbt_euromillions_lkh.not_null_gold_jackpot_trends_draw_year.3193289f27
[0m11:16:46.910044 [debug] [Thread-2 (]: Began running node test.dbt_euromillions_lkh.not_null_gold_jackpot_trends_total_draws.2ec2f51beb
[0m11:16:46.912294 [debug] [Thread-3 (]: Re-using an available connection from the pool (formerly test.dbt_euromillions_lkh.not_null_silver_draws_jackpot_currency.31b25a4566, now test.dbt_euromillions_lkh.not_null_gold_jackpot_trends_draw_year.3193289f27)
[0m11:16:46.914442 [debug] [Thread-2 (]: Re-using an available connection from the pool (formerly test.dbt_euromillions_lkh.unique_silver_draws_draw_date.03c184d046, now test.dbt_euromillions_lkh.not_null_gold_jackpot_trends_total_draws.2ec2f51beb)
[0m11:16:46.916487 [debug] [Thread-3 (]: Began compiling node test.dbt_euromillions_lkh.not_null_gold_jackpot_trends_draw_year.3193289f27
[0m11:16:46.918624 [debug] [Thread-2 (]: Began compiling node test.dbt_euromillions_lkh.not_null_gold_jackpot_trends_total_draws.2ec2f51beb
[0m11:16:46.932012 [debug] [Thread-4 (]: Began executing node test.dbt_euromillions_lkh.unique_silver_draws_draw_id.c66d8e5ebd
[0m11:16:46.937662 [debug] [Thread-3 (]: Writing injected SQL for node "test.dbt_euromillions_lkh.not_null_gold_jackpot_trends_draw_year.3193289f27"
[0m11:16:46.944493 [debug] [Thread-1 (]: Began executing node test.dbt_euromillions_lkh.not_null_gold_jackpot_trends_avg_jackpot.c8e8982f74
[0m11:16:46.948152 [debug] [Thread-2 (]: Writing injected SQL for node "test.dbt_euromillions_lkh.not_null_gold_jackpot_trends_total_draws.2ec2f51beb"
[0m11:16:46.949922 [debug] [Thread-4 (]: Finished running node test.dbt_euromillions_lkh.unique_silver_draws_draw_id.c66d8e5ebd
[0m11:16:46.953693 [debug] [Thread-1 (]: Finished running node test.dbt_euromillions_lkh.not_null_gold_jackpot_trends_avg_jackpot.c8e8982f74
[0m11:16:46.958040 [debug] [Thread-4 (]: Began running node test.dbt_euromillions_lkh.unique_gold_jackpot_trends_draw_year.90f6030c91
[0m11:16:46.961510 [debug] [Thread-4 (]: Re-using an available connection from the pool (formerly test.dbt_euromillions_lkh.unique_silver_draws_draw_id.c66d8e5ebd, now test.dbt_euromillions_lkh.unique_gold_jackpot_trends_draw_year.90f6030c91)
[0m11:16:46.963277 [debug] [Thread-4 (]: Began compiling node test.dbt_euromillions_lkh.unique_gold_jackpot_trends_draw_year.90f6030c91
[0m11:16:46.971678 [debug] [Thread-4 (]: Writing injected SQL for node "test.dbt_euromillions_lkh.unique_gold_jackpot_trends_draw_year.90f6030c91"
[0m11:16:46.979679 [debug] [Thread-3 (]: Began executing node test.dbt_euromillions_lkh.not_null_gold_jackpot_trends_draw_year.3193289f27
[0m11:16:46.982451 [debug] [Thread-3 (]: Finished running node test.dbt_euromillions_lkh.not_null_gold_jackpot_trends_draw_year.3193289f27
[0m11:16:46.983275 [debug] [Thread-2 (]: Began executing node test.dbt_euromillions_lkh.not_null_gold_jackpot_trends_total_draws.2ec2f51beb
[0m11:16:46.986852 [debug] [Thread-2 (]: Finished running node test.dbt_euromillions_lkh.not_null_gold_jackpot_trends_total_draws.2ec2f51beb
[0m11:16:46.992068 [debug] [Thread-4 (]: Began executing node test.dbt_euromillions_lkh.unique_gold_jackpot_trends_draw_year.90f6030c91
[0m11:16:46.994499 [debug] [Thread-4 (]: Finished running node test.dbt_euromillions_lkh.unique_gold_jackpot_trends_draw_year.90f6030c91
[0m11:16:46.998613 [debug] [MainThread]: Connection 'master' was properly closed.
[0m11:16:47.000627 [debug] [MainThread]: Connection 'test.dbt_euromillions_lkh.not_null_gold_jackpot_trends_avg_jackpot.c8e8982f74' was properly closed.
[0m11:16:47.002368 [debug] [MainThread]: Connection 'test.dbt_euromillions_lkh.not_null_gold_jackpot_trends_draw_year.3193289f27' was properly closed.
[0m11:16:47.004003 [debug] [MainThread]: Connection 'test.dbt_euromillions_lkh.unique_gold_jackpot_trends_draw_year.90f6030c91' was properly closed.
[0m11:16:47.005716 [debug] [MainThread]: Connection 'test.dbt_euromillions_lkh.not_null_gold_jackpot_trends_total_draws.2ec2f51beb' was properly closed.
[0m11:16:47.010810 [debug] [MainThread]: Command end result
[0m11:16:47.143797 [debug] [MainThread]: Wrote artifact WritableManifest to /app/dbt_euromillions_lkh/target/manifest.json
[0m11:16:47.165633 [debug] [MainThread]: Wrote artifact SemanticManifest to /app/dbt_euromillions_lkh/target/semantic_manifest.json
[0m11:16:47.200743 [debug] [MainThread]: Wrote artifact RunExecutionResult to /app/dbt_euromillions_lkh/target/run_results.json
[0m11:16:47.234481 [debug] [MainThread]: Acquiring new duckdb connection 'generate_catalog'
[0m11:16:47.235978 [info ] [MainThread]: Building catalog
[0m11:16:47.255854 [debug] [ThreadPool]: Acquiring new duckdb connection 'analytics.information_schema'
[0m11:16:47.266945 [debug] [ThreadPool]: Using duckdb connection "analytics.information_schema"
[0m11:16:47.268709 [debug] [ThreadPool]: On analytics.information_schema: BEGIN
[0m11:16:47.270121 [debug] [ThreadPool]: Opening a new connection, currently in state init
[0m11:16:47.273325 [debug] [ThreadPool]: SQL status: OK in 0.003 seconds
[0m11:16:47.274987 [debug] [ThreadPool]: Using duckdb connection "analytics.information_schema"
[0m11:16:47.276892 [debug] [ThreadPool]: On analytics.information_schema: /* {"app": "dbt", "dbt_version": "1.10.6", "profile_name": "dbt_euromillions_lkh", "target_name": "dev", "connection_name": "analytics.information_schema"} */
with relations AS (
      select
        t.table_name
        , t.database_name
        , t.schema_name
        , 'BASE TABLE' as table_type
        , t.comment as table_comment
      from duckdb_tables() t
      WHERE t.database_name = 'analytics'
      UNION ALL
      SELECT v.view_name as table_name
      , v.database_name
      , v.schema_name
      , 'VIEW' as table_type
      , v.comment as table_comment
      from duckdb_views() v
      WHERE v.database_name = 'analytics'
    )
    select
        'analytics' as table_database,
        r.schema_name as table_schema,
        r.table_name,
        r.table_type,
        r.table_comment,
        c.column_name,
        c.column_index as column_index,
        c.data_type as column_type,
        c.comment as column_comment,
        NULL as table_owner
    FROM relations r JOIN duckdb_columns() c ON r.schema_name = c.schema_name AND r.table_name = c.table_name
    WHERE (upper(r.schema_name) = upper('main'))
    ORDER BY
        r.schema_name,
        r.table_name,
        c.column_index
[0m11:16:47.293571 [debug] [ThreadPool]: SQL status: OK in 0.015 seconds
[0m11:16:47.300296 [debug] [ThreadPool]: On analytics.information_schema: ROLLBACK
[0m11:16:47.302276 [debug] [ThreadPool]: Failed to rollback 'analytics.information_schema'
[0m11:16:47.304083 [debug] [ThreadPool]: On analytics.information_schema: Close
[0m11:16:47.333585 [debug] [MainThread]: Wrote artifact CatalogArtifact to /app/dbt_euromillions_lkh/target/catalog.json
[0m11:16:47.384720 [debug] [MainThread]: Wrote artifact WritableManifest to /app/dbt_euromillions_lkh/target/manifest.json
[0m11:16:47.392648 [debug] [MainThread]: Wrote artifact SemanticManifest to /app/dbt_euromillions_lkh/target/semantic_manifest.json
[0m11:16:47.394796 [info ] [MainThread]: Catalog written to /app/dbt_euromillions_lkh/target/catalog.json
[0m11:16:47.399995 [debug] [MainThread]: Resource report: {"command_name": "generate", "command_success": true, "command_wall_clock_time": 2.807197, "process_in_blocks": "174568", "process_kernel_time": 0.959149, "process_mem_max_rss": "157424", "process_out_blocks": "0", "process_user_time": 3.27379}
[0m11:16:47.401969 [debug] [MainThread]: Command `dbt docs generate` succeeded at 11:16:47.401717 after 2.81 seconds
[0m11:16:47.403948 [debug] [MainThread]: Connection 'generate_catalog' was properly closed.
[0m11:16:47.405914 [debug] [MainThread]: Connection 'analytics.information_schema' was properly closed.
[0m11:16:47.407917 [debug] [MainThread]: Sending event: {'category': 'dbt', 'action': 'invocation', 'label': 'end', 'context': [<snowplow_tracker.self_describing_json.SelfDescribingJson object at 0x7339dc473b10>, <snowplow_tracker.self_describing_json.SelfDescribingJson object at 0x7339d7dd7c50>, <snowplow_tracker.self_describing_json.SelfDescribingJson object at 0x7339e0cf8cd0>]}
[0m11:16:47.409752 [debug] [MainThread]: Flushing usage events
[0m11:16:47.878880 [debug] [MainThread]: An error was encountered while trying to flush usage events
[0m11:16:59.528638 [debug] [MainThread]: Sending event: {'category': 'dbt', 'action': 'invocation', 'label': 'start', 'context': [<snowplow_tracker.self_describing_json.SelfDescribingJson object at 0x714cbf3feb50>, <snowplow_tracker.self_describing_json.SelfDescribingJson object at 0x714cbf50d350>, <snowplow_tracker.self_describing_json.SelfDescribingJson object at 0x714cbf526dd0>]}


============================== 11:16:59.533122 | 863b54f1-5e94-4555-8aef-5a0eb1159ffe ==============================
[0m11:16:59.533122 [info ] [MainThread]: Running with dbt=1.10.6
[0m11:16:59.536163 [debug] [MainThread]: running dbt with arguments {'printer_width': '80', 'indirect_selection': 'eager', 'write_json': 'True', 'log_cache_events': 'False', 'partial_parse': 'True', 'cache_selected_only': 'False', 'profiles_dir': '/root/.dbt', 'version_check': 'True', 'debug': 'False', 'log_path': '/app/dbt_euromillions_lkh/logs', 'fail_fast': 'False', 'warn_error': 'None', 'use_colors': 'True', 'use_experimental_parser': 'False', 'no_print': 'None', 'quiet': 'False', 'empty': 'None', 'warn_error_options': 'WarnErrorOptionsV2(error=[], warn=[], silence=[])', 'introspect': 'True', 'log_format': 'default', 'invocation_command': 'dbt docs serve --host 0.0.0.0 --port 8080', 'target_path': 'None', 'static_parser': 'True', 'send_anonymous_usage_stats': 'True'}
[0m11:16:59.785820 [debug] [MainThread]: Sending event: {'category': 'dbt', 'action': 'project_id', 'label': '863b54f1-5e94-4555-8aef-5a0eb1159ffe', 'context': [<snowplow_tracker.self_describing_json.SelfDescribingJson object at 0x714cbf2cb210>]}
[0m11:16:59.858071 [debug] [MainThread]: Sending event: {'category': 'dbt', 'action': 'adapter_info', 'label': '863b54f1-5e94-4555-8aef-5a0eb1159ffe', 'context': [<snowplow_tracker.self_describing_json.SelfDescribingJson object at 0x714cc23da810>]}
[0m11:19:34.057636 [error] [MainThread]: Encountered an error:

[0m11:19:34.065049 [error] [MainThread]: Traceback (most recent call last):
  File "/usr/local/lib/python3.11/site-packages/dbt/cli/requires.py", line 178, in wrapper
    result, success = func(*args, **kwargs)
                      ^^^^^^^^^^^^^^^^^^^^^
  File "/usr/local/lib/python3.11/site-packages/dbt/cli/requires.py", line 128, in wrapper
    return func(*args, **kwargs)
           ^^^^^^^^^^^^^^^^^^^^^
  File "/usr/local/lib/python3.11/site-packages/dbt/cli/requires.py", line 272, in wrapper
    return func(*args, **kwargs)
           ^^^^^^^^^^^^^^^^^^^^^
  File "/usr/local/lib/python3.11/site-packages/dbt/cli/requires.py", line 303, in wrapper
    return func(*args, **kwargs)
           ^^^^^^^^^^^^^^^^^^^^^
  File "/usr/local/lib/python3.11/site-packages/dbt/cli/requires.py", line 350, in wrapper
    return func(*args, **kwargs)
           ^^^^^^^^^^^^^^^^^^^^^
  File "/usr/local/lib/python3.11/site-packages/dbt/cli/main.py", line 307, in docs_serve
    results = task.run()
              ^^^^^^^^^^
  File "/usr/local/lib/python3.11/site-packages/dbt/task/docs/serve.py", line 29, in run
    httpd.serve_forever()
  File "/usr/local/lib/python3.11/socketserver.py", line 233, in serve_forever
    ready = selector.select(poll_interval)
            ^^^^^^^^^^^^^^^^^^^^^^^^^^^^^^
  File "/usr/local/lib/python3.11/selectors.py", line 415, in select
    fd_event_list = self._selector.poll(timeout)
                    ^^^^^^^^^^^^^^^^^^^^^^^^^^^^
KeyboardInterrupt

[0m11:19:34.070574 [debug] [MainThread]: Resource report: {"command_name": "serve", "command_success": false, "command_wall_clock_time": 154.63985, "process_in_blocks": "1336", "process_kernel_time": 0.262434, "process_mem_max_rss": "123724", "process_out_blocks": "192", "process_user_time": 1.929906}
[0m11:19:34.073174 [debug] [MainThread]: Command `dbt docs serve` failed at 11:19:34.072793 after 154.64 seconds
[0m11:19:34.075041 [debug] [MainThread]: Sending event: {'category': 'dbt', 'action': 'invocation', 'label': 'end', 'context': [<snowplow_tracker.self_describing_json.SelfDescribingJson object at 0x714cbf3f7090>, <snowplow_tracker.self_describing_json.SelfDescribingJson object at 0x714cbf3f7290>, <snowplow_tracker.self_describing_json.SelfDescribingJson object at 0x714cbf2caa50>]}
[0m11:19:34.077019 [debug] [MainThread]: Flushing usage events
[0m11:19:34.563378 [debug] [MainThread]: An error was encountered while trying to flush usage events
[0m11:37:02.891312 [debug] [MainThread]: Sending event: {'category': 'dbt', 'action': 'invocation', 'label': 'start', 'context': [<snowplow_tracker.self_describing_json.SelfDescribingJson object at 0x7a0db870df50>, <snowplow_tracker.self_describing_json.SelfDescribingJson object at 0x7a0db870c4d0>, <snowplow_tracker.self_describing_json.SelfDescribingJson object at 0x7a0db870d850>]}


============================== 11:37:02.901105 | 852aa862-a82a-42de-a93d-2eb4c757f723 ==============================
[0m11:37:02.901105 [info ] [MainThread]: Running with dbt=1.10.6
[0m11:37:02.903600 [debug] [MainThread]: running dbt with arguments {'printer_width': '80', 'indirect_selection': 'eager', 'write_json': 'True', 'log_cache_events': 'False', 'partial_parse': 'True', 'cache_selected_only': 'False', 'warn_error': 'None', 'debug': 'False', 'fail_fast': 'False', 'log_path': '/app/dbt_euromillions_lkh/logs', 'version_check': 'True', 'profiles_dir': '/root/.dbt', 'use_colors': 'True', 'use_experimental_parser': 'False', 'no_print': 'None', 'quiet': 'False', 'empty': 'None', 'log_format': 'default', 'static_parser': 'True', 'introspect': 'True', 'invocation_command': 'dbt docs generate', 'target_path': 'None', 'warn_error_options': 'WarnErrorOptionsV2(error=[], warn=[], silence=[])', 'send_anonymous_usage_stats': 'True'}
[0m11:37:03.279269 [debug] [MainThread]: Sending event: {'category': 'dbt', 'action': 'project_id', 'label': '852aa862-a82a-42de-a93d-2eb4c757f723', 'context': [<snowplow_tracker.self_describing_json.SelfDescribingJson object at 0x7a0db4694d90>]}
[0m11:37:03.357409 [debug] [MainThread]: Sending event: {'category': 'dbt', 'action': 'adapter_info', 'label': '852aa862-a82a-42de-a93d-2eb4c757f723', 'context': [<snowplow_tracker.self_describing_json.SelfDescribingJson object at 0x7a0dbb8a5310>]}
[0m11:37:03.363098 [info ] [MainThread]: Registered adapter: duckdb=1.9.4
[0m11:37:03.488653 [debug] [MainThread]: checksum: f6e4baf4de20596ffb9d14e6ef805989eb0e1950dedc3cc83d03f20aa023904c, vars: {}, profile: , target: , version: 1.10.6
[0m11:37:03.897316 [debug] [MainThread]: Partial parsing enabled: 0 files deleted, 0 files added, 0 files changed.
[0m11:37:03.898978 [debug] [MainThread]: Partial parsing enabled, no changes found, skipping parsing
[0m11:37:03.941326 [debug] [MainThread]: Sending event: {'category': 'dbt', 'action': 'load_project', 'label': '852aa862-a82a-42de-a93d-2eb4c757f723', 'context': [<snowplow_tracker.self_describing_json.SelfDescribingJson object at 0x7a0db87615d0>]}
[0m11:37:03.992692 [debug] [MainThread]: Sending event: {'category': 'dbt', 'action': 'resource_counts', 'label': '852aa862-a82a-42de-a93d-2eb4c757f723', 'context': [<snowplow_tracker.self_describing_json.SelfDescribingJson object at 0x7a0db42d1c90>]}
[0m11:37:03.995139 [info ] [MainThread]: Found 2 models, 10 data tests, 429 macros
[0m11:37:03.997468 [debug] [MainThread]: Sending event: {'category': 'dbt', 'action': 'runnable_timing', 'label': '852aa862-a82a-42de-a93d-2eb4c757f723', 'context': [<snowplow_tracker.self_describing_json.SelfDescribingJson object at 0x7a0db427f210>]}
[0m11:37:04.004367 [info ] [MainThread]: 
[0m11:37:04.006529 [info ] [MainThread]: Concurrency: 4 threads (target='dev')
[0m11:37:04.009089 [info ] [MainThread]: 
[0m11:37:04.012540 [debug] [MainThread]: Acquiring new duckdb connection 'master'
[0m11:37:04.023750 [debug] [ThreadPool]: Acquiring new duckdb connection 'list_analytics_main'
[0m11:37:04.130277 [debug] [ThreadPool]: Using duckdb connection "list_analytics_main"
[0m11:37:04.132017 [debug] [ThreadPool]: On list_analytics_main: BEGIN
[0m11:37:04.133562 [debug] [ThreadPool]: Opening a new connection, currently in state init
[0m11:37:04.322992 [debug] [ThreadPool]: SQL status: OK in 0.189 seconds
[0m11:37:04.324638 [debug] [ThreadPool]: Using duckdb connection "list_analytics_main"
[0m11:37:04.326404 [debug] [ThreadPool]: On list_analytics_main: /* {"app": "dbt", "dbt_version": "1.10.6", "profile_name": "dbt_euromillions_lkh", "target_name": "dev", "connection_name": "list_analytics_main"} */
select
      'analytics' as database,
      table_name as name,
      table_schema as schema,
      CASE table_type
        WHEN 'BASE TABLE' THEN 'table'
        WHEN 'VIEW' THEN 'view'
        WHEN 'LOCAL TEMPORARY' THEN 'table'
        END as type
    from system.information_schema.tables
    where lower(table_schema) = 'main'
    and lower(table_catalog) = 'analytics'
  
[0m11:37:04.354687 [debug] [ThreadPool]: SQL status: OK in 0.026 seconds
[0m11:37:04.358159 [debug] [ThreadPool]: On list_analytics_main: ROLLBACK
[0m11:37:04.362258 [debug] [ThreadPool]: Failed to rollback 'list_analytics_main'
[0m11:37:04.364068 [debug] [ThreadPool]: On list_analytics_main: Close
[0m11:37:04.368836 [debug] [MainThread]: Sending event: {'category': 'dbt', 'action': 'runnable_timing', 'label': '852aa862-a82a-42de-a93d-2eb4c757f723', 'context': [<snowplow_tracker.self_describing_json.SelfDescribingJson object at 0x7a0db4415f10>]}
[0m11:37:04.382744 [debug] [Thread-1 (]: Began running node model.dbt_euromillions_lkh.silver_draws
[0m11:37:04.384582 [debug] [Thread-1 (]: Re-using an available connection from the pool (formerly list_analytics_main, now model.dbt_euromillions_lkh.silver_draws)
[0m11:37:04.386167 [debug] [Thread-1 (]: Began compiling node model.dbt_euromillions_lkh.silver_draws
[0m11:37:04.397223 [debug] [Thread-1 (]: Writing injected SQL for node "model.dbt_euromillions_lkh.silver_draws"
[0m11:37:04.415388 [debug] [Thread-1 (]: Began executing node model.dbt_euromillions_lkh.silver_draws
[0m11:37:04.419558 [debug] [Thread-1 (]: Finished running node model.dbt_euromillions_lkh.silver_draws
[0m11:37:04.422785 [debug] [Thread-3 (]: Began running node model.dbt_euromillions_lkh.gold_jackpot_trends
[0m11:37:04.423397 [debug] [Thread-4 (]: Began running node test.dbt_euromillions_lkh.not_null_silver_draws_draw_date.4bbef64017
[0m11:37:04.424137 [debug] [Thread-2 (]: Began running node test.dbt_euromillions_lkh.not_null_silver_draws_draw_id.b4a58f12ff
[0m11:37:04.424784 [debug] [Thread-1 (]: Began running node test.dbt_euromillions_lkh.not_null_silver_draws_jackpot_amount.e84383ce49
[0m11:37:04.426002 [debug] [Thread-3 (]: Acquiring new duckdb connection 'model.dbt_euromillions_lkh.gold_jackpot_trends'
[0m11:37:04.428696 [debug] [Thread-4 (]: Acquiring new duckdb connection 'test.dbt_euromillions_lkh.not_null_silver_draws_draw_date.4bbef64017'
[0m11:37:04.430761 [debug] [Thread-2 (]: Acquiring new duckdb connection 'test.dbt_euromillions_lkh.not_null_silver_draws_draw_id.b4a58f12ff'
[0m11:37:04.433154 [debug] [Thread-1 (]: Re-using an available connection from the pool (formerly model.dbt_euromillions_lkh.silver_draws, now test.dbt_euromillions_lkh.not_null_silver_draws_jackpot_amount.e84383ce49)
[0m11:37:04.435142 [debug] [Thread-3 (]: Began compiling node model.dbt_euromillions_lkh.gold_jackpot_trends
[0m11:37:04.437293 [debug] [Thread-4 (]: Began compiling node test.dbt_euromillions_lkh.not_null_silver_draws_draw_date.4bbef64017
[0m11:37:04.439149 [debug] [Thread-2 (]: Began compiling node test.dbt_euromillions_lkh.not_null_silver_draws_draw_id.b4a58f12ff
[0m11:37:04.441134 [debug] [Thread-1 (]: Began compiling node test.dbt_euromillions_lkh.not_null_silver_draws_jackpot_amount.e84383ce49
[0m11:37:04.456152 [debug] [Thread-3 (]: Writing injected SQL for node "model.dbt_euromillions_lkh.gold_jackpot_trends"
[0m11:37:04.554470 [debug] [Thread-4 (]: Writing injected SQL for node "test.dbt_euromillions_lkh.not_null_silver_draws_draw_date.4bbef64017"
[0m11:37:04.557887 [debug] [Thread-2 (]: Writing injected SQL for node "test.dbt_euromillions_lkh.not_null_silver_draws_draw_id.b4a58f12ff"
[0m11:37:04.566557 [debug] [Thread-1 (]: Writing injected SQL for node "test.dbt_euromillions_lkh.not_null_silver_draws_jackpot_amount.e84383ce49"
[0m11:37:04.577539 [debug] [Thread-3 (]: Began executing node model.dbt_euromillions_lkh.gold_jackpot_trends
[0m11:37:04.581678 [debug] [Thread-3 (]: Finished running node model.dbt_euromillions_lkh.gold_jackpot_trends
[0m11:37:04.582957 [debug] [Thread-1 (]: Began executing node test.dbt_euromillions_lkh.not_null_silver_draws_jackpot_amount.e84383ce49
[0m11:37:04.583878 [debug] [Thread-2 (]: Began executing node test.dbt_euromillions_lkh.not_null_silver_draws_draw_id.b4a58f12ff
[0m11:37:04.585521 [debug] [Thread-3 (]: Began running node test.dbt_euromillions_lkh.not_null_silver_draws_jackpot_currency.31b25a4566
[0m11:37:04.587042 [debug] [Thread-4 (]: Began executing node test.dbt_euromillions_lkh.not_null_silver_draws_draw_date.4bbef64017
[0m11:37:04.589898 [debug] [Thread-1 (]: Finished running node test.dbt_euromillions_lkh.not_null_silver_draws_jackpot_amount.e84383ce49
[0m11:37:04.592654 [debug] [Thread-2 (]: Finished running node test.dbt_euromillions_lkh.not_null_silver_draws_draw_id.b4a58f12ff
[0m11:37:04.595737 [debug] [Thread-3 (]: Re-using an available connection from the pool (formerly model.dbt_euromillions_lkh.gold_jackpot_trends, now test.dbt_euromillions_lkh.not_null_silver_draws_jackpot_currency.31b25a4566)
[0m11:37:04.597944 [debug] [Thread-4 (]: Finished running node test.dbt_euromillions_lkh.not_null_silver_draws_draw_date.4bbef64017
[0m11:37:04.599915 [debug] [Thread-1 (]: Began running node test.dbt_euromillions_lkh.unique_silver_draws_draw_date.03c184d046
[0m11:37:04.601927 [debug] [Thread-2 (]: Began running node test.dbt_euromillions_lkh.unique_silver_draws_draw_id.c66d8e5ebd
[0m11:37:04.603572 [debug] [Thread-3 (]: Began compiling node test.dbt_euromillions_lkh.not_null_silver_draws_jackpot_currency.31b25a4566
[0m11:37:04.605706 [debug] [Thread-4 (]: Began running node test.dbt_euromillions_lkh.not_null_gold_jackpot_trends_avg_jackpot.c8e8982f74
[0m11:37:04.607221 [debug] [Thread-1 (]: Re-using an available connection from the pool (formerly test.dbt_euromillions_lkh.not_null_silver_draws_jackpot_amount.e84383ce49, now test.dbt_euromillions_lkh.unique_silver_draws_draw_date.03c184d046)
[0m11:37:04.609170 [debug] [Thread-2 (]: Re-using an available connection from the pool (formerly test.dbt_euromillions_lkh.not_null_silver_draws_draw_id.b4a58f12ff, now test.dbt_euromillions_lkh.unique_silver_draws_draw_id.c66d8e5ebd)
[0m11:37:04.619716 [debug] [Thread-3 (]: Writing injected SQL for node "test.dbt_euromillions_lkh.not_null_silver_draws_jackpot_currency.31b25a4566"
[0m11:37:04.621279 [debug] [Thread-4 (]: Re-using an available connection from the pool (formerly test.dbt_euromillions_lkh.not_null_silver_draws_draw_date.4bbef64017, now test.dbt_euromillions_lkh.not_null_gold_jackpot_trends_avg_jackpot.c8e8982f74)
[0m11:37:04.623552 [debug] [Thread-1 (]: Began compiling node test.dbt_euromillions_lkh.unique_silver_draws_draw_date.03c184d046
[0m11:37:04.625719 [debug] [Thread-2 (]: Began compiling node test.dbt_euromillions_lkh.unique_silver_draws_draw_id.c66d8e5ebd
[0m11:37:04.630052 [debug] [Thread-4 (]: Began compiling node test.dbt_euromillions_lkh.not_null_gold_jackpot_trends_avg_jackpot.c8e8982f74
[0m11:37:04.648124 [debug] [Thread-1 (]: Writing injected SQL for node "test.dbt_euromillions_lkh.unique_silver_draws_draw_date.03c184d046"
[0m11:37:04.655725 [debug] [Thread-2 (]: Writing injected SQL for node "test.dbt_euromillions_lkh.unique_silver_draws_draw_id.c66d8e5ebd"
[0m11:37:04.656809 [debug] [Thread-3 (]: Began executing node test.dbt_euromillions_lkh.not_null_silver_draws_jackpot_currency.31b25a4566
[0m11:37:04.663623 [debug] [Thread-4 (]: Writing injected SQL for node "test.dbt_euromillions_lkh.not_null_gold_jackpot_trends_avg_jackpot.c8e8982f74"
[0m11:37:04.668686 [debug] [Thread-3 (]: Finished running node test.dbt_euromillions_lkh.not_null_silver_draws_jackpot_currency.31b25a4566
[0m11:37:04.672146 [debug] [Thread-3 (]: Began running node test.dbt_euromillions_lkh.not_null_gold_jackpot_trends_draw_year.3193289f27
[0m11:37:04.674737 [debug] [Thread-3 (]: Re-using an available connection from the pool (formerly test.dbt_euromillions_lkh.not_null_silver_draws_jackpot_currency.31b25a4566, now test.dbt_euromillions_lkh.not_null_gold_jackpot_trends_draw_year.3193289f27)
[0m11:37:04.676696 [debug] [Thread-1 (]: Began executing node test.dbt_euromillions_lkh.unique_silver_draws_draw_date.03c184d046
[0m11:37:04.678421 [debug] [Thread-3 (]: Began compiling node test.dbt_euromillions_lkh.not_null_gold_jackpot_trends_draw_year.3193289f27
[0m11:37:04.679626 [debug] [Thread-2 (]: Began executing node test.dbt_euromillions_lkh.unique_silver_draws_draw_id.c66d8e5ebd
[0m11:37:04.682546 [debug] [Thread-1 (]: Finished running node test.dbt_euromillions_lkh.unique_silver_draws_draw_date.03c184d046
[0m11:37:04.683613 [debug] [Thread-4 (]: Began executing node test.dbt_euromillions_lkh.not_null_gold_jackpot_trends_avg_jackpot.c8e8982f74
[0m11:37:04.691633 [debug] [Thread-3 (]: Writing injected SQL for node "test.dbt_euromillions_lkh.not_null_gold_jackpot_trends_draw_year.3193289f27"
[0m11:37:04.693809 [debug] [Thread-2 (]: Finished running node test.dbt_euromillions_lkh.unique_silver_draws_draw_id.c66d8e5ebd
[0m11:37:04.695921 [debug] [Thread-1 (]: Began running node test.dbt_euromillions_lkh.not_null_gold_jackpot_trends_total_draws.2ec2f51beb
[0m11:37:04.698597 [debug] [Thread-4 (]: Finished running node test.dbt_euromillions_lkh.not_null_gold_jackpot_trends_avg_jackpot.c8e8982f74
[0m11:37:04.701851 [debug] [Thread-2 (]: Began running node test.dbt_euromillions_lkh.unique_gold_jackpot_trends_draw_year.90f6030c91
[0m11:37:04.703775 [debug] [Thread-1 (]: Re-using an available connection from the pool (formerly test.dbt_euromillions_lkh.unique_silver_draws_draw_date.03c184d046, now test.dbt_euromillions_lkh.not_null_gold_jackpot_trends_total_draws.2ec2f51beb)
[0m11:37:04.707167 [debug] [Thread-2 (]: Re-using an available connection from the pool (formerly test.dbt_euromillions_lkh.unique_silver_draws_draw_id.c66d8e5ebd, now test.dbt_euromillions_lkh.unique_gold_jackpot_trends_draw_year.90f6030c91)
[0m11:37:04.709010 [debug] [Thread-1 (]: Began compiling node test.dbt_euromillions_lkh.not_null_gold_jackpot_trends_total_draws.2ec2f51beb
[0m11:37:04.711210 [debug] [Thread-2 (]: Began compiling node test.dbt_euromillions_lkh.unique_gold_jackpot_trends_draw_year.90f6030c91
[0m11:37:04.719483 [debug] [Thread-1 (]: Writing injected SQL for node "test.dbt_euromillions_lkh.not_null_gold_jackpot_trends_total_draws.2ec2f51beb"
[0m11:37:04.727461 [debug] [Thread-3 (]: Began executing node test.dbt_euromillions_lkh.not_null_gold_jackpot_trends_draw_year.3193289f27
[0m11:37:04.730996 [debug] [Thread-2 (]: Writing injected SQL for node "test.dbt_euromillions_lkh.unique_gold_jackpot_trends_draw_year.90f6030c91"
[0m11:37:04.735669 [debug] [Thread-3 (]: Finished running node test.dbt_euromillions_lkh.not_null_gold_jackpot_trends_draw_year.3193289f27
[0m11:37:04.746349 [debug] [Thread-1 (]: Began executing node test.dbt_euromillions_lkh.not_null_gold_jackpot_trends_total_draws.2ec2f51beb
[0m11:37:04.749318 [debug] [Thread-1 (]: Finished running node test.dbt_euromillions_lkh.not_null_gold_jackpot_trends_total_draws.2ec2f51beb
[0m11:37:04.750204 [debug] [Thread-2 (]: Began executing node test.dbt_euromillions_lkh.unique_gold_jackpot_trends_draw_year.90f6030c91
[0m11:37:04.753440 [debug] [Thread-2 (]: Finished running node test.dbt_euromillions_lkh.unique_gold_jackpot_trends_draw_year.90f6030c91
[0m11:37:04.756808 [debug] [MainThread]: Connection 'master' was properly closed.
[0m11:37:04.758579 [debug] [MainThread]: Connection 'test.dbt_euromillions_lkh.not_null_gold_jackpot_trends_total_draws.2ec2f51beb' was properly closed.
[0m11:37:04.760434 [debug] [MainThread]: Connection 'test.dbt_euromillions_lkh.not_null_gold_jackpot_trends_draw_year.3193289f27' was properly closed.
[0m11:37:04.762256 [debug] [MainThread]: Connection 'test.dbt_euromillions_lkh.not_null_gold_jackpot_trends_avg_jackpot.c8e8982f74' was properly closed.
[0m11:37:04.764052 [debug] [MainThread]: Connection 'test.dbt_euromillions_lkh.unique_gold_jackpot_trends_draw_year.90f6030c91' was properly closed.
[0m11:37:04.767826 [debug] [MainThread]: Command end result
[0m11:37:04.884780 [debug] [MainThread]: Wrote artifact WritableManifest to /app/dbt_euromillions_lkh/target/manifest.json
[0m11:37:04.896444 [debug] [MainThread]: Wrote artifact SemanticManifest to /app/dbt_euromillions_lkh/target/semantic_manifest.json
[0m11:37:04.923166 [debug] [MainThread]: Wrote artifact RunExecutionResult to /app/dbt_euromillions_lkh/target/run_results.json
[0m11:37:04.957557 [debug] [MainThread]: Acquiring new duckdb connection 'generate_catalog'
[0m11:37:04.959462 [info ] [MainThread]: Building catalog
[0m11:37:04.983169 [debug] [ThreadPool]: Acquiring new duckdb connection 'analytics.information_schema'
[0m11:37:04.998770 [debug] [ThreadPool]: Using duckdb connection "analytics.information_schema"
[0m11:37:05.000351 [debug] [ThreadPool]: On analytics.information_schema: BEGIN
[0m11:37:05.001929 [debug] [ThreadPool]: Opening a new connection, currently in state init
[0m11:37:05.004813 [debug] [ThreadPool]: SQL status: OK in 0.003 seconds
[0m11:37:05.007313 [debug] [ThreadPool]: Using duckdb connection "analytics.information_schema"
[0m11:37:05.010292 [debug] [ThreadPool]: On analytics.information_schema: /* {"app": "dbt", "dbt_version": "1.10.6", "profile_name": "dbt_euromillions_lkh", "target_name": "dev", "connection_name": "analytics.information_schema"} */
with relations AS (
      select
        t.table_name
        , t.database_name
        , t.schema_name
        , 'BASE TABLE' as table_type
        , t.comment as table_comment
      from duckdb_tables() t
      WHERE t.database_name = 'analytics'
      UNION ALL
      SELECT v.view_name as table_name
      , v.database_name
      , v.schema_name
      , 'VIEW' as table_type
      , v.comment as table_comment
      from duckdb_views() v
      WHERE v.database_name = 'analytics'
    )
    select
        'analytics' as table_database,
        r.schema_name as table_schema,
        r.table_name,
        r.table_type,
        r.table_comment,
        c.column_name,
        c.column_index as column_index,
        c.data_type as column_type,
        c.comment as column_comment,
        NULL as table_owner
    FROM relations r JOIN duckdb_columns() c ON r.schema_name = c.schema_name AND r.table_name = c.table_name
    WHERE (upper(r.schema_name) = upper('main'))
    ORDER BY
        r.schema_name,
        r.table_name,
        c.column_index
[0m11:37:05.026803 [debug] [ThreadPool]: SQL status: OK in 0.013 seconds
[0m11:37:05.032308 [debug] [ThreadPool]: On analytics.information_schema: ROLLBACK
[0m11:37:05.034063 [debug] [ThreadPool]: Failed to rollback 'analytics.information_schema'
[0m11:37:05.035603 [debug] [ThreadPool]: On analytics.information_schema: Close
[0m11:37:05.057763 [debug] [MainThread]: Wrote artifact CatalogArtifact to /app/dbt_euromillions_lkh/target/catalog.json
[0m11:37:05.113107 [debug] [MainThread]: Wrote artifact WritableManifest to /app/dbt_euromillions_lkh/target/manifest.json
[0m11:37:05.121214 [debug] [MainThread]: Wrote artifact SemanticManifest to /app/dbt_euromillions_lkh/target/semantic_manifest.json
[0m11:37:05.122882 [info ] [MainThread]: Catalog written to /app/dbt_euromillions_lkh/target/catalog.json
[0m11:37:05.128513 [debug] [MainThread]: Resource report: {"command_name": "generate", "command_success": true, "command_wall_clock_time": 2.3550403, "process_in_blocks": "174984", "process_kernel_time": 0.767143, "process_mem_max_rss": "154300", "process_out_blocks": "3336", "process_user_time": 3.076607}
[0m11:37:05.130446 [debug] [MainThread]: Command `dbt docs generate` succeeded at 11:37:05.130225 after 2.36 seconds
[0m11:37:05.132177 [debug] [MainThread]: Connection 'generate_catalog' was properly closed.
[0m11:37:05.133803 [debug] [MainThread]: Connection 'analytics.information_schema' was properly closed.
[0m11:37:05.135654 [debug] [MainThread]: Sending event: {'category': 'dbt', 'action': 'invocation', 'label': 'end', 'context': [<snowplow_tracker.self_describing_json.SelfDescribingJson object at 0x7a0db893ec10>, <snowplow_tracker.self_describing_json.SelfDescribingJson object at 0x7a0db8697b10>, <snowplow_tracker.self_describing_json.SelfDescribingJson object at 0x7a0db46b3490>]}
[0m11:37:05.137755 [debug] [MainThread]: Flushing usage events
[0m11:37:05.601996 [debug] [MainThread]: An error was encountered while trying to flush usage events
[0m11:37:15.541457 [debug] [MainThread]: Sending event: {'category': 'dbt', 'action': 'invocation', 'label': 'start', 'context': [<snowplow_tracker.self_describing_json.SelfDescribingJson object at 0x7e2c5b9fb350>, <snowplow_tracker.self_describing_json.SelfDescribingJson object at 0x7e2c5b9d07d0>, <snowplow_tracker.self_describing_json.SelfDescribingJson object at 0x7e2c5b9dd150>]}


============================== 11:37:15.546697 | aacc0aa3-56fc-4b35-a90b-d722018cbffa ==============================
[0m11:37:15.546697 [info ] [MainThread]: Running with dbt=1.10.6
[0m11:37:15.549573 [debug] [MainThread]: running dbt with arguments {'printer_width': '80', 'indirect_selection': 'eager', 'log_cache_events': 'False', 'write_json': 'True', 'partial_parse': 'True', 'cache_selected_only': 'False', 'warn_error': 'None', 'fail_fast': 'False', 'debug': 'False', 'log_path': '/app/dbt_euromillions_lkh/logs', 'version_check': 'True', 'profiles_dir': '/root/.dbt', 'use_colors': 'True', 'use_experimental_parser': 'False', 'empty': 'None', 'quiet': 'False', 'no_print': 'None', 'log_format': 'default', 'introspect': 'True', 'invocation_command': 'dbt docs serve --host 0.0.0.0 --port 8080', 'static_parser': 'True', 'target_path': 'None', 'warn_error_options': 'WarnErrorOptionsV2(error=[], warn=[], silence=[])', 'send_anonymous_usage_stats': 'True'}
[0m11:37:15.902200 [debug] [MainThread]: Sending event: {'category': 'dbt', 'action': 'project_id', 'label': 'aacc0aa3-56fc-4b35-a90b-d722018cbffa', 'context': [<snowplow_tracker.self_describing_json.SelfDescribingJson object at 0x7e2c5b8ae490>]}
[0m11:37:15.985307 [debug] [MainThread]: Sending event: {'category': 'dbt', 'action': 'adapter_info', 'label': 'aacc0aa3-56fc-4b35-a90b-d722018cbffa', 'context': [<snowplow_tracker.self_describing_json.SelfDescribingJson object at 0x7e2c5e8ca850>]}
[0m11:41:09.720203 [error] [MainThread]: Encountered an error:

[0m11:41:09.746152 [error] [MainThread]: Traceback (most recent call last):
  File "/usr/local/lib/python3.11/site-packages/dbt/cli/requires.py", line 178, in wrapper
    result, success = func(*args, **kwargs)
                      ^^^^^^^^^^^^^^^^^^^^^
  File "/usr/local/lib/python3.11/site-packages/dbt/cli/requires.py", line 128, in wrapper
    return func(*args, **kwargs)
           ^^^^^^^^^^^^^^^^^^^^^
  File "/usr/local/lib/python3.11/site-packages/dbt/cli/requires.py", line 272, in wrapper
    return func(*args, **kwargs)
           ^^^^^^^^^^^^^^^^^^^^^
  File "/usr/local/lib/python3.11/site-packages/dbt/cli/requires.py", line 303, in wrapper
    return func(*args, **kwargs)
           ^^^^^^^^^^^^^^^^^^^^^
  File "/usr/local/lib/python3.11/site-packages/dbt/cli/requires.py", line 350, in wrapper
    return func(*args, **kwargs)
           ^^^^^^^^^^^^^^^^^^^^^
  File "/usr/local/lib/python3.11/site-packages/dbt/cli/main.py", line 307, in docs_serve
    results = task.run()
              ^^^^^^^^^^
  File "/usr/local/lib/python3.11/site-packages/dbt/task/docs/serve.py", line 29, in run
    httpd.serve_forever()
  File "/usr/local/lib/python3.11/socketserver.py", line 233, in serve_forever
    ready = selector.select(poll_interval)
            ^^^^^^^^^^^^^^^^^^^^^^^^^^^^^^
  File "/usr/local/lib/python3.11/selectors.py", line 415, in select
    fd_event_list = self._selector.poll(timeout)
                    ^^^^^^^^^^^^^^^^^^^^^^^^^^^^
KeyboardInterrupt

[0m11:41:09.753242 [debug] [MainThread]: Resource report: {"command_name": "serve", "command_success": false, "command_wall_clock_time": 234.33205, "process_in_blocks": "488", "process_kernel_time": 0.45045, "process_mem_max_rss": "123568", "process_out_blocks": "192", "process_user_time": 2.220363}
[0m11:41:09.756139 [debug] [MainThread]: Command `dbt docs serve` failed at 11:41:09.755874 after 234.34 seconds
[0m11:41:09.758879 [debug] [MainThread]: Sending event: {'category': 'dbt', 'action': 'invocation', 'label': 'end', 'context': [<snowplow_tracker.self_describing_json.SelfDescribingJson object at 0x7e2c5b8b32d0>, <snowplow_tracker.self_describing_json.SelfDescribingJson object at 0x7e2c5b8b0290>, <snowplow_tracker.self_describing_json.SelfDescribingJson object at 0x7e2c5764ae10>]}
[0m11:41:09.761523 [debug] [MainThread]: Flushing usage events
[0m11:41:10.243244 [debug] [MainThread]: An error was encountered while trying to flush usage events
[0m11:51:39.316175 [debug] [MainThread]: Sending event: {'category': 'dbt', 'action': 'invocation', 'label': 'start', 'context': [<snowplow_tracker.self_describing_json.SelfDescribingJson object at 0x73496bcda8d0>, <snowplow_tracker.self_describing_json.SelfDescribingJson object at 0x73496cbbbb10>, <snowplow_tracker.self_describing_json.SelfDescribingJson object at 0x73496be6bdd0>]}


============================== 11:51:39.326805 | ec25dbcf-2e48-4c9d-b7d5-8f54035bafd4 ==============================
[0m11:51:39.326805 [info ] [MainThread]: Running with dbt=1.10.6
[0m11:51:39.329342 [debug] [MainThread]: running dbt with arguments {'printer_width': '80', 'indirect_selection': 'eager', 'write_json': 'True', 'log_cache_events': 'False', 'partial_parse': 'True', 'cache_selected_only': 'False', 'warn_error': 'None', 'debug': 'False', 'version_check': 'True', 'log_path': '/app/dbt_euromillions_lkh/logs', 'profiles_dir': '/root/.dbt', 'fail_fast': 'False', 'use_colors': 'True', 'use_experimental_parser': 'False', 'no_print': 'None', 'quiet': 'False', 'empty': 'None', 'log_format': 'default', 'invocation_command': 'dbt docs serve --host 0.0.0.0 --port 8080', 'introspect': 'True', 'static_parser': 'True', 'target_path': 'None', 'warn_error_options': 'WarnErrorOptionsV2(error=[], warn=[], silence=[])', 'send_anonymous_usage_stats': 'True'}
[0m11:51:39.728228 [debug] [MainThread]: Sending event: {'category': 'dbt', 'action': 'project_id', 'label': 'ec25dbcf-2e48-4c9d-b7d5-8f54035bafd4', 'context': [<snowplow_tracker.self_describing_json.SelfDescribingJson object at 0x73496853d510>]}
[0m11:51:39.809738 [debug] [MainThread]: Sending event: {'category': 'dbt', 'action': 'adapter_info', 'label': 'ec25dbcf-2e48-4c9d-b7d5-8f54035bafd4', 'context': [<snowplow_tracker.self_describing_json.SelfDescribingJson object at 0x73496ecc6390>]}
[0m12:15:40.595510 [error] [MainThread]: Encountered an error:

[0m12:15:40.621929 [error] [MainThread]: Traceback (most recent call last):
  File "/usr/local/lib/python3.11/site-packages/dbt/cli/requires.py", line 178, in wrapper
    result, success = func(*args, **kwargs)
                      ^^^^^^^^^^^^^^^^^^^^^
  File "/usr/local/lib/python3.11/site-packages/dbt/cli/requires.py", line 128, in wrapper
    return func(*args, **kwargs)
           ^^^^^^^^^^^^^^^^^^^^^
  File "/usr/local/lib/python3.11/site-packages/dbt/cli/requires.py", line 272, in wrapper
    return func(*args, **kwargs)
           ^^^^^^^^^^^^^^^^^^^^^
  File "/usr/local/lib/python3.11/site-packages/dbt/cli/requires.py", line 303, in wrapper
    return func(*args, **kwargs)
           ^^^^^^^^^^^^^^^^^^^^^
  File "/usr/local/lib/python3.11/site-packages/dbt/cli/requires.py", line 350, in wrapper
    return func(*args, **kwargs)
           ^^^^^^^^^^^^^^^^^^^^^
  File "/usr/local/lib/python3.11/site-packages/dbt/cli/main.py", line 307, in docs_serve
    results = task.run()
              ^^^^^^^^^^
  File "/usr/local/lib/python3.11/site-packages/dbt/task/docs/serve.py", line 29, in run
    httpd.serve_forever()
  File "/usr/local/lib/python3.11/socketserver.py", line 233, in serve_forever
    ready = selector.select(poll_interval)
            ^^^^^^^^^^^^^^^^^^^^^^^^^^^^^^
  File "/usr/local/lib/python3.11/selectors.py", line 415, in select
    fd_event_list = self._selector.poll(timeout)
                    ^^^^^^^^^^^^^^^^^^^^^^^^^^^^
KeyboardInterrupt

[0m12:15:40.635952 [debug] [MainThread]: Resource report: {"command_name": "serve", "command_success": false, "command_wall_clock_time": 1441.5828, "process_in_blocks": "66984", "process_kernel_time": 0.704305, "process_mem_max_rss": "121284", "process_out_blocks": "0", "process_user_time": 2.44869}
[0m12:15:40.639280 [debug] [MainThread]: Command `dbt docs serve` failed at 12:15:40.639050 after 1441.59 seconds
[0m12:15:40.641386 [debug] [MainThread]: Sending event: {'category': 'dbt', 'action': 'invocation', 'label': 'end', 'context': [<snowplow_tracker.self_describing_json.SelfDescribingJson object at 0x73496bc26f50>, <snowplow_tracker.self_describing_json.SelfDescribingJson object at 0x73496be07150>, <snowplow_tracker.self_describing_json.SelfDescribingJson object at 0x73496bb35150>]}
[0m12:15:40.643959 [debug] [MainThread]: Flushing usage events
[0m12:15:41.141658 [debug] [MainThread]: An error was encountered while trying to flush usage events
[0m12:29:51.055282 [debug] [MainThread]: Sending event: {'category': 'dbt', 'action': 'invocation', 'label': 'start', 'context': [<snowplow_tracker.self_describing_json.SelfDescribingJson object at 0x7dba666f4210>, <snowplow_tracker.self_describing_json.SelfDescribingJson object at 0x7dba6675e550>, <snowplow_tracker.self_describing_json.SelfDescribingJson object at 0x7dba668f0690>]}


============================== 12:29:51.059326 | dae912cd-d72d-46eb-ae5d-8c20fbbd095d ==============================
[0m12:29:51.059326 [info ] [MainThread]: Running with dbt=1.10.6
[0m12:29:51.061518 [debug] [MainThread]: running dbt with arguments {'printer_width': '80', 'indirect_selection': 'eager', 'write_json': 'True', 'log_cache_events': 'False', 'partial_parse': 'True', 'cache_selected_only': 'False', 'profiles_dir': '/root/.dbt', 'debug': 'False', 'warn_error': 'None', 'log_path': 'dbt_euromillions_lkh/logs', 'version_check': 'True', 'fail_fast': 'False', 'use_colors': 'True', 'use_experimental_parser': 'False', 'no_print': 'None', 'quiet': 'False', 'empty': 'False', 'warn_error_options': 'WarnErrorOptionsV2(error=[], warn=[], silence=[])', 'invocation_command': 'dbt run --project-dir dbt_euromillions_lkh', 'introspect': 'True', 'static_parser': 'True', 'target_path': 'None', 'log_format': 'default', 'send_anonymous_usage_stats': 'True'}
[0m12:29:51.350480 [debug] [MainThread]: Sending event: {'category': 'dbt', 'action': 'project_id', 'label': 'dae912cd-d72d-46eb-ae5d-8c20fbbd095d', 'context': [<snowplow_tracker.self_describing_json.SelfDescribingJson object at 0x7dba627bf490>]}
[0m12:29:51.426657 [debug] [MainThread]: Sending event: {'category': 'dbt', 'action': 'adapter_info', 'label': 'dae912cd-d72d-46eb-ae5d-8c20fbbd095d', 'context': [<snowplow_tracker.self_describing_json.SelfDescribingJson object at 0x7dba69758710>]}
[0m12:29:51.430655 [info ] [MainThread]: Registered adapter: duckdb=1.9.4
[0m12:29:51.553480 [debug] [MainThread]: checksum: f6e4baf4de20596ffb9d14e6ef805989eb0e1950dedc3cc83d03f20aa023904c, vars: {}, profile: , target: , version: 1.10.6
[0m12:29:51.881095 [debug] [MainThread]: Partial parsing enabled: 0 files deleted, 0 files added, 0 files changed.
[0m12:29:51.882996 [debug] [MainThread]: Partial parsing enabled, no changes found, skipping parsing
[0m12:29:51.929755 [debug] [MainThread]: Sending event: {'category': 'dbt', 'action': 'load_project', 'label': 'dae912cd-d72d-46eb-ae5d-8c20fbbd095d', 'context': [<snowplow_tracker.self_describing_json.SelfDescribingJson object at 0x7dba626a5a10>]}
[0m12:29:52.040588 [debug] [MainThread]: Wrote artifact WritableManifest to dbt_euromillions_lkh/target/manifest.json
[0m12:29:52.049723 [debug] [MainThread]: Wrote artifact SemanticManifest to dbt_euromillions_lkh/target/semantic_manifest.json
[0m12:29:52.088104 [debug] [MainThread]: Sending event: {'category': 'dbt', 'action': 'resource_counts', 'label': 'dae912cd-d72d-46eb-ae5d-8c20fbbd095d', 'context': [<snowplow_tracker.self_describing_json.SelfDescribingJson object at 0x7dba625d7850>]}
[0m12:29:52.090336 [info ] [MainThread]: Found 2 models, 10 data tests, 429 macros
[0m12:29:52.093509 [debug] [MainThread]: Sending event: {'category': 'dbt', 'action': 'runnable_timing', 'label': 'dae912cd-d72d-46eb-ae5d-8c20fbbd095d', 'context': [<snowplow_tracker.self_describing_json.SelfDescribingJson object at 0x7dba62217950>]}
[0m12:29:52.097813 [info ] [MainThread]: 
[0m12:29:52.099900 [info ] [MainThread]: Concurrency: 4 threads (target='dev')
[0m12:29:52.102122 [info ] [MainThread]: 
[0m12:29:52.104834 [debug] [MainThread]: Acquiring new duckdb connection 'master'
[0m12:29:52.122300 [debug] [ThreadPool]: Acquiring new duckdb connection 'list_analytics'
[0m12:29:52.265647 [debug] [ThreadPool]: Using duckdb connection "list_analytics"
[0m12:29:52.267772 [debug] [ThreadPool]: On list_analytics: /* {"app": "dbt", "dbt_version": "1.10.6", "profile_name": "dbt_euromillions_lkh", "target_name": "dev", "connection_name": "list_analytics"} */

    
    select schema_name
    from system.information_schema.schemata
    
    where lower(catalog_name) = '"analytics"'
    
  
  
[0m12:29:52.269604 [debug] [ThreadPool]: Opening a new connection, currently in state init
[0m12:29:52.309433 [debug] [ThreadPool]: SQL status: OK in 0.040 seconds
[0m12:29:52.313867 [debug] [ThreadPool]: On list_analytics: Close
[0m12:29:52.316516 [debug] [ThreadPool]: Re-using an available connection from the pool (formerly list_analytics, now create_analytics_main)
[0m12:29:52.318461 [debug] [ThreadPool]: Creating schema "database: "analytics"
schema: "main"
"
[0m12:29:52.331470 [debug] [ThreadPool]: Using duckdb connection "create_analytics_main"
[0m12:29:52.333642 [debug] [ThreadPool]: On create_analytics_main: /* {"app": "dbt", "dbt_version": "1.10.6", "profile_name": "dbt_euromillions_lkh", "target_name": "dev", "connection_name": "create_analytics_main"} */

    
        select type from duckdb_databases()
        where lower(database_name)='analytics'
        and type='sqlite'
    
  
[0m12:29:52.335325 [debug] [ThreadPool]: Opening a new connection, currently in state closed
[0m12:29:52.338357 [debug] [ThreadPool]: SQL status: OK in 0.003 seconds
[0m12:29:52.340829 [debug] [ThreadPool]: Using duckdb connection "create_analytics_main"
[0m12:29:52.342753 [debug] [ThreadPool]: On create_analytics_main: BEGIN
[0m12:29:52.345951 [debug] [ThreadPool]: SQL status: OK in 0.001 seconds
[0m12:29:52.348245 [debug] [ThreadPool]: Using duckdb connection "create_analytics_main"
[0m12:29:52.350194 [debug] [ThreadPool]: On create_analytics_main: /* {"app": "dbt", "dbt_version": "1.10.6", "profile_name": "dbt_euromillions_lkh", "target_name": "dev", "connection_name": "create_analytics_main"} */

    
    
        create schema if not exists "analytics"."main"
    
[0m12:29:52.352700 [debug] [ThreadPool]: SQL status: OK in 0.001 seconds
[0m12:29:52.355313 [debug] [ThreadPool]: On create_analytics_main: COMMIT
[0m12:29:52.356861 [debug] [ThreadPool]: Using duckdb connection "create_analytics_main"
[0m12:29:52.358773 [debug] [ThreadPool]: On create_analytics_main: COMMIT
[0m12:29:52.361922 [debug] [ThreadPool]: SQL status: OK in 0.001 seconds
[0m12:29:52.363726 [debug] [ThreadPool]: On create_analytics_main: Close
[0m12:29:52.366879 [debug] [ThreadPool]: Re-using an available connection from the pool (formerly create_analytics_main, now list_analytics_main)
[0m12:29:52.375117 [debug] [ThreadPool]: Using duckdb connection "list_analytics_main"
[0m12:29:52.376988 [debug] [ThreadPool]: On list_analytics_main: BEGIN
[0m12:29:52.378534 [debug] [ThreadPool]: Opening a new connection, currently in state closed
[0m12:29:52.380861 [debug] [ThreadPool]: SQL status: OK in 0.002 seconds
[0m12:29:52.382637 [debug] [ThreadPool]: Using duckdb connection "list_analytics_main"
[0m12:29:52.383948 [debug] [ThreadPool]: On list_analytics_main: /* {"app": "dbt", "dbt_version": "1.10.6", "profile_name": "dbt_euromillions_lkh", "target_name": "dev", "connection_name": "list_analytics_main"} */
select
      'analytics' as database,
      table_name as name,
      table_schema as schema,
      CASE table_type
        WHEN 'BASE TABLE' THEN 'table'
        WHEN 'VIEW' THEN 'view'
        WHEN 'LOCAL TEMPORARY' THEN 'table'
        END as type
    from system.information_schema.tables
    where lower(table_schema) = 'main'
    and lower(table_catalog) = 'analytics'
  
[0m12:29:52.403091 [debug] [ThreadPool]: SQL status: OK in 0.018 seconds
[0m12:29:52.406042 [debug] [ThreadPool]: On list_analytics_main: ROLLBACK
[0m12:29:52.407922 [debug] [ThreadPool]: Failed to rollback 'list_analytics_main'
[0m12:29:52.409383 [debug] [ThreadPool]: On list_analytics_main: Close
[0m12:29:52.413698 [debug] [MainThread]: Sending event: {'category': 'dbt', 'action': 'runnable_timing', 'label': 'dae912cd-d72d-46eb-ae5d-8c20fbbd095d', 'context': [<snowplow_tracker.self_describing_json.SelfDescribingJson object at 0x7dba624c3650>]}
[0m12:29:52.416401 [debug] [MainThread]: Using duckdb connection "master"
[0m12:29:52.418078 [debug] [MainThread]: On master: BEGIN
[0m12:29:52.419552 [debug] [MainThread]: Opening a new connection, currently in state init
[0m12:29:52.422113 [debug] [MainThread]: SQL status: OK in 0.003 seconds
[0m12:29:52.423867 [debug] [MainThread]: On master: COMMIT
[0m12:29:52.425701 [debug] [MainThread]: Using duckdb connection "master"
[0m12:29:52.427666 [debug] [MainThread]: On master: COMMIT
[0m12:29:52.430128 [debug] [MainThread]: SQL status: OK in 0.001 seconds
[0m12:29:52.431784 [debug] [MainThread]: On master: Close
[0m12:29:52.443857 [debug] [Thread-1 (]: Began running node model.dbt_euromillions_lkh.silver_draws
[0m12:29:52.446069 [info ] [Thread-1 (]: 1 of 2 START sql view model main.silver_draws .................................. [RUN]
[0m12:29:52.448455 [debug] [Thread-1 (]: Re-using an available connection from the pool (formerly list_analytics_main, now model.dbt_euromillions_lkh.silver_draws)
[0m12:29:52.450270 [debug] [Thread-1 (]: Began compiling node model.dbt_euromillions_lkh.silver_draws
[0m12:29:52.459661 [debug] [Thread-1 (]: Writing injected SQL for node "model.dbt_euromillions_lkh.silver_draws"
[0m12:29:52.473418 [debug] [Thread-1 (]: Began executing node model.dbt_euromillions_lkh.silver_draws
[0m12:29:52.553329 [debug] [Thread-1 (]: Writing runtime sql for node "model.dbt_euromillions_lkh.silver_draws"
[0m12:29:52.995100 [debug] [Thread-1 (]: Using duckdb connection "model.dbt_euromillions_lkh.silver_draws"
[0m12:29:53.005350 [debug] [Thread-1 (]: On model.dbt_euromillions_lkh.silver_draws: BEGIN
[0m12:29:53.009149 [debug] [Thread-1 (]: Opening a new connection, currently in state closed
[0m12:29:53.012974 [debug] [Thread-1 (]: SQL status: OK in 0.004 seconds
[0m12:29:53.076691 [debug] [Thread-1 (]: Using duckdb connection "model.dbt_euromillions_lkh.silver_draws"
[0m12:29:53.140831 [debug] [Thread-1 (]: On model.dbt_euromillions_lkh.silver_draws: /* {"app": "dbt", "dbt_version": "1.10.6", "profile_name": "dbt_euromillions_lkh", "target_name": "dev", "node_id": "model.dbt_euromillions_lkh.silver_draws"} */

  
  create view "analytics"."main"."silver_draws__dbt_tmp" as (
    select
    draw_id,
    draw_date,
    jackpot_amount,

    'EUR' as jackpot_currency,

    year(draw_date) as draw_year,

    month(draw_date) as draw_month

from raw_bronze_draws

where jackpot_amount > 0
  );

[0m12:29:53.163118 [debug] [Thread-1 (]: SQL status: OK in 0.001 seconds
[0m12:29:53.218565 [debug] [Thread-1 (]: Using duckdb connection "model.dbt_euromillions_lkh.silver_draws"
[0m12:29:53.268281 [debug] [Thread-1 (]: On model.dbt_euromillions_lkh.silver_draws: /* {"app": "dbt", "dbt_version": "1.10.6", "profile_name": "dbt_euromillions_lkh", "target_name": "dev", "node_id": "model.dbt_euromillions_lkh.silver_draws"} */
alter view "analytics"."main"."silver_draws__dbt_tmp" rename to "silver_draws"
[0m12:29:53.356813 [debug] [Thread-1 (]: SQL status: OK in 0.001 seconds
[0m12:29:53.415889 [debug] [Thread-1 (]: On model.dbt_euromillions_lkh.silver_draws: COMMIT
[0m12:29:53.420887 [debug] [Thread-1 (]: Using duckdb connection "model.dbt_euromillions_lkh.silver_draws"
[0m12:29:53.426354 [debug] [Thread-1 (]: On model.dbt_euromillions_lkh.silver_draws: COMMIT
[0m12:29:53.436662 [debug] [Thread-1 (]: SQL status: OK in 0.008 seconds
[0m12:29:53.452547 [debug] [Thread-1 (]: Using duckdb connection "model.dbt_euromillions_lkh.silver_draws"
[0m12:29:53.454576 [debug] [Thread-1 (]: On model.dbt_euromillions_lkh.silver_draws: /* {"app": "dbt", "dbt_version": "1.10.6", "profile_name": "dbt_euromillions_lkh", "target_name": "dev", "node_id": "model.dbt_euromillions_lkh.silver_draws"} */

      drop view if exists "analytics"."main"."silver_draws__dbt_backup" cascade
    
[0m12:29:53.457183 [debug] [Thread-1 (]: SQL status: OK in 0.001 seconds
[0m12:29:53.463181 [debug] [Thread-1 (]: On model.dbt_euromillions_lkh.silver_draws: Close
[0m12:29:53.468895 [debug] [Thread-1 (]: Sending event: {'category': 'dbt', 'action': 'run_model', 'label': 'dae912cd-d72d-46eb-ae5d-8c20fbbd095d', 'context': [<snowplow_tracker.self_describing_json.SelfDescribingJson object at 0x7dba622f0650>]}
[0m12:29:53.472145 [info ] [Thread-1 (]: 1 of 2 OK created sql view model main.silver_draws ............................. [[32mOK[0m in 1.02s]
[0m12:29:53.475026 [debug] [Thread-1 (]: Finished running node model.dbt_euromillions_lkh.silver_draws
[0m12:29:53.479382 [debug] [Thread-3 (]: Began running node model.dbt_euromillions_lkh.gold_jackpot_trends
[0m12:29:53.482044 [info ] [Thread-3 (]: 2 of 2 START sql incremental model main.gold_jackpot_trends .................... [RUN]
[0m12:29:53.485941 [debug] [Thread-3 (]: Acquiring new duckdb connection 'model.dbt_euromillions_lkh.gold_jackpot_trends'
[0m12:29:53.488223 [debug] [Thread-3 (]: Began compiling node model.dbt_euromillions_lkh.gold_jackpot_trends
[0m12:29:53.514813 [debug] [Thread-3 (]: Writing injected SQL for node "model.dbt_euromillions_lkh.gold_jackpot_trends"
[0m12:29:53.529597 [debug] [Thread-3 (]: Began executing node model.dbt_euromillions_lkh.gold_jackpot_trends
[0m12:29:53.651939 [debug] [Thread-3 (]: Using duckdb connection "model.dbt_euromillions_lkh.gold_jackpot_trends"
[0m12:29:53.676527 [debug] [Thread-3 (]: On model.dbt_euromillions_lkh.gold_jackpot_trends: /* {"app": "dbt", "dbt_version": "1.10.6", "profile_name": "dbt_euromillions_lkh", "target_name": "dev", "node_id": "model.dbt_euromillions_lkh.gold_jackpot_trends"} */

    
  
    
    

    create temporary table
      "gold_jackpot_trends__dbt_tmp20260520122953615932"
  
    as (
      

with source_data as (

    select *
    from "analytics"."main"."silver_draws"

),

aggregated as (

    select
        year(draw_date) as draw_year,

        count(*) as total_draws,

        avg(jackpot_amount) as avg_jackpot,

        max(jackpot_amount) as max_jackpot,

        min(jackpot_amount) as min_jackpot,

        sum(jackpot_amount) as total_jackpot_amount

    from source_data

    group by 1

)

select *
from aggregated



where draw_year not in (
    select draw_year
    from "analytics"."main"."gold_jackpot_trends"
)


    );
  
  
  
[0m12:29:53.679042 [debug] [Thread-3 (]: Opening a new connection, currently in state init
[0m12:29:53.689342 [debug] [Thread-3 (]: SQL status: OK in 0.010 seconds
[0m12:29:53.704241 [debug] [Thread-3 (]: Using duckdb connection "model.dbt_euromillions_lkh.gold_jackpot_trends"
[0m12:29:53.706376 [debug] [Thread-3 (]: On model.dbt_euromillions_lkh.gold_jackpot_trends: BEGIN
[0m12:29:53.709502 [debug] [Thread-3 (]: SQL status: OK in 0.001 seconds
[0m12:29:53.711991 [debug] [Thread-3 (]: Using duckdb connection "model.dbt_euromillions_lkh.gold_jackpot_trends"
[0m12:29:53.714802 [debug] [Thread-3 (]: On model.dbt_euromillions_lkh.gold_jackpot_trends: /* {"app": "dbt", "dbt_version": "1.10.6", "profile_name": "dbt_euromillions_lkh", "target_name": "dev", "node_id": "model.dbt_euromillions_lkh.gold_jackpot_trends"} */

      select
          column_name,
          data_type,
          character_maximum_length,
          numeric_precision,
          numeric_scale

      from system.information_schema.columns
      where table_name = 'gold_jackpot_trends__dbt_tmp20260520122953615932'
      
      
      order by ordinal_position

  
[0m12:29:53.721892 [debug] [Thread-3 (]: SQL status: OK in 0.004 seconds
[0m12:29:53.729875 [debug] [Thread-3 (]: Using duckdb connection "model.dbt_euromillions_lkh.gold_jackpot_trends"
[0m12:29:53.731577 [debug] [Thread-3 (]: On model.dbt_euromillions_lkh.gold_jackpot_trends: /* {"app": "dbt", "dbt_version": "1.10.6", "profile_name": "dbt_euromillions_lkh", "target_name": "dev", "node_id": "model.dbt_euromillions_lkh.gold_jackpot_trends"} */

      select
          column_name,
          data_type,
          character_maximum_length,
          numeric_precision,
          numeric_scale

      from system.information_schema.columns
      where table_name = 'gold_jackpot_trends'
      
      and lower(table_schema) = 'main'
      
      
      and lower(table_catalog) = 'analytics'
      
      order by ordinal_position

  
[0m12:29:53.736203 [debug] [Thread-3 (]: SQL status: OK in 0.003 seconds
[0m12:29:53.752543 [debug] [Thread-3 (]: Using duckdb connection "model.dbt_euromillions_lkh.gold_jackpot_trends"
[0m12:29:53.754453 [debug] [Thread-3 (]: On model.dbt_euromillions_lkh.gold_jackpot_trends: /* {"app": "dbt", "dbt_version": "1.10.6", "profile_name": "dbt_euromillions_lkh", "target_name": "dev", "node_id": "model.dbt_euromillions_lkh.gold_jackpot_trends"} */

      select
          column_name,
          data_type,
          character_maximum_length,
          numeric_precision,
          numeric_scale

      from system.information_schema.columns
      where table_name = 'gold_jackpot_trends'
      
      and lower(table_schema) = 'main'
      
      
      and lower(table_catalog) = 'analytics'
      
      order by ordinal_position

  
[0m12:29:53.761522 [debug] [Thread-3 (]: SQL status: OK in 0.005 seconds
[0m12:29:53.803812 [debug] [Thread-3 (]: Writing runtime sql for node "model.dbt_euromillions_lkh.gold_jackpot_trends"
[0m12:29:53.824173 [debug] [Thread-3 (]: Using duckdb connection "model.dbt_euromillions_lkh.gold_jackpot_trends"
[0m12:29:53.828681 [debug] [Thread-3 (]: On model.dbt_euromillions_lkh.gold_jackpot_trends: /* {"app": "dbt", "dbt_version": "1.10.6", "profile_name": "dbt_euromillions_lkh", "target_name": "dev", "node_id": "model.dbt_euromillions_lkh.gold_jackpot_trends"} */

        
            delete from "analytics"."main"."gold_jackpot_trends"
            where (
                draw_year) in (
                select (draw_year)
                from "gold_jackpot_trends__dbt_tmp20260520122953615932"
            );

        
    

    insert into "analytics"."main"."gold_jackpot_trends" ("draw_year", "total_draws", "avg_jackpot", "max_jackpot", "min_jackpot", "total_jackpot_amount")
    (
        select "draw_year", "total_draws", "avg_jackpot", "max_jackpot", "min_jackpot", "total_jackpot_amount"
        from "gold_jackpot_trends__dbt_tmp20260520122953615932"
    )
  
[0m12:29:53.838028 [debug] [Thread-3 (]: SQL status: OK in 0.007 seconds
[0m12:29:53.843100 [debug] [Thread-3 (]: On model.dbt_euromillions_lkh.gold_jackpot_trends: COMMIT
[0m12:29:53.846153 [debug] [Thread-3 (]: Using duckdb connection "model.dbt_euromillions_lkh.gold_jackpot_trends"
[0m12:29:53.847777 [debug] [Thread-3 (]: On model.dbt_euromillions_lkh.gold_jackpot_trends: COMMIT
[0m12:29:53.855799 [debug] [Thread-3 (]: SQL status: OK in 0.006 seconds
[0m12:29:53.859272 [debug] [Thread-3 (]: On model.dbt_euromillions_lkh.gold_jackpot_trends: Close
[0m12:29:53.863416 [debug] [Thread-3 (]: Sending event: {'category': 'dbt', 'action': 'run_model', 'label': 'dae912cd-d72d-46eb-ae5d-8c20fbbd095d', 'context': [<snowplow_tracker.self_describing_json.SelfDescribingJson object at 0x7dba616ab650>]}
[0m12:29:53.865835 [info ] [Thread-3 (]: 2 of 2 OK created sql incremental model main.gold_jackpot_trends ............... [[32mOK[0m in 0.38s]
[0m12:29:53.868197 [debug] [Thread-3 (]: Finished running node model.dbt_euromillions_lkh.gold_jackpot_trends
[0m12:29:53.872859 [debug] [MainThread]: Using duckdb connection "master"
[0m12:29:53.874431 [debug] [MainThread]: On master: BEGIN
[0m12:29:53.877468 [debug] [MainThread]: Opening a new connection, currently in state closed
[0m12:29:53.880452 [debug] [MainThread]: SQL status: OK in 0.003 seconds
[0m12:29:53.881886 [debug] [MainThread]: On master: COMMIT
[0m12:29:53.883357 [debug] [MainThread]: Using duckdb connection "master"
[0m12:29:53.884656 [debug] [MainThread]: On master: COMMIT
[0m12:29:53.886913 [debug] [MainThread]: SQL status: OK in 0.001 seconds
[0m12:29:53.888313 [debug] [MainThread]: On master: Close
[0m12:29:53.890155 [debug] [MainThread]: Connection 'master' was properly closed.
[0m12:29:53.891833 [debug] [MainThread]: Connection 'model.dbt_euromillions_lkh.silver_draws' was properly closed.
[0m12:29:53.894112 [debug] [MainThread]: Connection 'model.dbt_euromillions_lkh.gold_jackpot_trends' was properly closed.
[0m12:29:53.895651 [info ] [MainThread]: 
[0m12:29:53.898115 [info ] [MainThread]: Finished running 1 incremental model, 1 view model in 0 hours 0 minutes and 1.79 seconds (1.79s).
[0m12:29:53.903313 [debug] [MainThread]: Command end result
[0m12:29:53.984252 [debug] [MainThread]: Wrote artifact WritableManifest to dbt_euromillions_lkh/target/manifest.json
[0m12:29:53.992910 [debug] [MainThread]: Wrote artifact SemanticManifest to dbt_euromillions_lkh/target/semantic_manifest.json
[0m12:29:54.011496 [debug] [MainThread]: Wrote artifact RunExecutionResult to dbt_euromillions_lkh/target/run_results.json
[0m12:29:54.013055 [info ] [MainThread]: 
[0m12:29:54.015923 [info ] [MainThread]: [32mCompleted successfully[0m
[0m12:29:54.018986 [info ] [MainThread]: 
[0m12:29:54.021336 [info ] [MainThread]: Done. PASS=2 WARN=0 ERROR=0 SKIP=0 NO-OP=0 TOTAL=2
[0m12:29:54.025732 [debug] [MainThread]: Resource report: {"command_name": "run", "command_success": true, "command_wall_clock_time": 3.0620294, "process_in_blocks": "1368", "process_kernel_time": 0.653842, "process_mem_max_rss": "162776", "process_out_blocks": "1496", "process_user_time": 3.265153}
[0m12:29:54.028076 [debug] [MainThread]: Command `dbt run` succeeded at 12:29:54.027750 after 3.06 seconds
[0m12:29:54.030624 [debug] [MainThread]: Sending event: {'category': 'dbt', 'action': 'invocation', 'label': 'end', 'context': [<snowplow_tracker.self_describing_json.SelfDescribingJson object at 0x7dba6b18d710>, <snowplow_tracker.self_describing_json.SelfDescribingJson object at 0x7dba6b18cc90>, <snowplow_tracker.self_describing_json.SelfDescribingJson object at 0x7dba6b18dcd0>]}
[0m12:29:54.035266 [debug] [MainThread]: Flushing usage events
[0m12:29:54.475642 [debug] [MainThread]: An error was encountered while trying to flush usage events
[0m12:29:58.009771 [debug] [MainThread]: Sending event: {'category': 'dbt', 'action': 'invocation', 'label': 'start', 'context': [<snowplow_tracker.self_describing_json.SelfDescribingJson object at 0x7a90048b9d10>, <snowplow_tracker.self_describing_json.SelfDescribingJson object at 0x7a9004a03b10>, <snowplow_tracker.self_describing_json.SelfDescribingJson object at 0x7a90048b9e90>]}


============================== 12:29:58.014537 | 167292e2-4aeb-481c-be9b-2479a0341601 ==============================
[0m12:29:58.014537 [info ] [MainThread]: Running with dbt=1.10.6
[0m12:29:58.016698 [debug] [MainThread]: running dbt with arguments {'printer_width': '80', 'indirect_selection': 'eager', 'write_json': 'True', 'log_cache_events': 'False', 'partial_parse': 'True', 'cache_selected_only': 'False', 'profiles_dir': '/root/.dbt', 'debug': 'False', 'version_check': 'True', 'log_path': 'dbt_euromillions_lkh/logs', 'warn_error': 'None', 'fail_fast': 'False', 'use_colors': 'True', 'use_experimental_parser': 'False', 'no_print': 'None', 'quiet': 'False', 'empty': 'None', 'warn_error_options': 'WarnErrorOptionsV2(error=[], warn=[], silence=[])', 'invocation_command': 'dbt test --project-dir dbt_euromillions_lkh', 'introspect': 'True', 'log_format': 'default', 'target_path': 'None', 'static_parser': 'True', 'send_anonymous_usage_stats': 'True'}
[0m12:29:58.363339 [debug] [MainThread]: Sending event: {'category': 'dbt', 'action': 'project_id', 'label': '167292e2-4aeb-481c-be9b-2479a0341601', 'context': [<snowplow_tracker.self_describing_json.SelfDescribingJson object at 0x7a900072ea10>]}
[0m12:29:58.444176 [debug] [MainThread]: Sending event: {'category': 'dbt', 'action': 'adapter_info', 'label': '167292e2-4aeb-481c-be9b-2479a0341601', 'context': [<snowplow_tracker.self_describing_json.SelfDescribingJson object at 0x7a90078ae190>]}
[0m12:29:58.447601 [info ] [MainThread]: Registered adapter: duckdb=1.9.4
[0m12:29:58.596967 [debug] [MainThread]: checksum: f6e4baf4de20596ffb9d14e6ef805989eb0e1950dedc3cc83d03f20aa023904c, vars: {}, profile: , target: , version: 1.10.6
[0m12:29:58.972378 [debug] [MainThread]: Partial parsing enabled: 0 files deleted, 0 files added, 0 files changed.
[0m12:29:58.974032 [debug] [MainThread]: Partial parsing enabled, no changes found, skipping parsing
[0m12:29:59.031309 [debug] [MainThread]: Sending event: {'category': 'dbt', 'action': 'load_project', 'label': '167292e2-4aeb-481c-be9b-2479a0341601', 'context': [<snowplow_tracker.self_describing_json.SelfDescribingJson object at 0x7a90006ae590>]}
[0m12:29:59.132989 [debug] [MainThread]: Wrote artifact WritableManifest to dbt_euromillions_lkh/target/manifest.json
[0m12:29:59.142057 [debug] [MainThread]: Wrote artifact SemanticManifest to dbt_euromillions_lkh/target/semantic_manifest.json
[0m12:29:59.184626 [debug] [MainThread]: Sending event: {'category': 'dbt', 'action': 'resource_counts', 'label': '167292e2-4aeb-481c-be9b-2479a0341601', 'context': [<snowplow_tracker.self_describing_json.SelfDescribingJson object at 0x7a9000267710>]}
[0m12:29:59.187308 [info ] [MainThread]: Found 2 models, 10 data tests, 429 macros
[0m12:29:59.189775 [debug] [MainThread]: Sending event: {'category': 'dbt', 'action': 'runnable_timing', 'label': '167292e2-4aeb-481c-be9b-2479a0341601', 'context': [<snowplow_tracker.self_describing_json.SelfDescribingJson object at 0x7a90004e1c10>]}
[0m12:29:59.196745 [info ] [MainThread]: 
[0m12:29:59.198835 [info ] [MainThread]: Concurrency: 4 threads (target='dev')
[0m12:29:59.204039 [info ] [MainThread]: 
[0m12:29:59.209827 [debug] [MainThread]: Acquiring new duckdb connection 'master'
[0m12:29:59.220084 [debug] [ThreadPool]: Acquiring new duckdb connection 'list_analytics_main'
[0m12:29:59.357177 [debug] [ThreadPool]: Using duckdb connection "list_analytics_main"
[0m12:29:59.358768 [debug] [ThreadPool]: On list_analytics_main: BEGIN
[0m12:29:59.360541 [debug] [ThreadPool]: Opening a new connection, currently in state init
[0m12:29:59.391647 [debug] [ThreadPool]: SQL status: OK in 0.031 seconds
[0m12:29:59.394414 [debug] [ThreadPool]: Using duckdb connection "list_analytics_main"
[0m12:29:59.396625 [debug] [ThreadPool]: On list_analytics_main: /* {"app": "dbt", "dbt_version": "1.10.6", "profile_name": "dbt_euromillions_lkh", "target_name": "dev", "connection_name": "list_analytics_main"} */
select
      'analytics' as database,
      table_name as name,
      table_schema as schema,
      CASE table_type
        WHEN 'BASE TABLE' THEN 'table'
        WHEN 'VIEW' THEN 'view'
        WHEN 'LOCAL TEMPORARY' THEN 'table'
        END as type
    from system.information_schema.tables
    where lower(table_schema) = 'main'
    and lower(table_catalog) = 'analytics'
  
[0m12:29:59.415749 [debug] [ThreadPool]: SQL status: OK in 0.017 seconds
[0m12:29:59.419826 [debug] [ThreadPool]: On list_analytics_main: ROLLBACK
[0m12:29:59.421829 [debug] [ThreadPool]: Failed to rollback 'list_analytics_main'
[0m12:29:59.423346 [debug] [ThreadPool]: On list_analytics_main: Close
[0m12:29:59.427707 [debug] [MainThread]: Sending event: {'category': 'dbt', 'action': 'runnable_timing', 'label': '167292e2-4aeb-481c-be9b-2479a0341601', 'context': [<snowplow_tracker.self_describing_json.SelfDescribingJson object at 0x7a9000293990>]}
[0m12:29:59.429777 [debug] [MainThread]: Using duckdb connection "master"
[0m12:29:59.431522 [debug] [MainThread]: On master: BEGIN
[0m12:29:59.433275 [debug] [MainThread]: Opening a new connection, currently in state init
[0m12:29:59.435655 [debug] [MainThread]: SQL status: OK in 0.002 seconds
[0m12:29:59.437080 [debug] [MainThread]: On master: COMMIT
[0m12:29:59.438716 [debug] [MainThread]: Using duckdb connection "master"
[0m12:29:59.439955 [debug] [MainThread]: On master: COMMIT
[0m12:29:59.441913 [debug] [MainThread]: SQL status: OK in 0.001 seconds
[0m12:29:59.443547 [debug] [MainThread]: On master: Close
[0m12:29:59.452021 [debug] [Thread-1 (]: Began running node test.dbt_euromillions_lkh.not_null_gold_jackpot_trends_avg_jackpot.c8e8982f74
[0m12:29:59.453141 [debug] [Thread-2 (]: Began running node test.dbt_euromillions_lkh.not_null_gold_jackpot_trends_draw_year.3193289f27
[0m12:29:59.455433 [debug] [Thread-3 (]: Began running node test.dbt_euromillions_lkh.not_null_gold_jackpot_trends_total_draws.2ec2f51beb
[0m12:29:59.456770 [debug] [Thread-4 (]: Began running node test.dbt_euromillions_lkh.not_null_silver_draws_draw_date.4bbef64017
[0m12:29:59.459258 [info ] [Thread-1 (]: 1 of 10 START test not_null_gold_jackpot_trends_avg_jackpot .................... [RUN]
[0m12:29:59.480330 [debug] [Thread-1 (]: Re-using an available connection from the pool (formerly list_analytics_main, now test.dbt_euromillions_lkh.not_null_gold_jackpot_trends_avg_jackpot.c8e8982f74)
[0m12:29:59.467865 [info ] [Thread-3 (]: 3 of 10 START test not_null_gold_jackpot_trends_total_draws .................... [RUN]
[0m12:29:59.475517 [info ] [Thread-4 (]: 4 of 10 START test not_null_silver_draws_draw_date ............................. [RUN]
[0m12:29:59.463245 [info ] [Thread-2 (]: 2 of 10 START test not_null_gold_jackpot_trends_draw_year ...................... [RUN]
[0m12:29:59.486266 [debug] [Thread-1 (]: Began compiling node test.dbt_euromillions_lkh.not_null_gold_jackpot_trends_avg_jackpot.c8e8982f74
[0m12:29:59.489799 [debug] [Thread-3 (]: Acquiring new duckdb connection 'test.dbt_euromillions_lkh.not_null_gold_jackpot_trends_total_draws.2ec2f51beb'
[0m12:29:59.499575 [debug] [Thread-4 (]: Acquiring new duckdb connection 'test.dbt_euromillions_lkh.not_null_silver_draws_draw_date.4bbef64017'
[0m12:29:59.504254 [debug] [Thread-2 (]: Acquiring new duckdb connection 'test.dbt_euromillions_lkh.not_null_gold_jackpot_trends_draw_year.3193289f27'
[0m12:29:59.531929 [debug] [Thread-3 (]: Began compiling node test.dbt_euromillions_lkh.not_null_gold_jackpot_trends_total_draws.2ec2f51beb
[0m12:29:59.561499 [debug] [Thread-4 (]: Began compiling node test.dbt_euromillions_lkh.not_null_silver_draws_draw_date.4bbef64017
[0m12:29:59.566642 [debug] [Thread-1 (]: Writing injected SQL for node "test.dbt_euromillions_lkh.not_null_gold_jackpot_trends_avg_jackpot.c8e8982f74"
[0m12:29:59.569064 [debug] [Thread-2 (]: Began compiling node test.dbt_euromillions_lkh.not_null_gold_jackpot_trends_draw_year.3193289f27
[0m12:29:59.580923 [debug] [Thread-3 (]: Writing injected SQL for node "test.dbt_euromillions_lkh.not_null_gold_jackpot_trends_total_draws.2ec2f51beb"
[0m12:29:59.587046 [debug] [Thread-4 (]: Writing injected SQL for node "test.dbt_euromillions_lkh.not_null_silver_draws_draw_date.4bbef64017"
[0m12:29:59.595061 [debug] [Thread-2 (]: Writing injected SQL for node "test.dbt_euromillions_lkh.not_null_gold_jackpot_trends_draw_year.3193289f27"
[0m12:29:59.601974 [debug] [Thread-1 (]: Began executing node test.dbt_euromillions_lkh.not_null_gold_jackpot_trends_avg_jackpot.c8e8982f74
[0m12:29:59.603404 [debug] [Thread-3 (]: Began executing node test.dbt_euromillions_lkh.not_null_gold_jackpot_trends_total_draws.2ec2f51beb
[0m12:29:59.609860 [debug] [Thread-2 (]: Began executing node test.dbt_euromillions_lkh.not_null_gold_jackpot_trends_draw_year.3193289f27
[0m12:29:59.616239 [debug] [Thread-4 (]: Began executing node test.dbt_euromillions_lkh.not_null_silver_draws_draw_date.4bbef64017
[0m12:29:59.630612 [debug] [Thread-1 (]: Writing runtime sql for node "test.dbt_euromillions_lkh.not_null_gold_jackpot_trends_avg_jackpot.c8e8982f74"
[0m12:29:59.633643 [debug] [Thread-3 (]: Writing runtime sql for node "test.dbt_euromillions_lkh.not_null_gold_jackpot_trends_total_draws.2ec2f51beb"
[0m12:29:59.637288 [debug] [Thread-2 (]: Writing runtime sql for node "test.dbt_euromillions_lkh.not_null_gold_jackpot_trends_draw_year.3193289f27"
[0m12:29:59.641271 [debug] [Thread-4 (]: Writing runtime sql for node "test.dbt_euromillions_lkh.not_null_silver_draws_draw_date.4bbef64017"
[0m12:29:59.650757 [debug] [Thread-3 (]: Using duckdb connection "test.dbt_euromillions_lkh.not_null_gold_jackpot_trends_total_draws.2ec2f51beb"
[0m12:29:59.651874 [debug] [Thread-2 (]: Using duckdb connection "test.dbt_euromillions_lkh.not_null_gold_jackpot_trends_draw_year.3193289f27"
[0m12:29:59.654108 [debug] [Thread-3 (]: On test.dbt_euromillions_lkh.not_null_gold_jackpot_trends_total_draws.2ec2f51beb: BEGIN
[0m12:29:59.655343 [debug] [Thread-1 (]: Using duckdb connection "test.dbt_euromillions_lkh.not_null_gold_jackpot_trends_avg_jackpot.c8e8982f74"
[0m12:29:59.656524 [debug] [Thread-4 (]: Using duckdb connection "test.dbt_euromillions_lkh.not_null_silver_draws_draw_date.4bbef64017"
[0m12:29:59.658147 [debug] [Thread-2 (]: On test.dbt_euromillions_lkh.not_null_gold_jackpot_trends_draw_year.3193289f27: BEGIN
[0m12:29:59.660164 [debug] [Thread-3 (]: Opening a new connection, currently in state init
[0m12:29:59.662103 [debug] [Thread-1 (]: On test.dbt_euromillions_lkh.not_null_gold_jackpot_trends_avg_jackpot.c8e8982f74: BEGIN
[0m12:29:59.664114 [debug] [Thread-4 (]: On test.dbt_euromillions_lkh.not_null_silver_draws_draw_date.4bbef64017: BEGIN
[0m12:29:59.666574 [debug] [Thread-2 (]: Opening a new connection, currently in state init
[0m12:29:59.670635 [debug] [Thread-3 (]: SQL status: OK in 0.010 seconds
[0m12:29:59.671429 [debug] [Thread-1 (]: Opening a new connection, currently in state closed
[0m12:29:59.672591 [debug] [Thread-4 (]: Opening a new connection, currently in state init
[0m12:29:59.674937 [debug] [Thread-2 (]: SQL status: OK in 0.009 seconds
[0m12:29:59.675698 [debug] [Thread-3 (]: Using duckdb connection "test.dbt_euromillions_lkh.not_null_gold_jackpot_trends_total_draws.2ec2f51beb"
[0m12:29:59.678042 [debug] [Thread-1 (]: SQL status: OK in 0.006 seconds
[0m12:29:59.679941 [debug] [Thread-4 (]: SQL status: OK in 0.007 seconds
[0m12:29:59.680722 [debug] [Thread-2 (]: Using duckdb connection "test.dbt_euromillions_lkh.not_null_gold_jackpot_trends_draw_year.3193289f27"
[0m12:29:59.682570 [debug] [Thread-3 (]: On test.dbt_euromillions_lkh.not_null_gold_jackpot_trends_total_draws.2ec2f51beb: /* {"app": "dbt", "dbt_version": "1.10.6", "profile_name": "dbt_euromillions_lkh", "target_name": "dev", "node_id": "test.dbt_euromillions_lkh.not_null_gold_jackpot_trends_total_draws.2ec2f51beb"} */

    select
      count(*) as failures,
      count(*) != 0 as should_warn,
      count(*) != 0 as should_error
    from (
      
    
  
    
    



select total_draws
from "analytics"."main"."gold_jackpot_trends"
where total_draws is null



  
  
      
    ) dbt_internal_test
[0m12:29:59.683928 [debug] [Thread-1 (]: Using duckdb connection "test.dbt_euromillions_lkh.not_null_gold_jackpot_trends_avg_jackpot.c8e8982f74"
[0m12:29:59.685479 [debug] [Thread-4 (]: Using duckdb connection "test.dbt_euromillions_lkh.not_null_silver_draws_draw_date.4bbef64017"
[0m12:29:59.686981 [debug] [Thread-2 (]: On test.dbt_euromillions_lkh.not_null_gold_jackpot_trends_draw_year.3193289f27: /* {"app": "dbt", "dbt_version": "1.10.6", "profile_name": "dbt_euromillions_lkh", "target_name": "dev", "node_id": "test.dbt_euromillions_lkh.not_null_gold_jackpot_trends_draw_year.3193289f27"} */

    select
      count(*) as failures,
      count(*) != 0 as should_warn,
      count(*) != 0 as should_error
    from (
      
    
  
    
    



select draw_year
from "analytics"."main"."gold_jackpot_trends"
where draw_year is null



  
  
      
    ) dbt_internal_test
[0m12:29:59.689665 [debug] [Thread-1 (]: On test.dbt_euromillions_lkh.not_null_gold_jackpot_trends_avg_jackpot.c8e8982f74: /* {"app": "dbt", "dbt_version": "1.10.6", "profile_name": "dbt_euromillions_lkh", "target_name": "dev", "node_id": "test.dbt_euromillions_lkh.not_null_gold_jackpot_trends_avg_jackpot.c8e8982f74"} */

    select
      count(*) as failures,
      count(*) != 0 as should_warn,
      count(*) != 0 as should_error
    from (
      
    
  
    
    



select avg_jackpot
from "analytics"."main"."gold_jackpot_trends"
where avg_jackpot is null



  
  
      
    ) dbt_internal_test
[0m12:29:59.690312 [debug] [Thread-3 (]: SQL status: OK in 0.002 seconds
[0m12:29:59.691632 [debug] [Thread-4 (]: On test.dbt_euromillions_lkh.not_null_silver_draws_draw_date.4bbef64017: /* {"app": "dbt", "dbt_version": "1.10.6", "profile_name": "dbt_euromillions_lkh", "target_name": "dev", "node_id": "test.dbt_euromillions_lkh.not_null_silver_draws_draw_date.4bbef64017"} */

    select
      count(*) as failures,
      count(*) != 0 as should_warn,
      count(*) != 0 as should_error
    from (
      
    
  
    
    



select draw_date
from "analytics"."main"."silver_draws"
where draw_date is null



  
  
      
    ) dbt_internal_test
[0m12:29:59.694632 [debug] [Thread-2 (]: SQL status: OK in 0.002 seconds
[0m12:29:59.695436 [debug] [Thread-1 (]: SQL status: OK in 0.001 seconds
[0m12:29:59.700488 [debug] [Thread-3 (]: On test.dbt_euromillions_lkh.not_null_gold_jackpot_trends_total_draws.2ec2f51beb: ROLLBACK
[0m12:29:59.704435 [debug] [Thread-2 (]: On test.dbt_euromillions_lkh.not_null_gold_jackpot_trends_draw_year.3193289f27: ROLLBACK
[0m12:29:59.705173 [debug] [Thread-4 (]: SQL status: OK in 0.004 seconds
[0m12:29:59.707811 [debug] [Thread-1 (]: On test.dbt_euromillions_lkh.not_null_gold_jackpot_trends_avg_jackpot.c8e8982f74: ROLLBACK
[0m12:29:59.708991 [debug] [Thread-3 (]: Failed to rollback 'test.dbt_euromillions_lkh.not_null_gold_jackpot_trends_total_draws.2ec2f51beb'
[0m12:29:59.710338 [debug] [Thread-2 (]: Failed to rollback 'test.dbt_euromillions_lkh.not_null_gold_jackpot_trends_draw_year.3193289f27'
[0m12:29:59.712655 [debug] [Thread-4 (]: On test.dbt_euromillions_lkh.not_null_silver_draws_draw_date.4bbef64017: ROLLBACK
[0m12:29:59.714101 [debug] [Thread-1 (]: Failed to rollback 'test.dbt_euromillions_lkh.not_null_gold_jackpot_trends_avg_jackpot.c8e8982f74'
[0m12:29:59.715228 [debug] [Thread-3 (]: On test.dbt_euromillions_lkh.not_null_gold_jackpot_trends_total_draws.2ec2f51beb: Close
[0m12:29:59.716424 [debug] [Thread-2 (]: On test.dbt_euromillions_lkh.not_null_gold_jackpot_trends_draw_year.3193289f27: Close
[0m12:29:59.717988 [debug] [Thread-4 (]: Failed to rollback 'test.dbt_euromillions_lkh.not_null_silver_draws_draw_date.4bbef64017'
[0m12:29:59.718918 [debug] [Thread-1 (]: On test.dbt_euromillions_lkh.not_null_gold_jackpot_trends_avg_jackpot.c8e8982f74: Close
[0m12:29:59.720832 [info ] [Thread-3 (]: 3 of 10 PASS not_null_gold_jackpot_trends_total_draws .......................... [[32mPASS[0m in 0.23s]
[0m12:29:59.722975 [info ] [Thread-2 (]: 2 of 10 PASS not_null_gold_jackpot_trends_draw_year ............................ [[32mPASS[0m in 0.22s]
[0m12:29:59.724531 [debug] [Thread-4 (]: On test.dbt_euromillions_lkh.not_null_silver_draws_draw_date.4bbef64017: Close
[0m12:29:59.726880 [info ] [Thread-1 (]: 1 of 10 PASS not_null_gold_jackpot_trends_avg_jackpot .......................... [[32mPASS[0m in 0.25s]
[0m12:29:59.728429 [debug] [Thread-3 (]: Finished running node test.dbt_euromillions_lkh.not_null_gold_jackpot_trends_total_draws.2ec2f51beb
[0m12:29:59.730612 [debug] [Thread-2 (]: Finished running node test.dbt_euromillions_lkh.not_null_gold_jackpot_trends_draw_year.3193289f27
[0m12:29:59.733073 [info ] [Thread-4 (]: 4 of 10 PASS not_null_silver_draws_draw_date ................................... [[32mPASS[0m in 0.23s]
[0m12:29:59.735179 [debug] [Thread-1 (]: Finished running node test.dbt_euromillions_lkh.not_null_gold_jackpot_trends_avg_jackpot.c8e8982f74
[0m12:29:59.738628 [debug] [Thread-3 (]: Began running node test.dbt_euromillions_lkh.not_null_silver_draws_draw_id.b4a58f12ff
[0m12:29:59.741561 [debug] [Thread-2 (]: Began running node test.dbt_euromillions_lkh.not_null_silver_draws_jackpot_amount.e84383ce49
[0m12:29:59.745555 [debug] [Thread-4 (]: Finished running node test.dbt_euromillions_lkh.not_null_silver_draws_draw_date.4bbef64017
[0m12:29:59.747148 [debug] [Thread-1 (]: Began running node test.dbt_euromillions_lkh.not_null_silver_draws_jackpot_currency.31b25a4566
[0m12:29:59.748408 [info ] [Thread-3 (]: 5 of 10 START test not_null_silver_draws_draw_id ............................... [RUN]
[0m12:29:59.750265 [info ] [Thread-2 (]: 6 of 10 START test not_null_silver_draws_jackpot_amount ........................ [RUN]
[0m12:29:59.752573 [debug] [Thread-4 (]: Began running node test.dbt_euromillions_lkh.unique_gold_jackpot_trends_draw_year.90f6030c91
[0m12:29:59.754197 [info ] [Thread-1 (]: 7 of 10 START test not_null_silver_draws_jackpot_currency ...................... [RUN]
[0m12:29:59.755910 [debug] [Thread-3 (]: Re-using an available connection from the pool (formerly test.dbt_euromillions_lkh.not_null_gold_jackpot_trends_total_draws.2ec2f51beb, now test.dbt_euromillions_lkh.not_null_silver_draws_draw_id.b4a58f12ff)
[0m12:29:59.758973 [debug] [Thread-2 (]: Re-using an available connection from the pool (formerly test.dbt_euromillions_lkh.not_null_gold_jackpot_trends_draw_year.3193289f27, now test.dbt_euromillions_lkh.not_null_silver_draws_jackpot_amount.e84383ce49)
[0m12:29:59.760779 [info ] [Thread-4 (]: 8 of 10 START test unique_gold_jackpot_trends_draw_year ........................ [RUN]
[0m12:29:59.762775 [debug] [Thread-1 (]: Re-using an available connection from the pool (formerly test.dbt_euromillions_lkh.not_null_gold_jackpot_trends_avg_jackpot.c8e8982f74, now test.dbt_euromillions_lkh.not_null_silver_draws_jackpot_currency.31b25a4566)
[0m12:29:59.764897 [debug] [Thread-3 (]: Began compiling node test.dbt_euromillions_lkh.not_null_silver_draws_draw_id.b4a58f12ff
[0m12:29:59.767645 [debug] [Thread-2 (]: Began compiling node test.dbt_euromillions_lkh.not_null_silver_draws_jackpot_amount.e84383ce49
[0m12:29:59.769398 [debug] [Thread-4 (]: Re-using an available connection from the pool (formerly test.dbt_euromillions_lkh.not_null_silver_draws_draw_date.4bbef64017, now test.dbt_euromillions_lkh.unique_gold_jackpot_trends_draw_year.90f6030c91)
[0m12:29:59.770678 [debug] [Thread-1 (]: Began compiling node test.dbt_euromillions_lkh.not_null_silver_draws_jackpot_currency.31b25a4566
[0m12:29:59.779668 [debug] [Thread-3 (]: Writing injected SQL for node "test.dbt_euromillions_lkh.not_null_silver_draws_draw_id.b4a58f12ff"
[0m12:29:59.788711 [debug] [Thread-2 (]: Writing injected SQL for node "test.dbt_euromillions_lkh.not_null_silver_draws_jackpot_amount.e84383ce49"
[0m12:29:59.789981 [debug] [Thread-4 (]: Began compiling node test.dbt_euromillions_lkh.unique_gold_jackpot_trends_draw_year.90f6030c91
[0m12:29:59.800358 [debug] [Thread-1 (]: Writing injected SQL for node "test.dbt_euromillions_lkh.not_null_silver_draws_jackpot_currency.31b25a4566"
[0m12:29:59.817590 [debug] [Thread-4 (]: Writing injected SQL for node "test.dbt_euromillions_lkh.unique_gold_jackpot_trends_draw_year.90f6030c91"
[0m12:29:59.820606 [debug] [Thread-3 (]: Began executing node test.dbt_euromillions_lkh.not_null_silver_draws_draw_id.b4a58f12ff
[0m12:29:59.822018 [debug] [Thread-2 (]: Began executing node test.dbt_euromillions_lkh.not_null_silver_draws_jackpot_amount.e84383ce49
[0m12:29:59.830947 [debug] [Thread-3 (]: Writing runtime sql for node "test.dbt_euromillions_lkh.not_null_silver_draws_draw_id.b4a58f12ff"
[0m12:29:59.831911 [debug] [Thread-1 (]: Began executing node test.dbt_euromillions_lkh.not_null_silver_draws_jackpot_currency.31b25a4566
[0m12:29:59.836783 [debug] [Thread-2 (]: Writing runtime sql for node "test.dbt_euromillions_lkh.not_null_silver_draws_jackpot_amount.e84383ce49"
[0m12:29:59.846137 [debug] [Thread-4 (]: Began executing node test.dbt_euromillions_lkh.unique_gold_jackpot_trends_draw_year.90f6030c91
[0m12:29:59.845585 [debug] [Thread-1 (]: Writing runtime sql for node "test.dbt_euromillions_lkh.not_null_silver_draws_jackpot_currency.31b25a4566"
[0m12:29:59.855861 [debug] [Thread-4 (]: Writing runtime sql for node "test.dbt_euromillions_lkh.unique_gold_jackpot_trends_draw_year.90f6030c91"
[0m12:29:59.858579 [debug] [Thread-3 (]: Using duckdb connection "test.dbt_euromillions_lkh.not_null_silver_draws_draw_id.b4a58f12ff"
[0m12:29:59.861854 [debug] [Thread-2 (]: Using duckdb connection "test.dbt_euromillions_lkh.not_null_silver_draws_jackpot_amount.e84383ce49"
[0m12:29:59.865432 [debug] [Thread-3 (]: On test.dbt_euromillions_lkh.not_null_silver_draws_draw_id.b4a58f12ff: BEGIN
[0m12:29:59.869147 [debug] [Thread-2 (]: On test.dbt_euromillions_lkh.not_null_silver_draws_jackpot_amount.e84383ce49: BEGIN
[0m12:29:59.870541 [debug] [Thread-1 (]: Using duckdb connection "test.dbt_euromillions_lkh.not_null_silver_draws_jackpot_currency.31b25a4566"
[0m12:29:59.872295 [debug] [Thread-3 (]: Opening a new connection, currently in state closed
[0m12:29:59.874964 [debug] [Thread-2 (]: Opening a new connection, currently in state closed
[0m12:29:59.876761 [debug] [Thread-4 (]: Using duckdb connection "test.dbt_euromillions_lkh.unique_gold_jackpot_trends_draw_year.90f6030c91"
[0m12:29:59.878605 [debug] [Thread-1 (]: On test.dbt_euromillions_lkh.not_null_silver_draws_jackpot_currency.31b25a4566: BEGIN
[0m12:29:59.881441 [debug] [Thread-3 (]: SQL status: OK in 0.009 seconds
[0m12:29:59.883501 [debug] [Thread-2 (]: SQL status: OK in 0.008 seconds
[0m12:29:59.884891 [debug] [Thread-4 (]: On test.dbt_euromillions_lkh.unique_gold_jackpot_trends_draw_year.90f6030c91: BEGIN
[0m12:29:59.887373 [debug] [Thread-1 (]: Opening a new connection, currently in state closed
[0m12:29:59.889607 [debug] [Thread-3 (]: Using duckdb connection "test.dbt_euromillions_lkh.not_null_silver_draws_draw_id.b4a58f12ff"
[0m12:29:59.892140 [debug] [Thread-2 (]: Using duckdb connection "test.dbt_euromillions_lkh.not_null_silver_draws_jackpot_amount.e84383ce49"
[0m12:29:59.893931 [debug] [Thread-4 (]: Opening a new connection, currently in state closed
[0m12:29:59.896474 [debug] [Thread-1 (]: SQL status: OK in 0.009 seconds
[0m12:29:59.897526 [debug] [Thread-3 (]: On test.dbt_euromillions_lkh.not_null_silver_draws_draw_id.b4a58f12ff: /* {"app": "dbt", "dbt_version": "1.10.6", "profile_name": "dbt_euromillions_lkh", "target_name": "dev", "node_id": "test.dbt_euromillions_lkh.not_null_silver_draws_draw_id.b4a58f12ff"} */

    select
      count(*) as failures,
      count(*) != 0 as should_warn,
      count(*) != 0 as should_error
    from (
      
    
  
    
    



select draw_id
from "analytics"."main"."silver_draws"
where draw_id is null



  
  
      
    ) dbt_internal_test
[0m12:29:59.899649 [debug] [Thread-2 (]: On test.dbt_euromillions_lkh.not_null_silver_draws_jackpot_amount.e84383ce49: /* {"app": "dbt", "dbt_version": "1.10.6", "profile_name": "dbt_euromillions_lkh", "target_name": "dev", "node_id": "test.dbt_euromillions_lkh.not_null_silver_draws_jackpot_amount.e84383ce49"} */

    select
      count(*) as failures,
      count(*) != 0 as should_warn,
      count(*) != 0 as should_error
    from (
      
    
  
    
    



select jackpot_amount
from "analytics"."main"."silver_draws"
where jackpot_amount is null



  
  
      
    ) dbt_internal_test
[0m12:29:59.902349 [debug] [Thread-4 (]: SQL status: OK in 0.008 seconds
[0m12:29:59.903488 [debug] [Thread-1 (]: Using duckdb connection "test.dbt_euromillions_lkh.not_null_silver_draws_jackpot_currency.31b25a4566"
[0m12:29:59.906879 [debug] [Thread-3 (]: SQL status: OK in 0.002 seconds
[0m12:29:59.908502 [debug] [Thread-4 (]: Using duckdb connection "test.dbt_euromillions_lkh.unique_gold_jackpot_trends_draw_year.90f6030c91"
[0m12:29:59.910497 [debug] [Thread-1 (]: On test.dbt_euromillions_lkh.not_null_silver_draws_jackpot_currency.31b25a4566: /* {"app": "dbt", "dbt_version": "1.10.6", "profile_name": "dbt_euromillions_lkh", "target_name": "dev", "node_id": "test.dbt_euromillions_lkh.not_null_silver_draws_jackpot_currency.31b25a4566"} */

    select
      count(*) as failures,
      count(*) != 0 as should_warn,
      count(*) != 0 as should_error
    from (
      
    
  
    
    



select jackpot_currency
from "analytics"."main"."silver_draws"
where jackpot_currency is null



  
  
      
    ) dbt_internal_test
[0m12:29:59.911357 [debug] [Thread-2 (]: SQL status: OK in 0.005 seconds
[0m12:29:59.914776 [debug] [Thread-3 (]: On test.dbt_euromillions_lkh.not_null_silver_draws_draw_id.b4a58f12ff: ROLLBACK
[0m12:29:59.916097 [debug] [Thread-4 (]: On test.dbt_euromillions_lkh.unique_gold_jackpot_trends_draw_year.90f6030c91: /* {"app": "dbt", "dbt_version": "1.10.6", "profile_name": "dbt_euromillions_lkh", "target_name": "dev", "node_id": "test.dbt_euromillions_lkh.unique_gold_jackpot_trends_draw_year.90f6030c91"} */

    select
      count(*) as failures,
      count(*) != 0 as should_warn,
      count(*) != 0 as should_error
    from (
      
    
  
    
    

select
    draw_year as unique_field,
    count(*) as n_records

from "analytics"."main"."gold_jackpot_trends"
where draw_year is not null
group by draw_year
having count(*) > 1



  
  
      
    ) dbt_internal_test
[0m12:29:59.920264 [debug] [Thread-2 (]: On test.dbt_euromillions_lkh.not_null_silver_draws_jackpot_amount.e84383ce49: ROLLBACK
[0m12:29:59.920846 [debug] [Thread-1 (]: SQL status: OK in 0.003 seconds
[0m12:29:59.921942 [debug] [Thread-3 (]: Failed to rollback 'test.dbt_euromillions_lkh.not_null_silver_draws_draw_id.b4a58f12ff'
[0m12:29:59.924696 [debug] [Thread-2 (]: Failed to rollback 'test.dbt_euromillions_lkh.not_null_silver_draws_jackpot_amount.e84383ce49'
[0m12:29:59.927890 [debug] [Thread-1 (]: On test.dbt_euromillions_lkh.not_null_silver_draws_jackpot_currency.31b25a4566: ROLLBACK
[0m12:29:59.928452 [debug] [Thread-4 (]: SQL status: OK in 0.006 seconds
[0m12:29:59.929154 [debug] [Thread-3 (]: On test.dbt_euromillions_lkh.not_null_silver_draws_draw_id.b4a58f12ff: Close
[0m12:29:59.930506 [debug] [Thread-2 (]: On test.dbt_euromillions_lkh.not_null_silver_draws_jackpot_amount.e84383ce49: Close
[0m12:29:59.932088 [debug] [Thread-1 (]: Failed to rollback 'test.dbt_euromillions_lkh.not_null_silver_draws_jackpot_currency.31b25a4566'
[0m12:29:59.934528 [debug] [Thread-4 (]: On test.dbt_euromillions_lkh.unique_gold_jackpot_trends_draw_year.90f6030c91: ROLLBACK
[0m12:29:59.936256 [info ] [Thread-3 (]: 5 of 10 PASS not_null_silver_draws_draw_id ..................................... [[32mPASS[0m in 0.18s]
[0m12:29:59.937997 [info ] [Thread-2 (]: 6 of 10 PASS not_null_silver_draws_jackpot_amount .............................. [[32mPASS[0m in 0.18s]
[0m12:29:59.939567 [debug] [Thread-1 (]: On test.dbt_euromillions_lkh.not_null_silver_draws_jackpot_currency.31b25a4566: Close
[0m12:29:59.942148 [debug] [Thread-4 (]: Failed to rollback 'test.dbt_euromillions_lkh.unique_gold_jackpot_trends_draw_year.90f6030c91'
[0m12:29:59.943744 [debug] [Thread-3 (]: Finished running node test.dbt_euromillions_lkh.not_null_silver_draws_draw_id.b4a58f12ff
[0m12:29:59.945760 [debug] [Thread-2 (]: Finished running node test.dbt_euromillions_lkh.not_null_silver_draws_jackpot_amount.e84383ce49
[0m12:29:59.948088 [info ] [Thread-1 (]: 7 of 10 PASS not_null_silver_draws_jackpot_currency ............................ [[32mPASS[0m in 0.19s]
[0m12:29:59.950046 [debug] [Thread-4 (]: On test.dbt_euromillions_lkh.unique_gold_jackpot_trends_draw_year.90f6030c91: Close
[0m12:29:59.953709 [debug] [Thread-3 (]: Began running node test.dbt_euromillions_lkh.unique_silver_draws_draw_date.03c184d046
[0m12:29:59.956154 [debug] [Thread-2 (]: Began running node test.dbt_euromillions_lkh.unique_silver_draws_draw_id.c66d8e5ebd
[0m12:29:59.961567 [debug] [Thread-1 (]: Finished running node test.dbt_euromillions_lkh.not_null_silver_draws_jackpot_currency.31b25a4566
[0m12:29:59.963826 [info ] [Thread-4 (]: 8 of 10 PASS unique_gold_jackpot_trends_draw_year .............................. [[32mPASS[0m in 0.19s]
[0m12:29:59.965362 [info ] [Thread-3 (]: 9 of 10 START test unique_silver_draws_draw_date ............................... [RUN]
[0m12:29:59.968217 [info ] [Thread-2 (]: 10 of 10 START test unique_silver_draws_draw_id ................................ [RUN]
[0m12:29:59.972599 [debug] [Thread-4 (]: Finished running node test.dbt_euromillions_lkh.unique_gold_jackpot_trends_draw_year.90f6030c91
[0m12:29:59.974724 [debug] [Thread-3 (]: Re-using an available connection from the pool (formerly test.dbt_euromillions_lkh.not_null_silver_draws_draw_id.b4a58f12ff, now test.dbt_euromillions_lkh.unique_silver_draws_draw_date.03c184d046)
[0m12:29:59.978415 [debug] [Thread-2 (]: Re-using an available connection from the pool (formerly test.dbt_euromillions_lkh.not_null_silver_draws_jackpot_amount.e84383ce49, now test.dbt_euromillions_lkh.unique_silver_draws_draw_id.c66d8e5ebd)
[0m12:29:59.982008 [debug] [Thread-3 (]: Began compiling node test.dbt_euromillions_lkh.unique_silver_draws_draw_date.03c184d046
[0m12:29:59.983667 [debug] [Thread-2 (]: Began compiling node test.dbt_euromillions_lkh.unique_silver_draws_draw_id.c66d8e5ebd
[0m12:29:59.994148 [debug] [Thread-3 (]: Writing injected SQL for node "test.dbt_euromillions_lkh.unique_silver_draws_draw_date.03c184d046"
[0m12:30:00.002902 [debug] [Thread-2 (]: Writing injected SQL for node "test.dbt_euromillions_lkh.unique_silver_draws_draw_id.c66d8e5ebd"
[0m12:30:00.016050 [debug] [Thread-3 (]: Began executing node test.dbt_euromillions_lkh.unique_silver_draws_draw_date.03c184d046
[0m12:30:00.024584 [debug] [Thread-2 (]: Began executing node test.dbt_euromillions_lkh.unique_silver_draws_draw_id.c66d8e5ebd
[0m12:30:00.032253 [debug] [Thread-3 (]: Writing runtime sql for node "test.dbt_euromillions_lkh.unique_silver_draws_draw_date.03c184d046"
[0m12:30:00.038490 [debug] [Thread-2 (]: Writing runtime sql for node "test.dbt_euromillions_lkh.unique_silver_draws_draw_id.c66d8e5ebd"
[0m12:30:00.050944 [debug] [Thread-3 (]: Using duckdb connection "test.dbt_euromillions_lkh.unique_silver_draws_draw_date.03c184d046"
[0m12:30:00.053250 [debug] [Thread-3 (]: On test.dbt_euromillions_lkh.unique_silver_draws_draw_date.03c184d046: BEGIN
[0m12:30:00.054477 [debug] [Thread-2 (]: Using duckdb connection "test.dbt_euromillions_lkh.unique_silver_draws_draw_id.c66d8e5ebd"
[0m12:30:00.056068 [debug] [Thread-3 (]: Opening a new connection, currently in state closed
[0m12:30:00.059124 [debug] [Thread-2 (]: On test.dbt_euromillions_lkh.unique_silver_draws_draw_id.c66d8e5ebd: BEGIN
[0m12:30:00.061939 [debug] [Thread-3 (]: SQL status: OK in 0.006 seconds
[0m12:30:00.063182 [debug] [Thread-2 (]: Opening a new connection, currently in state closed
[0m12:30:00.064851 [debug] [Thread-3 (]: Using duckdb connection "test.dbt_euromillions_lkh.unique_silver_draws_draw_date.03c184d046"
[0m12:30:00.067634 [debug] [Thread-2 (]: SQL status: OK in 0.004 seconds
[0m12:30:00.069958 [debug] [Thread-3 (]: On test.dbt_euromillions_lkh.unique_silver_draws_draw_date.03c184d046: /* {"app": "dbt", "dbt_version": "1.10.6", "profile_name": "dbt_euromillions_lkh", "target_name": "dev", "node_id": "test.dbt_euromillions_lkh.unique_silver_draws_draw_date.03c184d046"} */

    select
      count(*) as failures,
      count(*) != 0 as should_warn,
      count(*) != 0 as should_error
    from (
      
    
  
    
    

select
    draw_date as unique_field,
    count(*) as n_records

from "analytics"."main"."silver_draws"
where draw_date is not null
group by draw_date
having count(*) > 1



  
  
      
    ) dbt_internal_test
[0m12:30:00.072001 [debug] [Thread-2 (]: Using duckdb connection "test.dbt_euromillions_lkh.unique_silver_draws_draw_id.c66d8e5ebd"
[0m12:30:00.075190 [debug] [Thread-2 (]: On test.dbt_euromillions_lkh.unique_silver_draws_draw_id.c66d8e5ebd: /* {"app": "dbt", "dbt_version": "1.10.6", "profile_name": "dbt_euromillions_lkh", "target_name": "dev", "node_id": "test.dbt_euromillions_lkh.unique_silver_draws_draw_id.c66d8e5ebd"} */

    select
      count(*) as failures,
      count(*) != 0 as should_warn,
      count(*) != 0 as should_error
    from (
      
    
  
    
    

select
    draw_id as unique_field,
    count(*) as n_records

from "analytics"."main"."silver_draws"
where draw_id is not null
group by draw_id
having count(*) > 1



  
  
      
    ) dbt_internal_test
[0m12:30:00.079577 [debug] [Thread-3 (]: SQL status: OK in 0.006 seconds
[0m12:30:00.080415 [debug] [Thread-2 (]: SQL status: OK in 0.003 seconds
[0m12:30:00.083169 [debug] [Thread-3 (]: On test.dbt_euromillions_lkh.unique_silver_draws_draw_date.03c184d046: ROLLBACK
[0m12:30:00.085894 [debug] [Thread-2 (]: On test.dbt_euromillions_lkh.unique_silver_draws_draw_id.c66d8e5ebd: ROLLBACK
[0m12:30:00.087303 [debug] [Thread-3 (]: Failed to rollback 'test.dbt_euromillions_lkh.unique_silver_draws_draw_date.03c184d046'
[0m12:30:00.088748 [debug] [Thread-2 (]: Failed to rollback 'test.dbt_euromillions_lkh.unique_silver_draws_draw_id.c66d8e5ebd'
[0m12:30:00.090165 [debug] [Thread-3 (]: On test.dbt_euromillions_lkh.unique_silver_draws_draw_date.03c184d046: Close
[0m12:30:00.091983 [debug] [Thread-2 (]: On test.dbt_euromillions_lkh.unique_silver_draws_draw_id.c66d8e5ebd: Close
[0m12:30:00.094758 [info ] [Thread-3 (]: 9 of 10 PASS unique_silver_draws_draw_date ..................................... [[32mPASS[0m in 0.12s]
[0m12:30:00.096185 [info ] [Thread-2 (]: 10 of 10 PASS unique_silver_draws_draw_id ...................................... [[32mPASS[0m in 0.12s]
[0m12:30:00.098403 [debug] [Thread-3 (]: Finished running node test.dbt_euromillions_lkh.unique_silver_draws_draw_date.03c184d046
[0m12:30:00.100660 [debug] [Thread-2 (]: Finished running node test.dbt_euromillions_lkh.unique_silver_draws_draw_id.c66d8e5ebd
[0m12:30:00.105481 [debug] [MainThread]: Using duckdb connection "master"
[0m12:30:00.107440 [debug] [MainThread]: On master: BEGIN
[0m12:30:00.109468 [debug] [MainThread]: Opening a new connection, currently in state closed
[0m12:30:00.111628 [debug] [MainThread]: SQL status: OK in 0.002 seconds
[0m12:30:00.113088 [debug] [MainThread]: On master: COMMIT
[0m12:30:00.115380 [debug] [MainThread]: Using duckdb connection "master"
[0m12:30:00.117531 [debug] [MainThread]: On master: COMMIT
[0m12:30:00.119560 [debug] [MainThread]: SQL status: OK in 0.001 seconds
[0m12:30:00.121210 [debug] [MainThread]: On master: Close
[0m12:30:00.122943 [debug] [MainThread]: Connection 'master' was properly closed.
[0m12:30:00.126179 [debug] [MainThread]: Connection 'test.dbt_euromillions_lkh.not_null_silver_draws_jackpot_currency.31b25a4566' was properly closed.
[0m12:30:00.129790 [debug] [MainThread]: Connection 'test.dbt_euromillions_lkh.unique_silver_draws_draw_date.03c184d046' was properly closed.
[0m12:30:00.132018 [debug] [MainThread]: Connection 'test.dbt_euromillions_lkh.unique_gold_jackpot_trends_draw_year.90f6030c91' was properly closed.
[0m12:30:00.133825 [debug] [MainThread]: Connection 'test.dbt_euromillions_lkh.unique_silver_draws_draw_id.c66d8e5ebd' was properly closed.
[0m12:30:00.135565 [info ] [MainThread]: 
[0m12:30:00.137509 [info ] [MainThread]: Finished running 10 data tests in 0 hours 0 minutes and 0.93 seconds (0.93s).
[0m12:30:00.145949 [debug] [MainThread]: Command end result
[0m12:30:00.216113 [debug] [MainThread]: Wrote artifact WritableManifest to dbt_euromillions_lkh/target/manifest.json
[0m12:30:00.228697 [debug] [MainThread]: Wrote artifact SemanticManifest to dbt_euromillions_lkh/target/semantic_manifest.json
[0m12:30:00.252133 [debug] [MainThread]: Wrote artifact RunExecutionResult to dbt_euromillions_lkh/target/run_results.json
[0m12:30:00.255345 [info ] [MainThread]: 
[0m12:30:00.258934 [info ] [MainThread]: [32mCompleted successfully[0m
[0m12:30:00.261850 [info ] [MainThread]: 
[0m12:30:00.264869 [info ] [MainThread]: Done. PASS=10 WARN=0 ERROR=0 SKIP=0 NO-OP=0 TOTAL=10
[0m12:30:00.268859 [debug] [MainThread]: Resource report: {"command_name": "test", "command_success": true, "command_wall_clock_time": 2.3539457, "process_in_blocks": "0", "process_kernel_time": 0.557826, "process_mem_max_rss": "161032", "process_out_blocks": "0", "process_user_time": 3.590219}
[0m12:30:00.272601 [debug] [MainThread]: Command `dbt test` succeeded at 12:30:00.272230 after 2.36 seconds
[0m12:30:00.279094 [debug] [MainThread]: Sending event: {'category': 'dbt', 'action': 'invocation', 'label': 'end', 'context': [<snowplow_tracker.self_describing_json.SelfDescribingJson object at 0x7a9004a64310>, <snowplow_tracker.self_describing_json.SelfDescribingJson object at 0x7a9006df1150>, <snowplow_tracker.self_describing_json.SelfDescribingJson object at 0x7a9004b5a990>]}
[0m12:30:00.281252 [debug] [MainThread]: Flushing usage events
[0m12:30:00.712924 [debug] [MainThread]: An error was encountered while trying to flush usage events
[0m12:34:44.148526 [debug] [MainThread]: Sending event: {'category': 'dbt', 'action': 'invocation', 'label': 'start', 'context': [<snowplow_tracker.self_describing_json.SelfDescribingJson object at 0x7d2a285e9bd0>, <snowplow_tracker.self_describing_json.SelfDescribingJson object at 0x7d2a28663e50>, <snowplow_tracker.self_describing_json.SelfDescribingJson object at 0x7d2a285fed90>]}


============================== 12:34:44.155462 | 571946a2-6572-434b-b1fb-a86724044e3d ==============================
[0m12:34:44.155462 [info ] [MainThread]: Running with dbt=1.10.6
[0m12:34:44.158166 [debug] [MainThread]: running dbt with arguments {'printer_width': '80', 'indirect_selection': 'eager', 'write_json': 'True', 'log_cache_events': 'False', 'partial_parse': 'True', 'cache_selected_only': 'False', 'warn_error': 'None', 'version_check': 'True', 'fail_fast': 'False', 'log_path': 'dbt_euromillions_lkh/logs', 'profiles_dir': '/root/.dbt', 'debug': 'False', 'use_colors': 'True', 'use_experimental_parser': 'False', 'empty': 'False', 'quiet': 'False', 'no_print': 'None', 'log_format': 'default', 'invocation_command': 'dbt run --project-dir dbt_euromillions_lkh', 'static_parser': 'True', 'warn_error_options': 'WarnErrorOptionsV2(error=[], warn=[], silence=[])', 'target_path': 'None', 'introspect': 'True', 'send_anonymous_usage_stats': 'True'}
[0m12:34:44.461671 [debug] [MainThread]: Sending event: {'category': 'dbt', 'action': 'project_id', 'label': '571946a2-6572-434b-b1fb-a86724044e3d', 'context': [<snowplow_tracker.self_describing_json.SelfDescribingJson object at 0x7d2a285479d0>]}
[0m12:34:44.529233 [debug] [MainThread]: Sending event: {'category': 'dbt', 'action': 'adapter_info', 'label': '571946a2-6572-434b-b1fb-a86724044e3d', 'context': [<snowplow_tracker.self_describing_json.SelfDescribingJson object at 0x7d2a2b661f90>]}
[0m12:34:44.533784 [info ] [MainThread]: Registered adapter: duckdb=1.9.4
[0m12:34:44.659703 [debug] [MainThread]: checksum: f6e4baf4de20596ffb9d14e6ef805989eb0e1950dedc3cc83d03f20aa023904c, vars: {}, profile: , target: , version: 1.10.6
[0m12:34:45.041639 [debug] [MainThread]: Partial parsing enabled: 0 files deleted, 0 files added, 0 files changed.
[0m12:34:45.043327 [debug] [MainThread]: Partial parsing enabled, no changes found, skipping parsing
[0m12:34:45.100521 [debug] [MainThread]: Sending event: {'category': 'dbt', 'action': 'load_project', 'label': '571946a2-6572-434b-b1fb-a86724044e3d', 'context': [<snowplow_tracker.self_describing_json.SelfDescribingJson object at 0x7d2a2855e110>]}
[0m12:34:45.205164 [debug] [MainThread]: Wrote artifact WritableManifest to dbt_euromillions_lkh/target/manifest.json
[0m12:34:45.217561 [debug] [MainThread]: Wrote artifact SemanticManifest to dbt_euromillions_lkh/target/semantic_manifest.json
[0m12:34:45.277666 [debug] [MainThread]: Sending event: {'category': 'dbt', 'action': 'resource_counts', 'label': '571946a2-6572-434b-b1fb-a86724044e3d', 'context': [<snowplow_tracker.self_describing_json.SelfDescribingJson object at 0x7d2a241c3d50>]}
[0m12:34:45.280113 [info ] [MainThread]: Found 2 models, 10 data tests, 429 macros
[0m12:34:45.282263 [debug] [MainThread]: Sending event: {'category': 'dbt', 'action': 'runnable_timing', 'label': '571946a2-6572-434b-b1fb-a86724044e3d', 'context': [<snowplow_tracker.self_describing_json.SelfDescribingJson object at 0x7d2a244c6b90>]}
[0m12:34:45.287947 [info ] [MainThread]: 
[0m12:34:45.290086 [info ] [MainThread]: Concurrency: 4 threads (target='dev')
[0m12:34:45.296849 [info ] [MainThread]: 
[0m12:34:45.299769 [debug] [MainThread]: Acquiring new duckdb connection 'master'
[0m12:34:45.310303 [debug] [ThreadPool]: Acquiring new duckdb connection 'list_analytics'
[0m12:34:45.467442 [debug] [ThreadPool]: Using duckdb connection "list_analytics"
[0m12:34:45.469114 [debug] [ThreadPool]: On list_analytics: /* {"app": "dbt", "dbt_version": "1.10.6", "profile_name": "dbt_euromillions_lkh", "target_name": "dev", "connection_name": "list_analytics"} */

    
    select schema_name
    from system.information_schema.schemata
    
    where lower(catalog_name) = '"analytics"'
    
  
  
[0m12:34:45.470477 [debug] [ThreadPool]: Opening a new connection, currently in state init
[0m12:34:45.501845 [debug] [ThreadPool]: SQL status: OK in 0.031 seconds
[0m12:34:45.504714 [debug] [ThreadPool]: On list_analytics: Close
[0m12:34:45.507029 [debug] [ThreadPool]: Re-using an available connection from the pool (formerly list_analytics, now create_analytics_main)
[0m12:34:45.508754 [debug] [ThreadPool]: Creating schema "database: "analytics"
schema: "main"
"
[0m12:34:45.521700 [debug] [ThreadPool]: Using duckdb connection "create_analytics_main"
[0m12:34:45.523619 [debug] [ThreadPool]: On create_analytics_main: /* {"app": "dbt", "dbt_version": "1.10.6", "profile_name": "dbt_euromillions_lkh", "target_name": "dev", "connection_name": "create_analytics_main"} */

    
        select type from duckdb_databases()
        where lower(database_name)='analytics'
        and type='sqlite'
    
  
[0m12:34:45.525514 [debug] [ThreadPool]: Opening a new connection, currently in state closed
[0m12:34:45.528917 [debug] [ThreadPool]: SQL status: OK in 0.003 seconds
[0m12:34:45.531771 [debug] [ThreadPool]: Using duckdb connection "create_analytics_main"
[0m12:34:45.533387 [debug] [ThreadPool]: On create_analytics_main: BEGIN
[0m12:34:45.535928 [debug] [ThreadPool]: SQL status: OK in 0.001 seconds
[0m12:34:45.537369 [debug] [ThreadPool]: Using duckdb connection "create_analytics_main"
[0m12:34:45.538675 [debug] [ThreadPool]: On create_analytics_main: /* {"app": "dbt", "dbt_version": "1.10.6", "profile_name": "dbt_euromillions_lkh", "target_name": "dev", "connection_name": "create_analytics_main"} */

    
    
        create schema if not exists "analytics"."main"
    
[0m12:34:45.540847 [debug] [ThreadPool]: SQL status: OK in 0.001 seconds
[0m12:34:45.543772 [debug] [ThreadPool]: On create_analytics_main: COMMIT
[0m12:34:45.545120 [debug] [ThreadPool]: Using duckdb connection "create_analytics_main"
[0m12:34:45.546596 [debug] [ThreadPool]: On create_analytics_main: COMMIT
[0m12:34:45.548758 [debug] [ThreadPool]: SQL status: OK in 0.001 seconds
[0m12:34:45.550428 [debug] [ThreadPool]: On create_analytics_main: Close
[0m12:34:45.553845 [debug] [ThreadPool]: Re-using an available connection from the pool (formerly create_analytics_main, now list_analytics_main)
[0m12:34:45.565894 [debug] [ThreadPool]: Using duckdb connection "list_analytics_main"
[0m12:34:45.567315 [debug] [ThreadPool]: On list_analytics_main: BEGIN
[0m12:34:45.568825 [debug] [ThreadPool]: Opening a new connection, currently in state closed
[0m12:34:45.571251 [debug] [ThreadPool]: SQL status: OK in 0.002 seconds
[0m12:34:45.572779 [debug] [ThreadPool]: Using duckdb connection "list_analytics_main"
[0m12:34:45.574220 [debug] [ThreadPool]: On list_analytics_main: /* {"app": "dbt", "dbt_version": "1.10.6", "profile_name": "dbt_euromillions_lkh", "target_name": "dev", "connection_name": "list_analytics_main"} */
select
      'analytics' as database,
      table_name as name,
      table_schema as schema,
      CASE table_type
        WHEN 'BASE TABLE' THEN 'table'
        WHEN 'VIEW' THEN 'view'
        WHEN 'LOCAL TEMPORARY' THEN 'table'
        END as type
    from system.information_schema.tables
    where lower(table_schema) = 'main'
    and lower(table_catalog) = 'analytics'
  
[0m12:34:45.590174 [debug] [ThreadPool]: SQL status: OK in 0.015 seconds
[0m12:34:45.592951 [debug] [ThreadPool]: On list_analytics_main: ROLLBACK
[0m12:34:45.595541 [debug] [ThreadPool]: Failed to rollback 'list_analytics_main'
[0m12:34:45.596702 [debug] [ThreadPool]: On list_analytics_main: Close
[0m12:34:45.600119 [debug] [MainThread]: Sending event: {'category': 'dbt', 'action': 'runnable_timing', 'label': '571946a2-6572-434b-b1fb-a86724044e3d', 'context': [<snowplow_tracker.self_describing_json.SelfDescribingJson object at 0x7d2a2414a710>]}
[0m12:34:45.601732 [debug] [MainThread]: Using duckdb connection "master"
[0m12:34:45.603326 [debug] [MainThread]: On master: BEGIN
[0m12:34:45.604866 [debug] [MainThread]: Opening a new connection, currently in state init
[0m12:34:45.607015 [debug] [MainThread]: SQL status: OK in 0.002 seconds
[0m12:34:45.608329 [debug] [MainThread]: On master: COMMIT
[0m12:34:45.609805 [debug] [MainThread]: Using duckdb connection "master"
[0m12:34:45.611273 [debug] [MainThread]: On master: COMMIT
[0m12:34:45.613440 [debug] [MainThread]: SQL status: OK in 0.001 seconds
[0m12:34:45.615397 [debug] [MainThread]: On master: Close
[0m12:34:45.627673 [debug] [Thread-1 (]: Began running node model.dbt_euromillions_lkh.silver_draws
[0m12:34:45.629957 [info ] [Thread-1 (]: 1 of 2 START sql view model main.silver_draws .................................. [RUN]
[0m12:34:45.631857 [debug] [Thread-1 (]: Re-using an available connection from the pool (formerly list_analytics_main, now model.dbt_euromillions_lkh.silver_draws)
[0m12:34:45.633813 [debug] [Thread-1 (]: Began compiling node model.dbt_euromillions_lkh.silver_draws
[0m12:34:45.654521 [debug] [Thread-1 (]: Writing injected SQL for node "model.dbt_euromillions_lkh.silver_draws"
[0m12:34:45.667886 [debug] [Thread-1 (]: Began executing node model.dbt_euromillions_lkh.silver_draws
[0m12:34:45.715056 [debug] [Thread-1 (]: Writing runtime sql for node "model.dbt_euromillions_lkh.silver_draws"
[0m12:34:45.725133 [debug] [Thread-1 (]: Using duckdb connection "model.dbt_euromillions_lkh.silver_draws"
[0m12:34:45.727090 [debug] [Thread-1 (]: On model.dbt_euromillions_lkh.silver_draws: BEGIN
[0m12:34:45.728838 [debug] [Thread-1 (]: Opening a new connection, currently in state closed
[0m12:34:45.731074 [debug] [Thread-1 (]: SQL status: OK in 0.002 seconds
[0m12:34:45.732772 [debug] [Thread-1 (]: Using duckdb connection "model.dbt_euromillions_lkh.silver_draws"
[0m12:34:45.734115 [debug] [Thread-1 (]: On model.dbt_euromillions_lkh.silver_draws: /* {"app": "dbt", "dbt_version": "1.10.6", "profile_name": "dbt_euromillions_lkh", "target_name": "dev", "node_id": "model.dbt_euromillions_lkh.silver_draws"} */

  
  create view "analytics"."main"."silver_draws__dbt_tmp" as (
    select
    draw_id,
    draw_date,
    jackpot_amount,

    'EUR' as jackpot_currency,

    year(draw_date) as draw_year,

    month(draw_date) as draw_month

from raw_bronze_draws

where jackpot_amount > 0
  );

[0m12:34:45.736255 [debug] [Thread-1 (]: SQL status: OK in 0.001 seconds
[0m12:34:45.744749 [debug] [Thread-1 (]: Using duckdb connection "model.dbt_euromillions_lkh.silver_draws"
[0m12:34:45.746214 [debug] [Thread-1 (]: On model.dbt_euromillions_lkh.silver_draws: /* {"app": "dbt", "dbt_version": "1.10.6", "profile_name": "dbt_euromillions_lkh", "target_name": "dev", "node_id": "model.dbt_euromillions_lkh.silver_draws"} */
alter view "analytics"."main"."silver_draws__dbt_tmp" rename to "silver_draws"
[0m12:34:45.748332 [debug] [Thread-1 (]: SQL status: OK in 0.001 seconds
[0m12:34:45.764635 [debug] [Thread-1 (]: On model.dbt_euromillions_lkh.silver_draws: COMMIT
[0m12:34:45.766018 [debug] [Thread-1 (]: Using duckdb connection "model.dbt_euromillions_lkh.silver_draws"
[0m12:34:45.767736 [debug] [Thread-1 (]: On model.dbt_euromillions_lkh.silver_draws: COMMIT
[0m12:34:45.775978 [debug] [Thread-1 (]: SQL status: OK in 0.006 seconds
[0m12:34:45.785214 [debug] [Thread-1 (]: Using duckdb connection "model.dbt_euromillions_lkh.silver_draws"
[0m12:34:45.786940 [debug] [Thread-1 (]: On model.dbt_euromillions_lkh.silver_draws: /* {"app": "dbt", "dbt_version": "1.10.6", "profile_name": "dbt_euromillions_lkh", "target_name": "dev", "node_id": "model.dbt_euromillions_lkh.silver_draws"} */

      drop view if exists "analytics"."main"."silver_draws__dbt_backup" cascade
    
[0m12:34:45.789254 [debug] [Thread-1 (]: SQL status: OK in 0.001 seconds
[0m12:34:45.794000 [debug] [Thread-1 (]: On model.dbt_euromillions_lkh.silver_draws: Close
[0m12:34:45.798550 [debug] [Thread-1 (]: Sending event: {'category': 'dbt', 'action': 'run_model', 'label': '571946a2-6572-434b-b1fb-a86724044e3d', 'context': [<snowplow_tracker.self_describing_json.SelfDescribingJson object at 0x7d2a28f92b10>]}
[0m12:34:45.801180 [info ] [Thread-1 (]: 1 of 2 OK created sql view model main.silver_draws ............................. [[32mOK[0m in 0.16s]
[0m12:34:45.803999 [debug] [Thread-1 (]: Finished running node model.dbt_euromillions_lkh.silver_draws
[0m12:34:45.806889 [debug] [Thread-3 (]: Began running node model.dbt_euromillions_lkh.gold_jackpot_trends
[0m12:34:45.809015 [info ] [Thread-3 (]: 2 of 2 START sql incremental model main.gold_jackpot_trends .................... [RUN]
[0m12:34:45.812188 [debug] [Thread-3 (]: Acquiring new duckdb connection 'model.dbt_euromillions_lkh.gold_jackpot_trends'
[0m12:34:45.814837 [debug] [Thread-3 (]: Began compiling node model.dbt_euromillions_lkh.gold_jackpot_trends
[0m12:34:45.833009 [debug] [Thread-3 (]: Writing injected SQL for node "model.dbt_euromillions_lkh.gold_jackpot_trends"
[0m12:34:45.844188 [debug] [Thread-3 (]: Began executing node model.dbt_euromillions_lkh.gold_jackpot_trends
[0m12:34:45.898251 [debug] [Thread-3 (]: Using duckdb connection "model.dbt_euromillions_lkh.gold_jackpot_trends"
[0m12:34:45.900100 [debug] [Thread-3 (]: On model.dbt_euromillions_lkh.gold_jackpot_trends: /* {"app": "dbt", "dbt_version": "1.10.6", "profile_name": "dbt_euromillions_lkh", "target_name": "dev", "node_id": "model.dbt_euromillions_lkh.gold_jackpot_trends"} */

    
  
    
    

    create temporary table
      "gold_jackpot_trends__dbt_tmp20260520123445883806"
  
    as (
      

with source_data as (

    select *
    from "analytics"."main"."silver_draws"

),

aggregated as (

    select
        year(draw_date) as draw_year,

        count(*) as total_draws,

        avg(jackpot_amount) as avg_jackpot,

        max(jackpot_amount) as max_jackpot,

        min(jackpot_amount) as min_jackpot,

        sum(jackpot_amount) as total_jackpot_amount

    from source_data

    group by 1

)

select *
from aggregated



where draw_year not in (
    select draw_year
    from "analytics"."main"."gold_jackpot_trends"
)


    );
  
  
  
[0m12:34:45.901933 [debug] [Thread-3 (]: Opening a new connection, currently in state init
[0m12:34:45.916486 [debug] [Thread-3 (]: SQL status: OK in 0.014 seconds
[0m12:34:45.926066 [debug] [Thread-3 (]: Using duckdb connection "model.dbt_euromillions_lkh.gold_jackpot_trends"
[0m12:34:45.927605 [debug] [Thread-3 (]: On model.dbt_euromillions_lkh.gold_jackpot_trends: BEGIN
[0m12:34:45.929592 [debug] [Thread-3 (]: SQL status: OK in 0.001 seconds
[0m12:34:45.930805 [debug] [Thread-3 (]: Using duckdb connection "model.dbt_euromillions_lkh.gold_jackpot_trends"
[0m12:34:45.932353 [debug] [Thread-3 (]: On model.dbt_euromillions_lkh.gold_jackpot_trends: /* {"app": "dbt", "dbt_version": "1.10.6", "profile_name": "dbt_euromillions_lkh", "target_name": "dev", "node_id": "model.dbt_euromillions_lkh.gold_jackpot_trends"} */

      select
          column_name,
          data_type,
          character_maximum_length,
          numeric_precision,
          numeric_scale

      from system.information_schema.columns
      where table_name = 'gold_jackpot_trends__dbt_tmp20260520123445883806'
      
      
      order by ordinal_position

  
[0m12:34:45.936817 [debug] [Thread-3 (]: SQL status: OK in 0.003 seconds
[0m12:34:45.944735 [debug] [Thread-3 (]: Using duckdb connection "model.dbt_euromillions_lkh.gold_jackpot_trends"
[0m12:34:45.946391 [debug] [Thread-3 (]: On model.dbt_euromillions_lkh.gold_jackpot_trends: /* {"app": "dbt", "dbt_version": "1.10.6", "profile_name": "dbt_euromillions_lkh", "target_name": "dev", "node_id": "model.dbt_euromillions_lkh.gold_jackpot_trends"} */

      select
          column_name,
          data_type,
          character_maximum_length,
          numeric_precision,
          numeric_scale

      from system.information_schema.columns
      where table_name = 'gold_jackpot_trends'
      
      and lower(table_schema) = 'main'
      
      
      and lower(table_catalog) = 'analytics'
      
      order by ordinal_position

  
[0m12:34:45.953535 [debug] [Thread-3 (]: SQL status: OK in 0.005 seconds
[0m12:34:45.965583 [debug] [Thread-3 (]: Using duckdb connection "model.dbt_euromillions_lkh.gold_jackpot_trends"
[0m12:34:45.967292 [debug] [Thread-3 (]: On model.dbt_euromillions_lkh.gold_jackpot_trends: /* {"app": "dbt", "dbt_version": "1.10.6", "profile_name": "dbt_euromillions_lkh", "target_name": "dev", "node_id": "model.dbt_euromillions_lkh.gold_jackpot_trends"} */

      select
          column_name,
          data_type,
          character_maximum_length,
          numeric_precision,
          numeric_scale

      from system.information_schema.columns
      where table_name = 'gold_jackpot_trends'
      
      and lower(table_schema) = 'main'
      
      
      and lower(table_catalog) = 'analytics'
      
      order by ordinal_position

  
[0m12:34:45.973055 [debug] [Thread-3 (]: SQL status: OK in 0.004 seconds
[0m12:34:46.011105 [debug] [Thread-3 (]: Writing runtime sql for node "model.dbt_euromillions_lkh.gold_jackpot_trends"
[0m12:34:46.022466 [debug] [Thread-3 (]: Using duckdb connection "model.dbt_euromillions_lkh.gold_jackpot_trends"
[0m12:34:46.024868 [debug] [Thread-3 (]: On model.dbt_euromillions_lkh.gold_jackpot_trends: /* {"app": "dbt", "dbt_version": "1.10.6", "profile_name": "dbt_euromillions_lkh", "target_name": "dev", "node_id": "model.dbt_euromillions_lkh.gold_jackpot_trends"} */

        
            delete from "analytics"."main"."gold_jackpot_trends"
            where (
                draw_year) in (
                select (draw_year)
                from "gold_jackpot_trends__dbt_tmp20260520123445883806"
            );

        
    

    insert into "analytics"."main"."gold_jackpot_trends" ("draw_year", "total_draws", "avg_jackpot", "max_jackpot", "min_jackpot", "total_jackpot_amount")
    (
        select "draw_year", "total_draws", "avg_jackpot", "max_jackpot", "min_jackpot", "total_jackpot_amount"
        from "gold_jackpot_trends__dbt_tmp20260520123445883806"
    )
  
[0m12:34:46.029319 [debug] [Thread-3 (]: SQL status: OK in 0.002 seconds
[0m12:34:46.032087 [debug] [Thread-3 (]: On model.dbt_euromillions_lkh.gold_jackpot_trends: COMMIT
[0m12:34:46.033447 [debug] [Thread-3 (]: Using duckdb connection "model.dbt_euromillions_lkh.gold_jackpot_trends"
[0m12:34:46.035053 [debug] [Thread-3 (]: On model.dbt_euromillions_lkh.gold_jackpot_trends: COMMIT
[0m12:34:46.037425 [debug] [Thread-3 (]: SQL status: OK in 0.001 seconds
[0m12:34:46.039992 [debug] [Thread-3 (]: On model.dbt_euromillions_lkh.gold_jackpot_trends: Close
[0m12:34:46.042244 [debug] [Thread-3 (]: Sending event: {'category': 'dbt', 'action': 'run_model', 'label': '571946a2-6572-434b-b1fb-a86724044e3d', 'context': [<snowplow_tracker.self_describing_json.SelfDescribingJson object at 0x7d2a236cb0d0>]}
[0m12:34:46.044312 [info ] [Thread-3 (]: 2 of 2 OK created sql incremental model main.gold_jackpot_trends ............... [[32mOK[0m in 0.23s]
[0m12:34:46.046404 [debug] [Thread-3 (]: Finished running node model.dbt_euromillions_lkh.gold_jackpot_trends
[0m12:34:46.050450 [debug] [MainThread]: Using duckdb connection "master"
[0m12:34:46.052073 [debug] [MainThread]: On master: BEGIN
[0m12:34:46.053821 [debug] [MainThread]: Opening a new connection, currently in state closed
[0m12:34:46.057068 [debug] [MainThread]: SQL status: OK in 0.003 seconds
[0m12:34:46.059364 [debug] [MainThread]: On master: COMMIT
[0m12:34:46.062321 [debug] [MainThread]: Using duckdb connection "master"
[0m12:34:46.064469 [debug] [MainThread]: On master: COMMIT
[0m12:34:46.066779 [debug] [MainThread]: SQL status: OK in 0.001 seconds
[0m12:34:46.068482 [debug] [MainThread]: On master: Close
[0m12:34:46.070744 [debug] [MainThread]: Connection 'master' was properly closed.
[0m12:34:46.072575 [debug] [MainThread]: Connection 'model.dbt_euromillions_lkh.silver_draws' was properly closed.
[0m12:34:46.074286 [debug] [MainThread]: Connection 'model.dbt_euromillions_lkh.gold_jackpot_trends' was properly closed.
[0m12:34:46.075793 [info ] [MainThread]: 
[0m12:34:46.078882 [info ] [MainThread]: Finished running 1 incremental model, 1 view model in 0 hours 0 minutes and 0.78 seconds (0.78s).
[0m12:34:46.081714 [debug] [MainThread]: Command end result
[0m12:34:46.147024 [debug] [MainThread]: Wrote artifact WritableManifest to dbt_euromillions_lkh/target/manifest.json
[0m12:34:46.154378 [debug] [MainThread]: Wrote artifact SemanticManifest to dbt_euromillions_lkh/target/semantic_manifest.json
[0m12:34:46.167729 [debug] [MainThread]: Wrote artifact RunExecutionResult to dbt_euromillions_lkh/target/run_results.json
[0m12:34:46.169088 [info ] [MainThread]: 
[0m12:34:46.171150 [info ] [MainThread]: [32mCompleted successfully[0m
[0m12:34:46.173750 [info ] [MainThread]: 
[0m12:34:46.176171 [info ] [MainThread]: Done. PASS=2 WARN=0 ERROR=0 SKIP=0 NO-OP=0 TOTAL=2
[0m12:34:46.180732 [debug] [MainThread]: Resource report: {"command_name": "run", "command_success": true, "command_wall_clock_time": 2.1420705, "process_in_blocks": "49368", "process_kernel_time": 0.534082, "process_mem_max_rss": "159552", "process_out_blocks": "1496", "process_user_time": 3.155943}
[0m12:34:46.184025 [debug] [MainThread]: Command `dbt run` succeeded at 12:34:46.183679 after 2.15 seconds
[0m12:34:46.186126 [debug] [MainThread]: Sending event: {'category': 'dbt', 'action': 'invocation', 'label': 'end', 'context': [<snowplow_tracker.self_describing_json.SelfDescribingJson object at 0x7d2a28820590>, <snowplow_tracker.self_describing_json.SelfDescribingJson object at 0x7d2a2d09cd50>, <snowplow_tracker.self_describing_json.SelfDescribingJson object at 0x7d2a235d42d0>]}
[0m12:34:46.187975 [debug] [MainThread]: Flushing usage events
[0m12:34:46.634240 [debug] [MainThread]: An error was encountered while trying to flush usage events
[0m12:34:49.271756 [debug] [MainThread]: Sending event: {'category': 'dbt', 'action': 'invocation', 'label': 'start', 'context': [<snowplow_tracker.self_describing_json.SelfDescribingJson object at 0x7ab5057c9490>, <snowplow_tracker.self_describing_json.SelfDescribingJson object at 0x7ab505973f90>, <snowplow_tracker.self_describing_json.SelfDescribingJson object at 0x7ab5057ca3d0>]}


============================== 12:34:49.276914 | 2ba8a60f-b5c8-4a24-8b53-5d6767d3689f ==============================
[0m12:34:49.276914 [info ] [MainThread]: Running with dbt=1.10.6
[0m12:34:49.279168 [debug] [MainThread]: running dbt with arguments {'printer_width': '80', 'indirect_selection': 'eager', 'write_json': 'True', 'log_cache_events': 'False', 'partial_parse': 'True', 'cache_selected_only': 'False', 'warn_error': 'None', 'version_check': 'True', 'fail_fast': 'False', 'log_path': 'dbt_euromillions_lkh/logs', 'debug': 'False', 'profiles_dir': '/root/.dbt', 'use_colors': 'True', 'use_experimental_parser': 'False', 'empty': 'None', 'quiet': 'False', 'no_print': 'None', 'warn_error_options': 'WarnErrorOptionsV2(error=[], warn=[], silence=[])', 'invocation_command': 'dbt test --project-dir dbt_euromillions_lkh', 'static_parser': 'True', 'introspect': 'True', 'target_path': 'None', 'log_format': 'default', 'send_anonymous_usage_stats': 'True'}
[0m12:34:49.613207 [debug] [MainThread]: Sending event: {'category': 'dbt', 'action': 'project_id', 'label': '2ba8a60f-b5c8-4a24-8b53-5d6767d3689f', 'context': [<snowplow_tracker.self_describing_json.SelfDescribingJson object at 0x7ab5056964d0>]}
[0m12:34:49.687557 [debug] [MainThread]: Sending event: {'category': 'dbt', 'action': 'adapter_info', 'label': '2ba8a60f-b5c8-4a24-8b53-5d6767d3689f', 'context': [<snowplow_tracker.self_describing_json.SelfDescribingJson object at 0x7ab506766010>]}
[0m12:34:49.690451 [info ] [MainThread]: Registered adapter: duckdb=1.9.4
[0m12:34:49.804869 [debug] [MainThread]: checksum: f6e4baf4de20596ffb9d14e6ef805989eb0e1950dedc3cc83d03f20aa023904c, vars: {}, profile: , target: , version: 1.10.6
[0m12:34:50.179402 [debug] [MainThread]: Partial parsing enabled: 0 files deleted, 0 files added, 0 files changed.
[0m12:34:50.180751 [debug] [MainThread]: Partial parsing enabled, no changes found, skipping parsing
[0m12:34:50.248450 [debug] [MainThread]: Sending event: {'category': 'dbt', 'action': 'load_project', 'label': '2ba8a60f-b5c8-4a24-8b53-5d6767d3689f', 'context': [<snowplow_tracker.self_describing_json.SelfDescribingJson object at 0x7ab505699690>]}
[0m12:34:50.388616 [debug] [MainThread]: Wrote artifact WritableManifest to dbt_euromillions_lkh/target/manifest.json
[0m12:34:50.399819 [debug] [MainThread]: Wrote artifact SemanticManifest to dbt_euromillions_lkh/target/semantic_manifest.json
[0m12:34:50.458203 [debug] [MainThread]: Sending event: {'category': 'dbt', 'action': 'resource_counts', 'label': '2ba8a60f-b5c8-4a24-8b53-5d6767d3689f', 'context': [<snowplow_tracker.self_describing_json.SelfDescribingJson object at 0x7ab501163050>]}
[0m12:34:50.460638 [info ] [MainThread]: Found 2 models, 10 data tests, 429 macros
[0m12:34:50.463447 [debug] [MainThread]: Sending event: {'category': 'dbt', 'action': 'runnable_timing', 'label': '2ba8a60f-b5c8-4a24-8b53-5d6767d3689f', 'context': [<snowplow_tracker.self_describing_json.SelfDescribingJson object at 0x7ab50177e310>]}
[0m12:34:50.470441 [info ] [MainThread]: 
[0m12:34:50.473022 [info ] [MainThread]: Concurrency: 4 threads (target='dev')
[0m12:34:50.477748 [info ] [MainThread]: 
[0m12:34:50.481898 [debug] [MainThread]: Acquiring new duckdb connection 'master'
[0m12:34:50.490594 [debug] [ThreadPool]: Acquiring new duckdb connection 'list_analytics_main'
[0m12:34:50.639454 [debug] [ThreadPool]: Using duckdb connection "list_analytics_main"
[0m12:34:50.641033 [debug] [ThreadPool]: On list_analytics_main: BEGIN
[0m12:34:50.642753 [debug] [ThreadPool]: Opening a new connection, currently in state init
[0m12:34:50.674983 [debug] [ThreadPool]: SQL status: OK in 0.032 seconds
[0m12:34:50.676934 [debug] [ThreadPool]: Using duckdb connection "list_analytics_main"
[0m12:34:50.679322 [debug] [ThreadPool]: On list_analytics_main: /* {"app": "dbt", "dbt_version": "1.10.6", "profile_name": "dbt_euromillions_lkh", "target_name": "dev", "connection_name": "list_analytics_main"} */
select
      'analytics' as database,
      table_name as name,
      table_schema as schema,
      CASE table_type
        WHEN 'BASE TABLE' THEN 'table'
        WHEN 'VIEW' THEN 'view'
        WHEN 'LOCAL TEMPORARY' THEN 'table'
        END as type
    from system.information_schema.tables
    where lower(table_schema) = 'main'
    and lower(table_catalog) = 'analytics'
  
[0m12:34:50.699027 [debug] [ThreadPool]: SQL status: OK in 0.018 seconds
[0m12:34:50.702285 [debug] [ThreadPool]: On list_analytics_main: ROLLBACK
[0m12:34:50.704831 [debug] [ThreadPool]: Failed to rollback 'list_analytics_main'
[0m12:34:50.706525 [debug] [ThreadPool]: On list_analytics_main: Close
[0m12:34:50.711382 [debug] [MainThread]: Sending event: {'category': 'dbt', 'action': 'runnable_timing', 'label': '2ba8a60f-b5c8-4a24-8b53-5d6767d3689f', 'context': [<snowplow_tracker.self_describing_json.SelfDescribingJson object at 0x7ab5013c7c10>]}
[0m12:34:50.714051 [debug] [MainThread]: Using duckdb connection "master"
[0m12:34:50.715932 [debug] [MainThread]: On master: BEGIN
[0m12:34:50.717883 [debug] [MainThread]: Opening a new connection, currently in state init
[0m12:34:50.721148 [debug] [MainThread]: SQL status: OK in 0.003 seconds
[0m12:34:50.722592 [debug] [MainThread]: On master: COMMIT
[0m12:34:50.724039 [debug] [MainThread]: Using duckdb connection "master"
[0m12:34:50.726039 [debug] [MainThread]: On master: COMMIT
[0m12:34:50.728838 [debug] [MainThread]: SQL status: OK in 0.001 seconds
[0m12:34:50.730330 [debug] [MainThread]: On master: Close
[0m12:34:50.735944 [debug] [Thread-1 (]: Began running node test.dbt_euromillions_lkh.not_null_gold_jackpot_trends_avg_jackpot.c8e8982f74
[0m12:34:50.736593 [debug] [Thread-2 (]: Began running node test.dbt_euromillions_lkh.not_null_gold_jackpot_trends_draw_year.3193289f27
[0m12:34:50.737055 [debug] [Thread-3 (]: Began running node test.dbt_euromillions_lkh.not_null_gold_jackpot_trends_total_draws.2ec2f51beb
[0m12:34:50.737495 [debug] [Thread-4 (]: Began running node test.dbt_euromillions_lkh.not_null_silver_draws_draw_date.4bbef64017
[0m12:34:50.738188 [info ] [Thread-1 (]: 1 of 10 START test not_null_gold_jackpot_trends_avg_jackpot .................... [RUN]
[0m12:34:50.739881 [info ] [Thread-2 (]: 2 of 10 START test not_null_gold_jackpot_trends_draw_year ...................... [RUN]
[0m12:34:50.742064 [info ] [Thread-3 (]: 3 of 10 START test not_null_gold_jackpot_trends_total_draws .................... [RUN]
[0m12:34:50.744741 [info ] [Thread-4 (]: 4 of 10 START test not_null_silver_draws_draw_date ............................. [RUN]
[0m12:34:50.747988 [debug] [Thread-1 (]: Re-using an available connection from the pool (formerly list_analytics_main, now test.dbt_euromillions_lkh.not_null_gold_jackpot_trends_avg_jackpot.c8e8982f74)
[0m12:34:50.750491 [debug] [Thread-2 (]: Acquiring new duckdb connection 'test.dbt_euromillions_lkh.not_null_gold_jackpot_trends_draw_year.3193289f27'
[0m12:34:50.752415 [debug] [Thread-3 (]: Acquiring new duckdb connection 'test.dbt_euromillions_lkh.not_null_gold_jackpot_trends_total_draws.2ec2f51beb'
[0m12:34:50.755079 [debug] [Thread-4 (]: Acquiring new duckdb connection 'test.dbt_euromillions_lkh.not_null_silver_draws_draw_date.4bbef64017'
[0m12:34:50.758409 [debug] [Thread-1 (]: Began compiling node test.dbt_euromillions_lkh.not_null_gold_jackpot_trends_avg_jackpot.c8e8982f74
[0m12:34:50.760923 [debug] [Thread-2 (]: Began compiling node test.dbt_euromillions_lkh.not_null_gold_jackpot_trends_draw_year.3193289f27
[0m12:34:50.763356 [debug] [Thread-3 (]: Began compiling node test.dbt_euromillions_lkh.not_null_gold_jackpot_trends_total_draws.2ec2f51beb
[0m12:34:50.765920 [debug] [Thread-4 (]: Began compiling node test.dbt_euromillions_lkh.not_null_silver_draws_draw_date.4bbef64017
[0m12:34:50.804961 [debug] [Thread-2 (]: Writing injected SQL for node "test.dbt_euromillions_lkh.not_null_gold_jackpot_trends_draw_year.3193289f27"
[0m12:34:50.805669 [debug] [Thread-1 (]: Writing injected SQL for node "test.dbt_euromillions_lkh.not_null_gold_jackpot_trends_avg_jackpot.c8e8982f74"
[0m12:34:50.812694 [debug] [Thread-3 (]: Writing injected SQL for node "test.dbt_euromillions_lkh.not_null_gold_jackpot_trends_total_draws.2ec2f51beb"
[0m12:34:50.820810 [debug] [Thread-4 (]: Writing injected SQL for node "test.dbt_euromillions_lkh.not_null_silver_draws_draw_date.4bbef64017"
[0m12:34:50.832287 [debug] [Thread-1 (]: Began executing node test.dbt_euromillions_lkh.not_null_gold_jackpot_trends_avg_jackpot.c8e8982f74
[0m12:34:50.834328 [debug] [Thread-2 (]: Began executing node test.dbt_euromillions_lkh.not_null_gold_jackpot_trends_draw_year.3193289f27
[0m12:34:50.841263 [debug] [Thread-3 (]: Began executing node test.dbt_euromillions_lkh.not_null_gold_jackpot_trends_total_draws.2ec2f51beb
[0m12:34:50.863464 [debug] [Thread-1 (]: Writing runtime sql for node "test.dbt_euromillions_lkh.not_null_gold_jackpot_trends_avg_jackpot.c8e8982f74"
[0m12:34:50.868317 [debug] [Thread-2 (]: Writing runtime sql for node "test.dbt_euromillions_lkh.not_null_gold_jackpot_trends_draw_year.3193289f27"
[0m12:34:50.871389 [debug] [Thread-4 (]: Began executing node test.dbt_euromillions_lkh.not_null_silver_draws_draw_date.4bbef64017
[0m12:34:50.876119 [debug] [Thread-3 (]: Writing runtime sql for node "test.dbt_euromillions_lkh.not_null_gold_jackpot_trends_total_draws.2ec2f51beb"
[0m12:34:50.884832 [debug] [Thread-4 (]: Writing runtime sql for node "test.dbt_euromillions_lkh.not_null_silver_draws_draw_date.4bbef64017"
[0m12:34:50.894924 [debug] [Thread-1 (]: Using duckdb connection "test.dbt_euromillions_lkh.not_null_gold_jackpot_trends_avg_jackpot.c8e8982f74"
[0m12:34:50.897253 [debug] [Thread-1 (]: On test.dbt_euromillions_lkh.not_null_gold_jackpot_trends_avg_jackpot.c8e8982f74: BEGIN
[0m12:34:50.898354 [debug] [Thread-4 (]: Using duckdb connection "test.dbt_euromillions_lkh.not_null_silver_draws_draw_date.4bbef64017"
[0m12:34:50.900319 [debug] [Thread-2 (]: Using duckdb connection "test.dbt_euromillions_lkh.not_null_gold_jackpot_trends_draw_year.3193289f27"
[0m12:34:50.902054 [debug] [Thread-1 (]: Opening a new connection, currently in state closed
[0m12:34:50.904760 [debug] [Thread-3 (]: Using duckdb connection "test.dbt_euromillions_lkh.not_null_gold_jackpot_trends_total_draws.2ec2f51beb"
[0m12:34:50.905616 [debug] [Thread-4 (]: On test.dbt_euromillions_lkh.not_null_silver_draws_draw_date.4bbef64017: BEGIN
[0m12:34:50.907341 [debug] [Thread-2 (]: On test.dbt_euromillions_lkh.not_null_gold_jackpot_trends_draw_year.3193289f27: BEGIN
[0m12:34:50.910385 [debug] [Thread-1 (]: SQL status: OK in 0.008 seconds
[0m12:34:50.911380 [debug] [Thread-3 (]: On test.dbt_euromillions_lkh.not_null_gold_jackpot_trends_total_draws.2ec2f51beb: BEGIN
[0m12:34:50.913297 [debug] [Thread-4 (]: Opening a new connection, currently in state init
[0m12:34:50.915114 [debug] [Thread-2 (]: Opening a new connection, currently in state init
[0m12:34:50.916917 [debug] [Thread-1 (]: Using duckdb connection "test.dbt_euromillions_lkh.not_null_gold_jackpot_trends_avg_jackpot.c8e8982f74"
[0m12:34:50.918854 [debug] [Thread-3 (]: Opening a new connection, currently in state init
[0m12:34:50.921533 [debug] [Thread-4 (]: SQL status: OK in 0.008 seconds
[0m12:34:50.923457 [debug] [Thread-2 (]: SQL status: OK in 0.008 seconds
[0m12:34:50.924831 [debug] [Thread-1 (]: On test.dbt_euromillions_lkh.not_null_gold_jackpot_trends_avg_jackpot.c8e8982f74: /* {"app": "dbt", "dbt_version": "1.10.6", "profile_name": "dbt_euromillions_lkh", "target_name": "dev", "node_id": "test.dbt_euromillions_lkh.not_null_gold_jackpot_trends_avg_jackpot.c8e8982f74"} */

    select
      count(*) as failures,
      count(*) != 0 as should_warn,
      count(*) != 0 as should_error
    from (
      
    
  
    
    



select avg_jackpot
from "analytics"."main"."gold_jackpot_trends"
where avg_jackpot is null



  
  
      
    ) dbt_internal_test
[0m12:34:50.928248 [debug] [Thread-3 (]: SQL status: OK in 0.009 seconds
[0m12:34:50.929951 [debug] [Thread-4 (]: Using duckdb connection "test.dbt_euromillions_lkh.not_null_silver_draws_draw_date.4bbef64017"
[0m12:34:50.932057 [debug] [Thread-2 (]: Using duckdb connection "test.dbt_euromillions_lkh.not_null_gold_jackpot_trends_draw_year.3193289f27"
[0m12:34:50.935858 [debug] [Thread-3 (]: Using duckdb connection "test.dbt_euromillions_lkh.not_null_gold_jackpot_trends_total_draws.2ec2f51beb"
[0m12:34:50.937332 [debug] [Thread-1 (]: SQL status: OK in 0.003 seconds
[0m12:34:50.938167 [debug] [Thread-4 (]: On test.dbt_euromillions_lkh.not_null_silver_draws_draw_date.4bbef64017: /* {"app": "dbt", "dbt_version": "1.10.6", "profile_name": "dbt_euromillions_lkh", "target_name": "dev", "node_id": "test.dbt_euromillions_lkh.not_null_silver_draws_draw_date.4bbef64017"} */

    select
      count(*) as failures,
      count(*) != 0 as should_warn,
      count(*) != 0 as should_error
    from (
      
    
  
    
    



select draw_date
from "analytics"."main"."silver_draws"
where draw_date is null



  
  
      
    ) dbt_internal_test
[0m12:34:50.939872 [debug] [Thread-2 (]: On test.dbt_euromillions_lkh.not_null_gold_jackpot_trends_draw_year.3193289f27: /* {"app": "dbt", "dbt_version": "1.10.6", "profile_name": "dbt_euromillions_lkh", "target_name": "dev", "node_id": "test.dbt_euromillions_lkh.not_null_gold_jackpot_trends_draw_year.3193289f27"} */

    select
      count(*) as failures,
      count(*) != 0 as should_warn,
      count(*) != 0 as should_error
    from (
      
    
  
    
    



select draw_year
from "analytics"."main"."gold_jackpot_trends"
where draw_year is null



  
  
      
    ) dbt_internal_test
[0m12:34:50.942014 [debug] [Thread-3 (]: On test.dbt_euromillions_lkh.not_null_gold_jackpot_trends_total_draws.2ec2f51beb: /* {"app": "dbt", "dbt_version": "1.10.6", "profile_name": "dbt_euromillions_lkh", "target_name": "dev", "node_id": "test.dbt_euromillions_lkh.not_null_gold_jackpot_trends_total_draws.2ec2f51beb"} */

    select
      count(*) as failures,
      count(*) != 0 as should_warn,
      count(*) != 0 as should_error
    from (
      
    
  
    
    



select total_draws
from "analytics"."main"."gold_jackpot_trends"
where total_draws is null



  
  
      
    ) dbt_internal_test
[0m12:34:50.950168 [debug] [Thread-1 (]: On test.dbt_euromillions_lkh.not_null_gold_jackpot_trends_avg_jackpot.c8e8982f74: ROLLBACK
[0m12:34:50.953587 [debug] [Thread-4 (]: SQL status: OK in 0.002 seconds
[0m12:34:50.954332 [debug] [Thread-2 (]: SQL status: OK in 0.002 seconds
[0m12:34:50.957145 [debug] [Thread-1 (]: Failed to rollback 'test.dbt_euromillions_lkh.not_null_gold_jackpot_trends_avg_jackpot.c8e8982f74'
[0m12:34:50.957940 [debug] [Thread-3 (]: SQL status: OK in 0.003 seconds
[0m12:34:50.960775 [debug] [Thread-4 (]: On test.dbt_euromillions_lkh.not_null_silver_draws_draw_date.4bbef64017: ROLLBACK
[0m12:34:50.963807 [debug] [Thread-2 (]: On test.dbt_euromillions_lkh.not_null_gold_jackpot_trends_draw_year.3193289f27: ROLLBACK
[0m12:34:50.965446 [debug] [Thread-1 (]: On test.dbt_euromillions_lkh.not_null_gold_jackpot_trends_avg_jackpot.c8e8982f74: Close
[0m12:34:50.969688 [debug] [Thread-3 (]: On test.dbt_euromillions_lkh.not_null_gold_jackpot_trends_total_draws.2ec2f51beb: ROLLBACK
[0m12:34:50.972128 [debug] [Thread-4 (]: Failed to rollback 'test.dbt_euromillions_lkh.not_null_silver_draws_draw_date.4bbef64017'
[0m12:34:50.975321 [debug] [Thread-2 (]: Failed to rollback 'test.dbt_euromillions_lkh.not_null_gold_jackpot_trends_draw_year.3193289f27'
[0m12:34:50.978096 [info ] [Thread-1 (]: 1 of 10 PASS not_null_gold_jackpot_trends_avg_jackpot .......................... [[32mPASS[0m in 0.23s]
[0m12:34:50.980008 [debug] [Thread-3 (]: Failed to rollback 'test.dbt_euromillions_lkh.not_null_gold_jackpot_trends_total_draws.2ec2f51beb'
[0m12:34:50.981830 [debug] [Thread-4 (]: On test.dbt_euromillions_lkh.not_null_silver_draws_draw_date.4bbef64017: Close
[0m12:34:50.984179 [debug] [Thread-2 (]: On test.dbt_euromillions_lkh.not_null_gold_jackpot_trends_draw_year.3193289f27: Close
[0m12:34:50.986620 [debug] [Thread-1 (]: Finished running node test.dbt_euromillions_lkh.not_null_gold_jackpot_trends_avg_jackpot.c8e8982f74
[0m12:34:50.988515 [debug] [Thread-3 (]: On test.dbt_euromillions_lkh.not_null_gold_jackpot_trends_total_draws.2ec2f51beb: Close
[0m12:34:50.990753 [info ] [Thread-4 (]: 4 of 10 PASS not_null_silver_draws_draw_date ................................... [[32mPASS[0m in 0.24s]
[0m12:34:50.993547 [info ] [Thread-2 (]: 2 of 10 PASS not_null_gold_jackpot_trends_draw_year ............................ [[32mPASS[0m in 0.24s]
[0m12:34:50.995669 [debug] [Thread-1 (]: Began running node test.dbt_euromillions_lkh.not_null_silver_draws_draw_id.b4a58f12ff
[0m12:34:50.998952 [info ] [Thread-3 (]: 3 of 10 PASS not_null_gold_jackpot_trends_total_draws .......................... [[32mPASS[0m in 0.25s]
[0m12:34:51.002458 [debug] [Thread-4 (]: Finished running node test.dbt_euromillions_lkh.not_null_silver_draws_draw_date.4bbef64017
[0m12:34:51.005325 [debug] [Thread-2 (]: Finished running node test.dbt_euromillions_lkh.not_null_gold_jackpot_trends_draw_year.3193289f27
[0m12:34:51.007368 [info ] [Thread-1 (]: 5 of 10 START test not_null_silver_draws_draw_id ............................... [RUN]
[0m12:34:51.011995 [debug] [Thread-3 (]: Finished running node test.dbt_euromillions_lkh.not_null_gold_jackpot_trends_total_draws.2ec2f51beb
[0m12:34:51.014707 [debug] [Thread-4 (]: Began running node test.dbt_euromillions_lkh.not_null_silver_draws_jackpot_amount.e84383ce49
[0m12:34:51.016719 [debug] [Thread-2 (]: Began running node test.dbt_euromillions_lkh.not_null_silver_draws_jackpot_currency.31b25a4566
[0m12:34:51.018155 [debug] [Thread-1 (]: Re-using an available connection from the pool (formerly test.dbt_euromillions_lkh.not_null_gold_jackpot_trends_avg_jackpot.c8e8982f74, now test.dbt_euromillions_lkh.not_null_silver_draws_draw_id.b4a58f12ff)
[0m12:34:51.019831 [debug] [Thread-3 (]: Began running node test.dbt_euromillions_lkh.unique_gold_jackpot_trends_draw_year.90f6030c91
[0m12:34:51.021358 [info ] [Thread-4 (]: 6 of 10 START test not_null_silver_draws_jackpot_amount ........................ [RUN]
[0m12:34:51.023246 [info ] [Thread-2 (]: 7 of 10 START test not_null_silver_draws_jackpot_currency ...................... [RUN]
[0m12:34:51.026417 [debug] [Thread-1 (]: Began compiling node test.dbt_euromillions_lkh.not_null_silver_draws_draw_id.b4a58f12ff
[0m12:34:51.029468 [info ] [Thread-3 (]: 8 of 10 START test unique_gold_jackpot_trends_draw_year ........................ [RUN]
[0m12:34:51.032880 [debug] [Thread-4 (]: Re-using an available connection from the pool (formerly test.dbt_euromillions_lkh.not_null_silver_draws_draw_date.4bbef64017, now test.dbt_euromillions_lkh.not_null_silver_draws_jackpot_amount.e84383ce49)
[0m12:34:51.035295 [debug] [Thread-2 (]: Re-using an available connection from the pool (formerly test.dbt_euromillions_lkh.not_null_gold_jackpot_trends_draw_year.3193289f27, now test.dbt_euromillions_lkh.not_null_silver_draws_jackpot_currency.31b25a4566)
[0m12:34:51.042485 [debug] [Thread-1 (]: Writing injected SQL for node "test.dbt_euromillions_lkh.not_null_silver_draws_draw_id.b4a58f12ff"
[0m12:34:51.044626 [debug] [Thread-3 (]: Re-using an available connection from the pool (formerly test.dbt_euromillions_lkh.not_null_gold_jackpot_trends_total_draws.2ec2f51beb, now test.dbt_euromillions_lkh.unique_gold_jackpot_trends_draw_year.90f6030c91)
[0m12:34:51.046613 [debug] [Thread-4 (]: Began compiling node test.dbt_euromillions_lkh.not_null_silver_draws_jackpot_amount.e84383ce49
[0m12:34:51.048372 [debug] [Thread-2 (]: Began compiling node test.dbt_euromillions_lkh.not_null_silver_draws_jackpot_currency.31b25a4566
[0m12:34:51.052436 [debug] [Thread-3 (]: Began compiling node test.dbt_euromillions_lkh.unique_gold_jackpot_trends_draw_year.90f6030c91
[0m12:34:51.064697 [debug] [Thread-4 (]: Writing injected SQL for node "test.dbt_euromillions_lkh.not_null_silver_draws_jackpot_amount.e84383ce49"
[0m12:34:51.072706 [debug] [Thread-2 (]: Writing injected SQL for node "test.dbt_euromillions_lkh.not_null_silver_draws_jackpot_currency.31b25a4566"
[0m12:34:51.079919 [debug] [Thread-1 (]: Began executing node test.dbt_euromillions_lkh.not_null_silver_draws_draw_id.b4a58f12ff
[0m12:34:51.085104 [debug] [Thread-3 (]: Writing injected SQL for node "test.dbt_euromillions_lkh.unique_gold_jackpot_trends_draw_year.90f6030c91"
[0m12:34:51.091786 [debug] [Thread-1 (]: Writing runtime sql for node "test.dbt_euromillions_lkh.not_null_silver_draws_draw_id.b4a58f12ff"
[0m12:34:51.100645 [debug] [Thread-2 (]: Began executing node test.dbt_euromillions_lkh.not_null_silver_draws_jackpot_currency.31b25a4566
[0m12:34:51.103431 [debug] [Thread-4 (]: Began executing node test.dbt_euromillions_lkh.not_null_silver_draws_jackpot_amount.e84383ce49
[0m12:34:51.109620 [debug] [Thread-3 (]: Began executing node test.dbt_euromillions_lkh.unique_gold_jackpot_trends_draw_year.90f6030c91
[0m12:34:51.110822 [debug] [Thread-2 (]: Writing runtime sql for node "test.dbt_euromillions_lkh.not_null_silver_draws_jackpot_currency.31b25a4566"
[0m12:34:51.117888 [debug] [Thread-1 (]: Using duckdb connection "test.dbt_euromillions_lkh.not_null_silver_draws_draw_id.b4a58f12ff"
[0m12:34:51.116943 [debug] [Thread-4 (]: Writing runtime sql for node "test.dbt_euromillions_lkh.not_null_silver_draws_jackpot_amount.e84383ce49"
[0m12:34:51.122762 [debug] [Thread-3 (]: Writing runtime sql for node "test.dbt_euromillions_lkh.unique_gold_jackpot_trends_draw_year.90f6030c91"
[0m12:34:51.125596 [debug] [Thread-1 (]: On test.dbt_euromillions_lkh.not_null_silver_draws_draw_id.b4a58f12ff: BEGIN
[0m12:34:51.130347 [debug] [Thread-1 (]: Opening a new connection, currently in state closed
[0m12:34:51.134024 [debug] [Thread-1 (]: SQL status: OK in 0.004 seconds
[0m12:34:51.136092 [debug] [Thread-4 (]: Using duckdb connection "test.dbt_euromillions_lkh.not_null_silver_draws_jackpot_amount.e84383ce49"
[0m12:34:51.137739 [debug] [Thread-1 (]: Using duckdb connection "test.dbt_euromillions_lkh.not_null_silver_draws_draw_id.b4a58f12ff"
[0m12:34:51.138812 [debug] [Thread-2 (]: Using duckdb connection "test.dbt_euromillions_lkh.not_null_silver_draws_jackpot_currency.31b25a4566"
[0m12:34:51.140674 [debug] [Thread-4 (]: On test.dbt_euromillions_lkh.not_null_silver_draws_jackpot_amount.e84383ce49: BEGIN
[0m12:34:51.142258 [debug] [Thread-3 (]: Using duckdb connection "test.dbt_euromillions_lkh.unique_gold_jackpot_trends_draw_year.90f6030c91"
[0m12:34:51.144368 [debug] [Thread-1 (]: On test.dbt_euromillions_lkh.not_null_silver_draws_draw_id.b4a58f12ff: /* {"app": "dbt", "dbt_version": "1.10.6", "profile_name": "dbt_euromillions_lkh", "target_name": "dev", "node_id": "test.dbt_euromillions_lkh.not_null_silver_draws_draw_id.b4a58f12ff"} */

    select
      count(*) as failures,
      count(*) != 0 as should_warn,
      count(*) != 0 as should_error
    from (
      
    
  
    
    



select draw_id
from "analytics"."main"."silver_draws"
where draw_id is null



  
  
      
    ) dbt_internal_test
[0m12:34:51.146698 [debug] [Thread-2 (]: On test.dbt_euromillions_lkh.not_null_silver_draws_jackpot_currency.31b25a4566: BEGIN
[0m12:34:51.148804 [debug] [Thread-4 (]: Opening a new connection, currently in state closed
[0m12:34:51.150464 [debug] [Thread-3 (]: On test.dbt_euromillions_lkh.unique_gold_jackpot_trends_draw_year.90f6030c91: BEGIN
[0m12:34:51.153655 [debug] [Thread-2 (]: Opening a new connection, currently in state closed
[0m12:34:51.154572 [debug] [Thread-1 (]: SQL status: OK in 0.002 seconds
[0m12:34:51.156969 [debug] [Thread-4 (]: SQL status: OK in 0.008 seconds
[0m12:34:51.157721 [debug] [Thread-3 (]: Opening a new connection, currently in state closed
[0m12:34:51.161260 [debug] [Thread-2 (]: SQL status: OK in 0.008 seconds
[0m12:34:51.165300 [debug] [Thread-1 (]: On test.dbt_euromillions_lkh.not_null_silver_draws_draw_id.b4a58f12ff: ROLLBACK
[0m12:34:51.166992 [debug] [Thread-4 (]: Using duckdb connection "test.dbt_euromillions_lkh.not_null_silver_draws_jackpot_amount.e84383ce49"
[0m12:34:51.171035 [debug] [Thread-3 (]: SQL status: OK in 0.013 seconds
[0m12:34:51.172322 [debug] [Thread-2 (]: Using duckdb connection "test.dbt_euromillions_lkh.not_null_silver_draws_jackpot_currency.31b25a4566"
[0m12:34:51.174593 [debug] [Thread-1 (]: Failed to rollback 'test.dbt_euromillions_lkh.not_null_silver_draws_draw_id.b4a58f12ff'
[0m12:34:51.176516 [debug] [Thread-4 (]: On test.dbt_euromillions_lkh.not_null_silver_draws_jackpot_amount.e84383ce49: /* {"app": "dbt", "dbt_version": "1.10.6", "profile_name": "dbt_euromillions_lkh", "target_name": "dev", "node_id": "test.dbt_euromillions_lkh.not_null_silver_draws_jackpot_amount.e84383ce49"} */

    select
      count(*) as failures,
      count(*) != 0 as should_warn,
      count(*) != 0 as should_error
    from (
      
    
  
    
    



select jackpot_amount
from "analytics"."main"."silver_draws"
where jackpot_amount is null



  
  
      
    ) dbt_internal_test
[0m12:34:51.179071 [debug] [Thread-3 (]: Using duckdb connection "test.dbt_euromillions_lkh.unique_gold_jackpot_trends_draw_year.90f6030c91"
[0m12:34:51.181256 [debug] [Thread-2 (]: On test.dbt_euromillions_lkh.not_null_silver_draws_jackpot_currency.31b25a4566: /* {"app": "dbt", "dbt_version": "1.10.6", "profile_name": "dbt_euromillions_lkh", "target_name": "dev", "node_id": "test.dbt_euromillions_lkh.not_null_silver_draws_jackpot_currency.31b25a4566"} */

    select
      count(*) as failures,
      count(*) != 0 as should_warn,
      count(*) != 0 as should_error
    from (
      
    
  
    
    



select jackpot_currency
from "analytics"."main"."silver_draws"
where jackpot_currency is null



  
  
      
    ) dbt_internal_test
[0m12:34:51.183585 [debug] [Thread-1 (]: On test.dbt_euromillions_lkh.not_null_silver_draws_draw_id.b4a58f12ff: Close
[0m12:34:51.187641 [debug] [Thread-3 (]: On test.dbt_euromillions_lkh.unique_gold_jackpot_trends_draw_year.90f6030c91: /* {"app": "dbt", "dbt_version": "1.10.6", "profile_name": "dbt_euromillions_lkh", "target_name": "dev", "node_id": "test.dbt_euromillions_lkh.unique_gold_jackpot_trends_draw_year.90f6030c91"} */

    select
      count(*) as failures,
      count(*) != 0 as should_warn,
      count(*) != 0 as should_error
    from (
      
    
  
    
    

select
    draw_year as unique_field,
    count(*) as n_records

from "analytics"."main"."gold_jackpot_trends"
where draw_year is not null
group by draw_year
having count(*) > 1



  
  
      
    ) dbt_internal_test
[0m12:34:51.190538 [debug] [Thread-4 (]: SQL status: OK in 0.005 seconds
[0m12:34:51.192004 [debug] [Thread-2 (]: SQL status: OK in 0.002 seconds
[0m12:34:51.193992 [info ] [Thread-1 (]: 5 of 10 PASS not_null_silver_draws_draw_id ..................................... [[32mPASS[0m in 0.18s]
[0m12:34:51.200787 [debug] [Thread-4 (]: On test.dbt_euromillions_lkh.not_null_silver_draws_jackpot_amount.e84383ce49: ROLLBACK
[0m12:34:51.204760 [debug] [Thread-2 (]: On test.dbt_euromillions_lkh.not_null_silver_draws_jackpot_currency.31b25a4566: ROLLBACK
[0m12:34:51.205578 [debug] [Thread-3 (]: SQL status: OK in 0.010 seconds
[0m12:34:51.207168 [debug] [Thread-1 (]: Finished running node test.dbt_euromillions_lkh.not_null_silver_draws_draw_id.b4a58f12ff
[0m12:34:51.209956 [debug] [Thread-4 (]: Failed to rollback 'test.dbt_euromillions_lkh.not_null_silver_draws_jackpot_amount.e84383ce49'
[0m12:34:51.212020 [debug] [Thread-2 (]: Failed to rollback 'test.dbt_euromillions_lkh.not_null_silver_draws_jackpot_currency.31b25a4566'
[0m12:34:51.216993 [debug] [Thread-3 (]: On test.dbt_euromillions_lkh.unique_gold_jackpot_trends_draw_year.90f6030c91: ROLLBACK
[0m12:34:51.219444 [debug] [Thread-1 (]: Began running node test.dbt_euromillions_lkh.unique_silver_draws_draw_date.03c184d046
[0m12:34:51.221682 [debug] [Thread-4 (]: On test.dbt_euromillions_lkh.not_null_silver_draws_jackpot_amount.e84383ce49: Close
[0m12:34:51.223670 [debug] [Thread-2 (]: On test.dbt_euromillions_lkh.not_null_silver_draws_jackpot_currency.31b25a4566: Close
[0m12:34:51.226632 [debug] [Thread-3 (]: Failed to rollback 'test.dbt_euromillions_lkh.unique_gold_jackpot_trends_draw_year.90f6030c91'
[0m12:34:51.229212 [info ] [Thread-1 (]: 9 of 10 START test unique_silver_draws_draw_date ............................... [RUN]
[0m12:34:51.232443 [info ] [Thread-4 (]: 6 of 10 PASS not_null_silver_draws_jackpot_amount .............................. [[32mPASS[0m in 0.20s]
[0m12:34:51.235192 [info ] [Thread-2 (]: 7 of 10 PASS not_null_silver_draws_jackpot_currency ............................ [[32mPASS[0m in 0.20s]
[0m12:34:51.237265 [debug] [Thread-3 (]: On test.dbt_euromillions_lkh.unique_gold_jackpot_trends_draw_year.90f6030c91: Close
[0m12:34:51.239649 [debug] [Thread-1 (]: Re-using an available connection from the pool (formerly test.dbt_euromillions_lkh.not_null_silver_draws_draw_id.b4a58f12ff, now test.dbt_euromillions_lkh.unique_silver_draws_draw_date.03c184d046)
[0m12:34:51.241792 [debug] [Thread-4 (]: Finished running node test.dbt_euromillions_lkh.not_null_silver_draws_jackpot_amount.e84383ce49
[0m12:34:51.246493 [debug] [Thread-2 (]: Finished running node test.dbt_euromillions_lkh.not_null_silver_draws_jackpot_currency.31b25a4566
[0m12:34:51.250184 [info ] [Thread-3 (]: 8 of 10 PASS unique_gold_jackpot_trends_draw_year .............................. [[32mPASS[0m in 0.21s]
[0m12:34:51.252311 [debug] [Thread-1 (]: Began compiling node test.dbt_euromillions_lkh.unique_silver_draws_draw_date.03c184d046
[0m12:34:51.254704 [debug] [Thread-4 (]: Began running node test.dbt_euromillions_lkh.unique_silver_draws_draw_id.c66d8e5ebd
[0m12:34:51.260968 [debug] [Thread-3 (]: Finished running node test.dbt_euromillions_lkh.unique_gold_jackpot_trends_draw_year.90f6030c91
[0m12:34:51.269392 [debug] [Thread-1 (]: Writing injected SQL for node "test.dbt_euromillions_lkh.unique_silver_draws_draw_date.03c184d046"
[0m12:34:51.270940 [info ] [Thread-4 (]: 10 of 10 START test unique_silver_draws_draw_id ................................ [RUN]
[0m12:34:51.277489 [debug] [Thread-4 (]: Re-using an available connection from the pool (formerly test.dbt_euromillions_lkh.not_null_silver_draws_jackpot_amount.e84383ce49, now test.dbt_euromillions_lkh.unique_silver_draws_draw_id.c66d8e5ebd)
[0m12:34:51.280899 [debug] [Thread-4 (]: Began compiling node test.dbt_euromillions_lkh.unique_silver_draws_draw_id.c66d8e5ebd
[0m12:34:51.289951 [debug] [Thread-4 (]: Writing injected SQL for node "test.dbt_euromillions_lkh.unique_silver_draws_draw_id.c66d8e5ebd"
[0m12:34:51.301479 [debug] [Thread-1 (]: Began executing node test.dbt_euromillions_lkh.unique_silver_draws_draw_date.03c184d046
[0m12:34:51.309946 [debug] [Thread-4 (]: Began executing node test.dbt_euromillions_lkh.unique_silver_draws_draw_id.c66d8e5ebd
[0m12:34:51.310972 [debug] [Thread-1 (]: Writing runtime sql for node "test.dbt_euromillions_lkh.unique_silver_draws_draw_date.03c184d046"
[0m12:34:51.317594 [debug] [Thread-4 (]: Writing runtime sql for node "test.dbt_euromillions_lkh.unique_silver_draws_draw_id.c66d8e5ebd"
[0m12:34:51.329243 [debug] [Thread-4 (]: Using duckdb connection "test.dbt_euromillions_lkh.unique_silver_draws_draw_id.c66d8e5ebd"
[0m12:34:51.330682 [debug] [Thread-1 (]: Using duckdb connection "test.dbt_euromillions_lkh.unique_silver_draws_draw_date.03c184d046"
[0m12:34:51.332526 [debug] [Thread-4 (]: On test.dbt_euromillions_lkh.unique_silver_draws_draw_id.c66d8e5ebd: BEGIN
[0m12:34:51.334512 [debug] [Thread-1 (]: On test.dbt_euromillions_lkh.unique_silver_draws_draw_date.03c184d046: BEGIN
[0m12:34:51.336159 [debug] [Thread-4 (]: Opening a new connection, currently in state closed
[0m12:34:51.337743 [debug] [Thread-1 (]: Opening a new connection, currently in state closed
[0m12:34:51.339922 [debug] [Thread-4 (]: SQL status: OK in 0.004 seconds
[0m12:34:51.341721 [debug] [Thread-1 (]: SQL status: OK in 0.004 seconds
[0m12:34:51.343420 [debug] [Thread-4 (]: Using duckdb connection "test.dbt_euromillions_lkh.unique_silver_draws_draw_id.c66d8e5ebd"
[0m12:34:51.345397 [debug] [Thread-1 (]: Using duckdb connection "test.dbt_euromillions_lkh.unique_silver_draws_draw_date.03c184d046"
[0m12:34:51.347338 [debug] [Thread-4 (]: On test.dbt_euromillions_lkh.unique_silver_draws_draw_id.c66d8e5ebd: /* {"app": "dbt", "dbt_version": "1.10.6", "profile_name": "dbt_euromillions_lkh", "target_name": "dev", "node_id": "test.dbt_euromillions_lkh.unique_silver_draws_draw_id.c66d8e5ebd"} */

    select
      count(*) as failures,
      count(*) != 0 as should_warn,
      count(*) != 0 as should_error
    from (
      
    
  
    
    

select
    draw_id as unique_field,
    count(*) as n_records

from "analytics"."main"."silver_draws"
where draw_id is not null
group by draw_id
having count(*) > 1



  
  
      
    ) dbt_internal_test
[0m12:34:51.349431 [debug] [Thread-1 (]: On test.dbt_euromillions_lkh.unique_silver_draws_draw_date.03c184d046: /* {"app": "dbt", "dbt_version": "1.10.6", "profile_name": "dbt_euromillions_lkh", "target_name": "dev", "node_id": "test.dbt_euromillions_lkh.unique_silver_draws_draw_date.03c184d046"} */

    select
      count(*) as failures,
      count(*) != 0 as should_warn,
      count(*) != 0 as should_error
    from (
      
    
  
    
    

select
    draw_date as unique_field,
    count(*) as n_records

from "analytics"."main"."silver_draws"
where draw_date is not null
group by draw_date
having count(*) > 1



  
  
      
    ) dbt_internal_test
[0m12:34:51.354079 [debug] [Thread-4 (]: SQL status: OK in 0.003 seconds
[0m12:34:51.358822 [debug] [Thread-4 (]: On test.dbt_euromillions_lkh.unique_silver_draws_draw_id.c66d8e5ebd: ROLLBACK
[0m12:34:51.359457 [debug] [Thread-1 (]: SQL status: OK in 0.007 seconds
[0m12:34:51.361426 [debug] [Thread-4 (]: Failed to rollback 'test.dbt_euromillions_lkh.unique_silver_draws_draw_id.c66d8e5ebd'
[0m12:34:51.364517 [debug] [Thread-1 (]: On test.dbt_euromillions_lkh.unique_silver_draws_draw_date.03c184d046: ROLLBACK
[0m12:34:51.365521 [debug] [Thread-4 (]: On test.dbt_euromillions_lkh.unique_silver_draws_draw_id.c66d8e5ebd: Close
[0m12:34:51.367079 [debug] [Thread-1 (]: Failed to rollback 'test.dbt_euromillions_lkh.unique_silver_draws_draw_date.03c184d046'
[0m12:34:51.370625 [debug] [Thread-1 (]: On test.dbt_euromillions_lkh.unique_silver_draws_draw_date.03c184d046: Close
[0m12:34:51.369737 [info ] [Thread-4 (]: 10 of 10 PASS unique_silver_draws_draw_id ...................................... [[32mPASS[0m in 0.09s]
[0m12:34:51.373566 [info ] [Thread-1 (]: 9 of 10 PASS unique_silver_draws_draw_date ..................................... [[32mPASS[0m in 0.13s]
[0m12:34:51.375902 [debug] [Thread-4 (]: Finished running node test.dbt_euromillions_lkh.unique_silver_draws_draw_id.c66d8e5ebd
[0m12:34:51.377841 [debug] [Thread-1 (]: Finished running node test.dbt_euromillions_lkh.unique_silver_draws_draw_date.03c184d046
[0m12:34:51.383420 [debug] [MainThread]: Using duckdb connection "master"
[0m12:34:51.384888 [debug] [MainThread]: On master: BEGIN
[0m12:34:51.386392 [debug] [MainThread]: Opening a new connection, currently in state closed
[0m12:34:51.388628 [debug] [MainThread]: SQL status: OK in 0.002 seconds
[0m12:34:51.389822 [debug] [MainThread]: On master: COMMIT
[0m12:34:51.390949 [debug] [MainThread]: Using duckdb connection "master"
[0m12:34:51.392531 [debug] [MainThread]: On master: COMMIT
[0m12:34:51.394201 [debug] [MainThread]: SQL status: OK in 0.001 seconds
[0m12:34:51.397168 [debug] [MainThread]: On master: Close
[0m12:34:51.398827 [debug] [MainThread]: Connection 'master' was properly closed.
[0m12:34:51.400465 [debug] [MainThread]: Connection 'test.dbt_euromillions_lkh.unique_silver_draws_draw_date.03c184d046' was properly closed.
[0m12:34:51.402236 [debug] [MainThread]: Connection 'test.dbt_euromillions_lkh.not_null_silver_draws_jackpot_currency.31b25a4566' was properly closed.
[0m12:34:51.404916 [debug] [MainThread]: Connection 'test.dbt_euromillions_lkh.unique_gold_jackpot_trends_draw_year.90f6030c91' was properly closed.
[0m12:34:51.406426 [debug] [MainThread]: Connection 'test.dbt_euromillions_lkh.unique_silver_draws_draw_id.c66d8e5ebd' was properly closed.
[0m12:34:51.408257 [info ] [MainThread]: 
[0m12:34:51.411884 [info ] [MainThread]: Finished running 10 data tests in 0 hours 0 minutes and 0.93 seconds (0.93s).
[0m12:34:51.418758 [debug] [MainThread]: Command end result
[0m12:34:51.472887 [debug] [MainThread]: Wrote artifact WritableManifest to dbt_euromillions_lkh/target/manifest.json
[0m12:34:51.481434 [debug] [MainThread]: Wrote artifact SemanticManifest to dbt_euromillions_lkh/target/semantic_manifest.json
[0m12:34:51.500323 [debug] [MainThread]: Wrote artifact RunExecutionResult to dbt_euromillions_lkh/target/run_results.json
[0m12:34:51.502786 [info ] [MainThread]: 
[0m12:34:51.504946 [info ] [MainThread]: [32mCompleted successfully[0m
[0m12:34:51.508426 [info ] [MainThread]: 
[0m12:34:51.510726 [info ] [MainThread]: Done. PASS=10 WARN=0 ERROR=0 SKIP=0 NO-OP=0 TOTAL=10
[0m12:34:51.516170 [debug] [MainThread]: Resource report: {"command_name": "test", "command_success": true, "command_wall_clock_time": 2.3539383, "process_in_blocks": "2400", "process_kernel_time": 0.521571, "process_mem_max_rss": "159828", "process_out_blocks": "0", "process_user_time": 3.363932}
[0m12:34:51.520384 [debug] [MainThread]: Command `dbt test` succeeded at 12:34:51.520163 after 2.36 seconds
[0m12:34:51.522490 [debug] [MainThread]: Sending event: {'category': 'dbt', 'action': 'invocation', 'label': 'end', 'context': [<snowplow_tracker.self_describing_json.SelfDescribingJson object at 0x7ab5066cc310>, <snowplow_tracker.self_describing_json.SelfDescribingJson object at 0x7ab505647e90>, <snowplow_tracker.self_describing_json.SelfDescribingJson object at 0x7ab505647d90>]}
[0m12:34:51.524584 [debug] [MainThread]: Flushing usage events
[0m12:34:51.945699 [debug] [MainThread]: An error was encountered while trying to flush usage events
[0m12:38:37.561233 [debug] [MainThread]: Sending event: {'category': 'dbt', 'action': 'invocation', 'label': 'start', 'context': [<snowplow_tracker.self_describing_json.SelfDescribingJson object at 0x702e12828050>, <snowplow_tracker.self_describing_json.SelfDescribingJson object at 0x702e12828510>, <snowplow_tracker.self_describing_json.SelfDescribingJson object at 0x702e12829910>]}


============================== 12:38:37.566457 | 73bc2ede-2c8c-4c1f-8154-3e904d640def ==============================
[0m12:38:37.566457 [info ] [MainThread]: Running with dbt=1.10.6
[0m12:38:37.574627 [debug] [MainThread]: running dbt with arguments {'printer_width': '80', 'indirect_selection': 'eager', 'write_json': 'True', 'log_cache_events': 'False', 'partial_parse': 'True', 'cache_selected_only': 'False', 'warn_error': 'None', 'fail_fast': 'False', 'debug': 'False', 'log_path': 'dbt_euromillions_lkh/logs', 'version_check': 'True', 'profiles_dir': '/root/.dbt', 'use_colors': 'True', 'use_experimental_parser': 'False', 'no_print': 'None', 'quiet': 'False', 'empty': 'False', 'warn_error_options': 'WarnErrorOptionsV2(error=[], warn=[], silence=[])', 'static_parser': 'True', 'invocation_command': 'dbt run --project-dir dbt_euromillions_lkh', 'introspect': 'True', 'target_path': 'None', 'log_format': 'default', 'send_anonymous_usage_stats': 'True'}
[0m12:38:37.835799 [debug] [MainThread]: Sending event: {'category': 'dbt', 'action': 'project_id', 'label': '73bc2ede-2c8c-4c1f-8154-3e904d640def', 'context': [<snowplow_tracker.self_describing_json.SelfDescribingJson object at 0x702e1282a510>]}
[0m12:38:37.939067 [debug] [MainThread]: Sending event: {'category': 'dbt', 'action': 'adapter_info', 'label': '73bc2ede-2c8c-4c1f-8154-3e904d640def', 'context': [<snowplow_tracker.self_describing_json.SelfDescribingJson object at 0x702e158a0650>]}
[0m12:38:37.942723 [info ] [MainThread]: Registered adapter: duckdb=1.9.4
[0m12:38:38.061431 [debug] [MainThread]: checksum: f6e4baf4de20596ffb9d14e6ef805989eb0e1950dedc3cc83d03f20aa023904c, vars: {}, profile: , target: , version: 1.10.6
[0m12:38:38.379287 [debug] [MainThread]: Partial parsing enabled: 0 files deleted, 0 files added, 0 files changed.
[0m12:38:38.381034 [debug] [MainThread]: Partial parsing enabled, no changes found, skipping parsing
[0m12:38:38.428222 [debug] [MainThread]: Sending event: {'category': 'dbt', 'action': 'load_project', 'label': '73bc2ede-2c8c-4c1f-8154-3e904d640def', 'context': [<snowplow_tracker.self_describing_json.SelfDescribingJson object at 0x702e127a08d0>]}
[0m12:38:38.551894 [debug] [MainThread]: Wrote artifact WritableManifest to dbt_euromillions_lkh/target/manifest.json
[0m12:38:38.562830 [debug] [MainThread]: Wrote artifact SemanticManifest to dbt_euromillions_lkh/target/semantic_manifest.json
[0m12:38:38.618946 [debug] [MainThread]: Sending event: {'category': 'dbt', 'action': 'resource_counts', 'label': '73bc2ede-2c8c-4c1f-8154-3e904d640def', 'context': [<snowplow_tracker.self_describing_json.SelfDescribingJson object at 0x702e0e6b35d0>]}
[0m12:38:38.621747 [info ] [MainThread]: Found 2 models, 10 data tests, 429 macros
[0m12:38:38.624618 [debug] [MainThread]: Sending event: {'category': 'dbt', 'action': 'runnable_timing', 'label': '73bc2ede-2c8c-4c1f-8154-3e904d640def', 'context': [<snowplow_tracker.self_describing_json.SelfDescribingJson object at 0x702e0e6b2510>]}
[0m12:38:38.630311 [info ] [MainThread]: 
[0m12:38:38.632368 [info ] [MainThread]: Concurrency: 4 threads (target='dev')
[0m12:38:38.635252 [info ] [MainThread]: 
[0m12:38:38.638927 [debug] [MainThread]: Acquiring new duckdb connection 'master'
[0m12:38:38.658223 [debug] [ThreadPool]: Acquiring new duckdb connection 'list_analytics'
[0m12:38:38.797237 [debug] [ThreadPool]: Using duckdb connection "list_analytics"
[0m12:38:38.798386 [debug] [ThreadPool]: On list_analytics: /* {"app": "dbt", "dbt_version": "1.10.6", "profile_name": "dbt_euromillions_lkh", "target_name": "dev", "connection_name": "list_analytics"} */

    
    select schema_name
    from system.information_schema.schemata
    
    where lower(catalog_name) = '"analytics"'
    
  
  
[0m12:38:38.800860 [debug] [ThreadPool]: Opening a new connection, currently in state init
[0m12:38:38.840698 [debug] [ThreadPool]: SQL status: OK in 0.040 seconds
[0m12:38:38.844551 [debug] [ThreadPool]: On list_analytics: Close
[0m12:38:38.847144 [debug] [ThreadPool]: Re-using an available connection from the pool (formerly list_analytics, now create_analytics_main)
[0m12:38:38.849290 [debug] [ThreadPool]: Creating schema "database: "analytics"
schema: "main"
"
[0m12:38:38.860675 [debug] [ThreadPool]: Using duckdb connection "create_analytics_main"
[0m12:38:38.862142 [debug] [ThreadPool]: On create_analytics_main: /* {"app": "dbt", "dbt_version": "1.10.6", "profile_name": "dbt_euromillions_lkh", "target_name": "dev", "connection_name": "create_analytics_main"} */

    
        select type from duckdb_databases()
        where lower(database_name)='analytics'
        and type='sqlite'
    
  
[0m12:38:38.863571 [debug] [ThreadPool]: Opening a new connection, currently in state closed
[0m12:38:38.867134 [debug] [ThreadPool]: SQL status: OK in 0.003 seconds
[0m12:38:38.871378 [debug] [ThreadPool]: Using duckdb connection "create_analytics_main"
[0m12:38:38.873035 [debug] [ThreadPool]: On create_analytics_main: BEGIN
[0m12:38:38.875717 [debug] [ThreadPool]: SQL status: OK in 0.001 seconds
[0m12:38:38.877104 [debug] [ThreadPool]: Using duckdb connection "create_analytics_main"
[0m12:38:38.878365 [debug] [ThreadPool]: On create_analytics_main: /* {"app": "dbt", "dbt_version": "1.10.6", "profile_name": "dbt_euromillions_lkh", "target_name": "dev", "connection_name": "create_analytics_main"} */

    
    
        create schema if not exists "analytics"."main"
    
[0m12:38:38.880310 [debug] [ThreadPool]: SQL status: OK in 0.001 seconds
[0m12:38:38.882388 [debug] [ThreadPool]: On create_analytics_main: COMMIT
[0m12:38:38.883781 [debug] [ThreadPool]: Using duckdb connection "create_analytics_main"
[0m12:38:38.885007 [debug] [ThreadPool]: On create_analytics_main: COMMIT
[0m12:38:38.887143 [debug] [ThreadPool]: SQL status: OK in 0.001 seconds
[0m12:38:38.888518 [debug] [ThreadPool]: On create_analytics_main: Close
[0m12:38:38.891168 [debug] [ThreadPool]: Re-using an available connection from the pool (formerly create_analytics_main, now list_analytics_main)
[0m12:38:38.898234 [debug] [ThreadPool]: Using duckdb connection "list_analytics_main"
[0m12:38:38.899614 [debug] [ThreadPool]: On list_analytics_main: BEGIN
[0m12:38:38.901202 [debug] [ThreadPool]: Opening a new connection, currently in state closed
[0m12:38:38.903412 [debug] [ThreadPool]: SQL status: OK in 0.002 seconds
[0m12:38:38.905189 [debug] [ThreadPool]: Using duckdb connection "list_analytics_main"
[0m12:38:38.906638 [debug] [ThreadPool]: On list_analytics_main: /* {"app": "dbt", "dbt_version": "1.10.6", "profile_name": "dbt_euromillions_lkh", "target_name": "dev", "connection_name": "list_analytics_main"} */
select
      'analytics' as database,
      table_name as name,
      table_schema as schema,
      CASE table_type
        WHEN 'BASE TABLE' THEN 'table'
        WHEN 'VIEW' THEN 'view'
        WHEN 'LOCAL TEMPORARY' THEN 'table'
        END as type
    from system.information_schema.tables
    where lower(table_schema) = 'main'
    and lower(table_catalog) = 'analytics'
  
[0m12:38:38.924885 [debug] [ThreadPool]: SQL status: OK in 0.017 seconds
[0m12:38:38.927769 [debug] [ThreadPool]: On list_analytics_main: ROLLBACK
[0m12:38:38.930062 [debug] [ThreadPool]: Failed to rollback 'list_analytics_main'
[0m12:38:38.931713 [debug] [ThreadPool]: On list_analytics_main: Close
[0m12:38:38.936559 [debug] [MainThread]: Sending event: {'category': 'dbt', 'action': 'runnable_timing', 'label': '73bc2ede-2c8c-4c1f-8154-3e904d640def', 'context': [<snowplow_tracker.self_describing_json.SelfDescribingJson object at 0x702e0e7b04d0>]}
[0m12:38:38.938760 [debug] [MainThread]: Using duckdb connection "master"
[0m12:38:38.940591 [debug] [MainThread]: On master: BEGIN
[0m12:38:38.942400 [debug] [MainThread]: Opening a new connection, currently in state init
[0m12:38:38.944740 [debug] [MainThread]: SQL status: OK in 0.002 seconds
[0m12:38:38.946234 [debug] [MainThread]: On master: COMMIT
[0m12:38:38.947630 [debug] [MainThread]: Using duckdb connection "master"
[0m12:38:38.949296 [debug] [MainThread]: On master: COMMIT
[0m12:38:38.951898 [debug] [MainThread]: SQL status: OK in 0.001 seconds
[0m12:38:38.953268 [debug] [MainThread]: On master: Close
[0m12:38:38.963052 [debug] [Thread-1 (]: Began running node model.dbt_euromillions_lkh.silver_draws
[0m12:38:38.964767 [info ] [Thread-1 (]: 1 of 2 START sql view model main.silver_draws .................................. [RUN]
[0m12:38:38.968295 [debug] [Thread-1 (]: Re-using an available connection from the pool (formerly list_analytics_main, now model.dbt_euromillions_lkh.silver_draws)
[0m12:38:38.970454 [debug] [Thread-1 (]: Began compiling node model.dbt_euromillions_lkh.silver_draws
[0m12:38:38.979662 [debug] [Thread-1 (]: Writing injected SQL for node "model.dbt_euromillions_lkh.silver_draws"
[0m12:38:38.990585 [debug] [Thread-1 (]: Began executing node model.dbt_euromillions_lkh.silver_draws
[0m12:38:39.036909 [debug] [Thread-1 (]: Writing runtime sql for node "model.dbt_euromillions_lkh.silver_draws"
[0m12:38:39.047594 [debug] [Thread-1 (]: Using duckdb connection "model.dbt_euromillions_lkh.silver_draws"
[0m12:38:39.049742 [debug] [Thread-1 (]: On model.dbt_euromillions_lkh.silver_draws: BEGIN
[0m12:38:39.051624 [debug] [Thread-1 (]: Opening a new connection, currently in state closed
[0m12:38:39.054077 [debug] [Thread-1 (]: SQL status: OK in 0.002 seconds
[0m12:38:39.055762 [debug] [Thread-1 (]: Using duckdb connection "model.dbt_euromillions_lkh.silver_draws"
[0m12:38:39.057529 [debug] [Thread-1 (]: On model.dbt_euromillions_lkh.silver_draws: /* {"app": "dbt", "dbt_version": "1.10.6", "profile_name": "dbt_euromillions_lkh", "target_name": "dev", "node_id": "model.dbt_euromillions_lkh.silver_draws"} */

  
  create view "analytics"."main"."silver_draws__dbt_tmp" as (
    select
    draw_id,
    draw_date,
    jackpot_amount,

    'EUR' as jackpot_currency,

    year(draw_date) as draw_year,

    month(draw_date) as draw_month

from raw_bronze_draws

where jackpot_amount > 0
  );

[0m12:38:39.060235 [debug] [Thread-1 (]: SQL status: OK in 0.001 seconds
[0m12:38:39.070035 [debug] [Thread-1 (]: Using duckdb connection "model.dbt_euromillions_lkh.silver_draws"
[0m12:38:39.071577 [debug] [Thread-1 (]: On model.dbt_euromillions_lkh.silver_draws: /* {"app": "dbt", "dbt_version": "1.10.6", "profile_name": "dbt_euromillions_lkh", "target_name": "dev", "node_id": "model.dbt_euromillions_lkh.silver_draws"} */
alter view "analytics"."main"."silver_draws__dbt_tmp" rename to "silver_draws"
[0m12:38:39.074070 [debug] [Thread-1 (]: SQL status: OK in 0.001 seconds
[0m12:38:39.087225 [debug] [Thread-1 (]: On model.dbt_euromillions_lkh.silver_draws: COMMIT
[0m12:38:39.088568 [debug] [Thread-1 (]: Using duckdb connection "model.dbt_euromillions_lkh.silver_draws"
[0m12:38:39.090112 [debug] [Thread-1 (]: On model.dbt_euromillions_lkh.silver_draws: COMMIT
[0m12:38:39.097653 [debug] [Thread-1 (]: SQL status: OK in 0.006 seconds
[0m12:38:39.110672 [debug] [Thread-1 (]: Using duckdb connection "model.dbt_euromillions_lkh.silver_draws"
[0m12:38:39.112068 [debug] [Thread-1 (]: On model.dbt_euromillions_lkh.silver_draws: /* {"app": "dbt", "dbt_version": "1.10.6", "profile_name": "dbt_euromillions_lkh", "target_name": "dev", "node_id": "model.dbt_euromillions_lkh.silver_draws"} */

      drop view if exists "analytics"."main"."silver_draws__dbt_backup" cascade
    
[0m12:38:39.114315 [debug] [Thread-1 (]: SQL status: OK in 0.001 seconds
[0m12:38:39.118517 [debug] [Thread-1 (]: On model.dbt_euromillions_lkh.silver_draws: Close
[0m12:38:39.121802 [debug] [Thread-1 (]: Sending event: {'category': 'dbt', 'action': 'run_model', 'label': '73bc2ede-2c8c-4c1f-8154-3e904d640def', 'context': [<snowplow_tracker.self_describing_json.SelfDescribingJson object at 0x702e0e3f8e10>]}
[0m12:38:39.123647 [info ] [Thread-1 (]: 1 of 2 OK created sql view model main.silver_draws ............................. [[32mOK[0m in 0.15s]
[0m12:38:39.125881 [debug] [Thread-1 (]: Finished running node model.dbt_euromillions_lkh.silver_draws
[0m12:38:39.128489 [debug] [Thread-3 (]: Began running node model.dbt_euromillions_lkh.gold_jackpot_trends
[0m12:38:39.130351 [info ] [Thread-3 (]: 2 of 2 START sql incremental model main.gold_jackpot_trends .................... [RUN]
[0m12:38:39.132515 [debug] [Thread-3 (]: Acquiring new duckdb connection 'model.dbt_euromillions_lkh.gold_jackpot_trends'
[0m12:38:39.134978 [debug] [Thread-3 (]: Began compiling node model.dbt_euromillions_lkh.gold_jackpot_trends
[0m12:38:39.147122 [debug] [Thread-3 (]: Writing injected SQL for node "model.dbt_euromillions_lkh.gold_jackpot_trends"
[0m12:38:39.158945 [debug] [Thread-3 (]: Began executing node model.dbt_euromillions_lkh.gold_jackpot_trends
[0m12:38:39.222092 [debug] [Thread-3 (]: Using duckdb connection "model.dbt_euromillions_lkh.gold_jackpot_trends"
[0m12:38:39.223857 [debug] [Thread-3 (]: On model.dbt_euromillions_lkh.gold_jackpot_trends: /* {"app": "dbt", "dbt_version": "1.10.6", "profile_name": "dbt_euromillions_lkh", "target_name": "dev", "node_id": "model.dbt_euromillions_lkh.gold_jackpot_trends"} */

    
  
    
    

    create temporary table
      "gold_jackpot_trends__dbt_tmp20260520123839204022"
  
    as (
      

with source_data as (

    select *
    from "analytics"."main"."silver_draws"

),

aggregated as (

    select
        year(draw_date) as draw_year,

        count(*) as total_draws,

        avg(jackpot_amount) as avg_jackpot,

        max(jackpot_amount) as max_jackpot,

        min(jackpot_amount) as min_jackpot,

        sum(jackpot_amount) as total_jackpot_amount

    from source_data

    group by 1

)

select *
from aggregated



where draw_year not in (
    select draw_year
    from "analytics"."main"."gold_jackpot_trends"
)


    );
  
  
  
[0m12:38:39.225351 [debug] [Thread-3 (]: Opening a new connection, currently in state init
[0m12:38:39.233849 [debug] [Thread-3 (]: SQL status: OK in 0.008 seconds
[0m12:38:39.245249 [debug] [Thread-3 (]: Using duckdb connection "model.dbt_euromillions_lkh.gold_jackpot_trends"
[0m12:38:39.247224 [debug] [Thread-3 (]: On model.dbt_euromillions_lkh.gold_jackpot_trends: BEGIN
[0m12:38:39.249776 [debug] [Thread-3 (]: SQL status: OK in 0.001 seconds
[0m12:38:39.251803 [debug] [Thread-3 (]: Using duckdb connection "model.dbt_euromillions_lkh.gold_jackpot_trends"
[0m12:38:39.253855 [debug] [Thread-3 (]: On model.dbt_euromillions_lkh.gold_jackpot_trends: /* {"app": "dbt", "dbt_version": "1.10.6", "profile_name": "dbt_euromillions_lkh", "target_name": "dev", "node_id": "model.dbt_euromillions_lkh.gold_jackpot_trends"} */

      select
          column_name,
          data_type,
          character_maximum_length,
          numeric_precision,
          numeric_scale

      from system.information_schema.columns
      where table_name = 'gold_jackpot_trends__dbt_tmp20260520123839204022'
      
      
      order by ordinal_position

  
[0m12:38:39.258140 [debug] [Thread-3 (]: SQL status: OK in 0.003 seconds
[0m12:38:39.264675 [debug] [Thread-3 (]: Using duckdb connection "model.dbt_euromillions_lkh.gold_jackpot_trends"
[0m12:38:39.266564 [debug] [Thread-3 (]: On model.dbt_euromillions_lkh.gold_jackpot_trends: /* {"app": "dbt", "dbt_version": "1.10.6", "profile_name": "dbt_euromillions_lkh", "target_name": "dev", "node_id": "model.dbt_euromillions_lkh.gold_jackpot_trends"} */

      select
          column_name,
          data_type,
          character_maximum_length,
          numeric_precision,
          numeric_scale

      from system.information_schema.columns
      where table_name = 'gold_jackpot_trends'
      
      and lower(table_schema) = 'main'
      
      
      and lower(table_catalog) = 'analytics'
      
      order by ordinal_position

  
[0m12:38:39.273053 [debug] [Thread-3 (]: SQL status: OK in 0.004 seconds
[0m12:38:39.290575 [debug] [Thread-3 (]: Using duckdb connection "model.dbt_euromillions_lkh.gold_jackpot_trends"
[0m12:38:39.292381 [debug] [Thread-3 (]: On model.dbt_euromillions_lkh.gold_jackpot_trends: /* {"app": "dbt", "dbt_version": "1.10.6", "profile_name": "dbt_euromillions_lkh", "target_name": "dev", "node_id": "model.dbt_euromillions_lkh.gold_jackpot_trends"} */

      select
          column_name,
          data_type,
          character_maximum_length,
          numeric_precision,
          numeric_scale

      from system.information_schema.columns
      where table_name = 'gold_jackpot_trends'
      
      and lower(table_schema) = 'main'
      
      
      and lower(table_catalog) = 'analytics'
      
      order by ordinal_position

  
[0m12:38:39.299580 [debug] [Thread-3 (]: SQL status: OK in 0.005 seconds
[0m12:38:39.334012 [debug] [Thread-3 (]: Writing runtime sql for node "model.dbt_euromillions_lkh.gold_jackpot_trends"
[0m12:38:39.345323 [debug] [Thread-3 (]: Using duckdb connection "model.dbt_euromillions_lkh.gold_jackpot_trends"
[0m12:38:39.346804 [debug] [Thread-3 (]: On model.dbt_euromillions_lkh.gold_jackpot_trends: /* {"app": "dbt", "dbt_version": "1.10.6", "profile_name": "dbt_euromillions_lkh", "target_name": "dev", "node_id": "model.dbt_euromillions_lkh.gold_jackpot_trends"} */

        
            delete from "analytics"."main"."gold_jackpot_trends"
            where (
                draw_year) in (
                select (draw_year)
                from "gold_jackpot_trends__dbt_tmp20260520123839204022"
            );

        
    

    insert into "analytics"."main"."gold_jackpot_trends" ("draw_year", "total_draws", "avg_jackpot", "max_jackpot", "min_jackpot", "total_jackpot_amount")
    (
        select "draw_year", "total_draws", "avg_jackpot", "max_jackpot", "min_jackpot", "total_jackpot_amount"
        from "gold_jackpot_trends__dbt_tmp20260520123839204022"
    )
  
[0m12:38:39.351145 [debug] [Thread-3 (]: SQL status: OK in 0.003 seconds
[0m12:38:39.355078 [debug] [Thread-3 (]: On model.dbt_euromillions_lkh.gold_jackpot_trends: COMMIT
[0m12:38:39.357297 [debug] [Thread-3 (]: Using duckdb connection "model.dbt_euromillions_lkh.gold_jackpot_trends"
[0m12:38:39.359279 [debug] [Thread-3 (]: On model.dbt_euromillions_lkh.gold_jackpot_trends: COMMIT
[0m12:38:39.361522 [debug] [Thread-3 (]: SQL status: OK in 0.001 seconds
[0m12:38:39.364159 [debug] [Thread-3 (]: On model.dbt_euromillions_lkh.gold_jackpot_trends: Close
[0m12:38:39.366918 [debug] [Thread-3 (]: Sending event: {'category': 'dbt', 'action': 'run_model', 'label': '73bc2ede-2c8c-4c1f-8154-3e904d640def', 'context': [<snowplow_tracker.self_describing_json.SelfDescribingJson object at 0x702e12792490>]}
[0m12:38:39.369154 [info ] [Thread-3 (]: 2 of 2 OK created sql incremental model main.gold_jackpot_trends ............... [[32mOK[0m in 0.23s]
[0m12:38:39.371510 [debug] [Thread-3 (]: Finished running node model.dbt_euromillions_lkh.gold_jackpot_trends
[0m12:38:39.375642 [debug] [MainThread]: Using duckdb connection "master"
[0m12:38:39.377263 [debug] [MainThread]: On master: BEGIN
[0m12:38:39.378853 [debug] [MainThread]: Opening a new connection, currently in state closed
[0m12:38:39.381154 [debug] [MainThread]: SQL status: OK in 0.002 seconds
[0m12:38:39.382732 [debug] [MainThread]: On master: COMMIT
[0m12:38:39.384621 [debug] [MainThread]: Using duckdb connection "master"
[0m12:38:39.385824 [debug] [MainThread]: On master: COMMIT
[0m12:38:39.387861 [debug] [MainThread]: SQL status: OK in 0.001 seconds
[0m12:38:39.389086 [debug] [MainThread]: On master: Close
[0m12:38:39.390382 [debug] [MainThread]: Connection 'master' was properly closed.
[0m12:38:39.391498 [debug] [MainThread]: Connection 'model.dbt_euromillions_lkh.silver_draws' was properly closed.
[0m12:38:39.392608 [debug] [MainThread]: Connection 'model.dbt_euromillions_lkh.gold_jackpot_trends' was properly closed.
[0m12:38:39.393750 [info ] [MainThread]: 
[0m12:38:39.397257 [info ] [MainThread]: Finished running 1 incremental model, 1 view model in 0 hours 0 minutes and 0.76 seconds (0.76s).
[0m12:38:39.402794 [debug] [MainThread]: Command end result
[0m12:38:39.462308 [debug] [MainThread]: Wrote artifact WritableManifest to dbt_euromillions_lkh/target/manifest.json
[0m12:38:39.470449 [debug] [MainThread]: Wrote artifact SemanticManifest to dbt_euromillions_lkh/target/semantic_manifest.json
[0m12:38:39.483823 [debug] [MainThread]: Wrote artifact RunExecutionResult to dbt_euromillions_lkh/target/run_results.json
[0m12:38:39.485319 [info ] [MainThread]: 
[0m12:38:39.487689 [info ] [MainThread]: [32mCompleted successfully[0m
[0m12:38:39.489964 [info ] [MainThread]: 
[0m12:38:39.492130 [info ] [MainThread]: Done. PASS=2 WARN=0 ERROR=0 SKIP=0 NO-OP=0 TOTAL=2
[0m12:38:39.495648 [debug] [MainThread]: Resource report: {"command_name": "run", "command_success": true, "command_wall_clock_time": 2.0201004, "process_in_blocks": "0", "process_kernel_time": 0.718281, "process_mem_max_rss": "159764", "process_out_blocks": "1496", "process_user_time": 3.748123}
[0m12:38:39.498332 [debug] [MainThread]: Command `dbt run` succeeded at 12:38:39.497784 after 2.02 seconds
[0m12:38:39.501573 [debug] [MainThread]: Sending event: {'category': 'dbt', 'action': 'invocation', 'label': 'end', 'context': [<snowplow_tracker.self_describing_json.SelfDescribingJson object at 0x702e12a60410>, <snowplow_tracker.self_describing_json.SelfDescribingJson object at 0x702e12b486d0>, <snowplow_tracker.self_describing_json.SelfDescribingJson object at 0x702e0d7c20d0>]}
[0m12:38:39.504232 [debug] [MainThread]: Flushing usage events
[0m12:38:39.945367 [debug] [MainThread]: An error was encountered while trying to flush usage events
[0m12:38:42.710774 [debug] [MainThread]: Sending event: {'category': 'dbt', 'action': 'invocation', 'label': 'start', 'context': [<snowplow_tracker.self_describing_json.SelfDescribingJson object at 0x7f306b742790>, <snowplow_tracker.self_describing_json.SelfDescribingJson object at 0x7f306b8ebf90>, <snowplow_tracker.self_describing_json.SelfDescribingJson object at 0x7f306b8f8490>]}


============================== 12:38:42.719979 | 55b638db-1904-40b9-ad5f-f8d5c67b2f07 ==============================
[0m12:38:42.719979 [info ] [MainThread]: Running with dbt=1.10.6
[0m12:38:42.723756 [debug] [MainThread]: running dbt with arguments {'printer_width': '80', 'indirect_selection': 'eager', 'log_cache_events': 'False', 'write_json': 'True', 'partial_parse': 'True', 'cache_selected_only': 'False', 'profiles_dir': '/root/.dbt', 'debug': 'False', 'version_check': 'True', 'log_path': 'dbt_euromillions_lkh/logs', 'warn_error': 'None', 'fail_fast': 'False', 'use_colors': 'True', 'use_experimental_parser': 'False', 'empty': 'None', 'quiet': 'False', 'no_print': 'None', 'log_format': 'default', 'introspect': 'True', 'warn_error_options': 'WarnErrorOptionsV2(error=[], warn=[], silence=[])', 'static_parser': 'True', 'target_path': 'None', 'invocation_command': 'dbt test --project-dir dbt_euromillions_lkh', 'send_anonymous_usage_stats': 'True'}
[0m12:38:43.032109 [debug] [MainThread]: Sending event: {'category': 'dbt', 'action': 'project_id', 'label': '55b638db-1904-40b9-ad5f-f8d5c67b2f07', 'context': [<snowplow_tracker.self_describing_json.SelfDescribingJson object at 0x7f306b606ed0>]}
[0m12:38:43.136668 [debug] [MainThread]: Sending event: {'category': 'dbt', 'action': 'adapter_info', 'label': '55b638db-1904-40b9-ad5f-f8d5c67b2f07', 'context': [<snowplow_tracker.self_describing_json.SelfDescribingJson object at 0x7f306e741c10>]}
[0m12:38:43.139895 [info ] [MainThread]: Registered adapter: duckdb=1.9.4
[0m12:38:43.276643 [debug] [MainThread]: checksum: f6e4baf4de20596ffb9d14e6ef805989eb0e1950dedc3cc83d03f20aa023904c, vars: {}, profile: , target: , version: 1.10.6
[0m12:38:43.627342 [debug] [MainThread]: Partial parsing enabled: 0 files deleted, 0 files added, 0 files changed.
[0m12:38:43.629339 [debug] [MainThread]: Partial parsing enabled, no changes found, skipping parsing
[0m12:38:43.691464 [debug] [MainThread]: Sending event: {'category': 'dbt', 'action': 'load_project', 'label': '55b638db-1904-40b9-ad5f-f8d5c67b2f07', 'context': [<snowplow_tracker.self_describing_json.SelfDescribingJson object at 0x7f30675a5910>]}
[0m12:38:43.818467 [debug] [MainThread]: Wrote artifact WritableManifest to dbt_euromillions_lkh/target/manifest.json
[0m12:38:43.831132 [debug] [MainThread]: Wrote artifact SemanticManifest to dbt_euromillions_lkh/target/semantic_manifest.json
[0m12:38:43.900297 [debug] [MainThread]: Sending event: {'category': 'dbt', 'action': 'resource_counts', 'label': '55b638db-1904-40b9-ad5f-f8d5c67b2f07', 'context': [<snowplow_tracker.self_describing_json.SelfDescribingJson object at 0x7f3067167950>]}
[0m12:38:43.904836 [info ] [MainThread]: Found 2 models, 10 data tests, 429 macros
[0m12:38:43.910125 [debug] [MainThread]: Sending event: {'category': 'dbt', 'action': 'runnable_timing', 'label': '55b638db-1904-40b9-ad5f-f8d5c67b2f07', 'context': [<snowplow_tracker.self_describing_json.SelfDescribingJson object at 0x7f306756f190>]}
[0m12:38:43.920924 [info ] [MainThread]: 
[0m12:38:43.924078 [info ] [MainThread]: Concurrency: 4 threads (target='dev')
[0m12:38:43.927192 [info ] [MainThread]: 
[0m12:38:43.932232 [debug] [MainThread]: Acquiring new duckdb connection 'master'
[0m12:38:43.951885 [debug] [ThreadPool]: Acquiring new duckdb connection 'list_analytics_main'
[0m12:38:44.096956 [debug] [ThreadPool]: Using duckdb connection "list_analytics_main"
[0m12:38:44.098716 [debug] [ThreadPool]: On list_analytics_main: BEGIN
[0m12:38:44.100084 [debug] [ThreadPool]: Opening a new connection, currently in state init
[0m12:38:44.130470 [debug] [ThreadPool]: SQL status: OK in 0.030 seconds
[0m12:38:44.132342 [debug] [ThreadPool]: Using duckdb connection "list_analytics_main"
[0m12:38:44.133628 [debug] [ThreadPool]: On list_analytics_main: /* {"app": "dbt", "dbt_version": "1.10.6", "profile_name": "dbt_euromillions_lkh", "target_name": "dev", "connection_name": "list_analytics_main"} */
select
      'analytics' as database,
      table_name as name,
      table_schema as schema,
      CASE table_type
        WHEN 'BASE TABLE' THEN 'table'
        WHEN 'VIEW' THEN 'view'
        WHEN 'LOCAL TEMPORARY' THEN 'table'
        END as type
    from system.information_schema.tables
    where lower(table_schema) = 'main'
    and lower(table_catalog) = 'analytics'
  
[0m12:38:44.153411 [debug] [ThreadPool]: SQL status: OK in 0.018 seconds
[0m12:38:44.157283 [debug] [ThreadPool]: On list_analytics_main: ROLLBACK
[0m12:38:44.159855 [debug] [ThreadPool]: Failed to rollback 'list_analytics_main'
[0m12:38:44.162295 [debug] [ThreadPool]: On list_analytics_main: Close
[0m12:38:44.166299 [debug] [MainThread]: Sending event: {'category': 'dbt', 'action': 'runnable_timing', 'label': '55b638db-1904-40b9-ad5f-f8d5c67b2f07', 'context': [<snowplow_tracker.self_describing_json.SelfDescribingJson object at 0x7f30674c8f90>]}
[0m12:38:44.168834 [debug] [MainThread]: Using duckdb connection "master"
[0m12:38:44.171484 [debug] [MainThread]: On master: BEGIN
[0m12:38:44.173734 [debug] [MainThread]: Opening a new connection, currently in state init
[0m12:38:44.176695 [debug] [MainThread]: SQL status: OK in 0.003 seconds
[0m12:38:44.178647 [debug] [MainThread]: On master: COMMIT
[0m12:38:44.181067 [debug] [MainThread]: Using duckdb connection "master"
[0m12:38:44.183317 [debug] [MainThread]: On master: COMMIT
[0m12:38:44.186102 [debug] [MainThread]: SQL status: OK in 0.001 seconds
[0m12:38:44.188255 [debug] [MainThread]: On master: Close
[0m12:38:44.196855 [debug] [Thread-1 (]: Began running node test.dbt_euromillions_lkh.not_null_gold_jackpot_trends_avg_jackpot.c8e8982f74
[0m12:38:44.197948 [debug] [Thread-2 (]: Began running node test.dbt_euromillions_lkh.not_null_gold_jackpot_trends_draw_year.3193289f27
[0m12:38:44.198930 [debug] [Thread-3 (]: Began running node test.dbt_euromillions_lkh.not_null_gold_jackpot_trends_total_draws.2ec2f51beb
[0m12:38:44.200083 [debug] [Thread-4 (]: Began running node test.dbt_euromillions_lkh.not_null_silver_draws_draw_date.4bbef64017
[0m12:38:44.201732 [info ] [Thread-1 (]: 1 of 10 START test not_null_gold_jackpot_trends_avg_jackpot .................... [RUN]
[0m12:38:44.204103 [info ] [Thread-2 (]: 2 of 10 START test not_null_gold_jackpot_trends_draw_year ...................... [RUN]
[0m12:38:44.206709 [info ] [Thread-3 (]: 3 of 10 START test not_null_gold_jackpot_trends_total_draws .................... [RUN]
[0m12:38:44.209118 [info ] [Thread-4 (]: 4 of 10 START test not_null_silver_draws_draw_date ............................. [RUN]
[0m12:38:44.212426 [debug] [Thread-1 (]: Re-using an available connection from the pool (formerly list_analytics_main, now test.dbt_euromillions_lkh.not_null_gold_jackpot_trends_avg_jackpot.c8e8982f74)
[0m12:38:44.218338 [debug] [Thread-2 (]: Acquiring new duckdb connection 'test.dbt_euromillions_lkh.not_null_gold_jackpot_trends_draw_year.3193289f27'
[0m12:38:44.221511 [debug] [Thread-3 (]: Acquiring new duckdb connection 'test.dbt_euromillions_lkh.not_null_gold_jackpot_trends_total_draws.2ec2f51beb'
[0m12:38:44.223579 [debug] [Thread-4 (]: Acquiring new duckdb connection 'test.dbt_euromillions_lkh.not_null_silver_draws_draw_date.4bbef64017'
[0m12:38:44.225596 [debug] [Thread-1 (]: Began compiling node test.dbt_euromillions_lkh.not_null_gold_jackpot_trends_avg_jackpot.c8e8982f74
[0m12:38:44.227325 [debug] [Thread-2 (]: Began compiling node test.dbt_euromillions_lkh.not_null_gold_jackpot_trends_draw_year.3193289f27
[0m12:38:44.230371 [debug] [Thread-3 (]: Began compiling node test.dbt_euromillions_lkh.not_null_gold_jackpot_trends_total_draws.2ec2f51beb
[0m12:38:44.234492 [debug] [Thread-4 (]: Began compiling node test.dbt_euromillions_lkh.not_null_silver_draws_draw_date.4bbef64017
[0m12:38:44.270381 [debug] [Thread-1 (]: Writing injected SQL for node "test.dbt_euromillions_lkh.not_null_gold_jackpot_trends_avg_jackpot.c8e8982f74"
[0m12:38:44.272434 [debug] [Thread-2 (]: Writing injected SQL for node "test.dbt_euromillions_lkh.not_null_gold_jackpot_trends_draw_year.3193289f27"
[0m12:38:44.277934 [debug] [Thread-3 (]: Writing injected SQL for node "test.dbt_euromillions_lkh.not_null_gold_jackpot_trends_total_draws.2ec2f51beb"
[0m12:38:44.285351 [debug] [Thread-4 (]: Writing injected SQL for node "test.dbt_euromillions_lkh.not_null_silver_draws_draw_date.4bbef64017"
[0m12:38:44.296070 [debug] [Thread-1 (]: Began executing node test.dbt_euromillions_lkh.not_null_gold_jackpot_trends_avg_jackpot.c8e8982f74
[0m12:38:44.298606 [debug] [Thread-2 (]: Began executing node test.dbt_euromillions_lkh.not_null_gold_jackpot_trends_draw_year.3193289f27
[0m12:38:44.305457 [debug] [Thread-4 (]: Began executing node test.dbt_euromillions_lkh.not_null_silver_draws_draw_date.4bbef64017
[0m12:38:44.312546 [debug] [Thread-3 (]: Began executing node test.dbt_euromillions_lkh.not_null_gold_jackpot_trends_total_draws.2ec2f51beb
[0m12:38:44.332003 [debug] [Thread-1 (]: Writing runtime sql for node "test.dbt_euromillions_lkh.not_null_gold_jackpot_trends_avg_jackpot.c8e8982f74"
[0m12:38:44.335932 [debug] [Thread-2 (]: Writing runtime sql for node "test.dbt_euromillions_lkh.not_null_gold_jackpot_trends_draw_year.3193289f27"
[0m12:38:44.340033 [debug] [Thread-4 (]: Writing runtime sql for node "test.dbt_euromillions_lkh.not_null_silver_draws_draw_date.4bbef64017"
[0m12:38:44.343561 [debug] [Thread-3 (]: Writing runtime sql for node "test.dbt_euromillions_lkh.not_null_gold_jackpot_trends_total_draws.2ec2f51beb"
[0m12:38:44.358068 [debug] [Thread-1 (]: Using duckdb connection "test.dbt_euromillions_lkh.not_null_gold_jackpot_trends_avg_jackpot.c8e8982f74"
[0m12:38:44.359362 [debug] [Thread-2 (]: Using duckdb connection "test.dbt_euromillions_lkh.not_null_gold_jackpot_trends_draw_year.3193289f27"
[0m12:38:44.361548 [debug] [Thread-1 (]: On test.dbt_euromillions_lkh.not_null_gold_jackpot_trends_avg_jackpot.c8e8982f74: BEGIN
[0m12:38:44.363075 [debug] [Thread-4 (]: Using duckdb connection "test.dbt_euromillions_lkh.not_null_silver_draws_draw_date.4bbef64017"
[0m12:38:44.364458 [debug] [Thread-3 (]: Using duckdb connection "test.dbt_euromillions_lkh.not_null_gold_jackpot_trends_total_draws.2ec2f51beb"
[0m12:38:44.366103 [debug] [Thread-2 (]: On test.dbt_euromillions_lkh.not_null_gold_jackpot_trends_draw_year.3193289f27: BEGIN
[0m12:38:44.368547 [debug] [Thread-1 (]: Opening a new connection, currently in state closed
[0m12:38:44.370543 [debug] [Thread-4 (]: On test.dbt_euromillions_lkh.not_null_silver_draws_draw_date.4bbef64017: BEGIN
[0m12:38:44.373214 [debug] [Thread-3 (]: On test.dbt_euromillions_lkh.not_null_gold_jackpot_trends_total_draws.2ec2f51beb: BEGIN
[0m12:38:44.375097 [debug] [Thread-2 (]: Opening a new connection, currently in state init
[0m12:38:44.378239 [debug] [Thread-1 (]: SQL status: OK in 0.009 seconds
[0m12:38:44.380281 [debug] [Thread-4 (]: Opening a new connection, currently in state init
[0m12:38:44.382327 [debug] [Thread-3 (]: Opening a new connection, currently in state init
[0m12:38:44.385473 [debug] [Thread-2 (]: SQL status: OK in 0.010 seconds
[0m12:38:44.386705 [debug] [Thread-1 (]: Using duckdb connection "test.dbt_euromillions_lkh.not_null_gold_jackpot_trends_avg_jackpot.c8e8982f74"
[0m12:38:44.389119 [debug] [Thread-4 (]: SQL status: OK in 0.009 seconds
[0m12:38:44.390902 [debug] [Thread-3 (]: SQL status: OK in 0.009 seconds
[0m12:38:44.392252 [debug] [Thread-2 (]: Using duckdb connection "test.dbt_euromillions_lkh.not_null_gold_jackpot_trends_draw_year.3193289f27"
[0m12:38:44.394233 [debug] [Thread-1 (]: On test.dbt_euromillions_lkh.not_null_gold_jackpot_trends_avg_jackpot.c8e8982f74: /* {"app": "dbt", "dbt_version": "1.10.6", "profile_name": "dbt_euromillions_lkh", "target_name": "dev", "node_id": "test.dbt_euromillions_lkh.not_null_gold_jackpot_trends_avg_jackpot.c8e8982f74"} */

    select
      count(*) as failures,
      count(*) != 0 as should_warn,
      count(*) != 0 as should_error
    from (
      
    
  
    
    



select avg_jackpot
from "analytics"."main"."gold_jackpot_trends"
where avg_jackpot is null



  
  
      
    ) dbt_internal_test
[0m12:38:44.397021 [debug] [Thread-4 (]: Using duckdb connection "test.dbt_euromillions_lkh.not_null_silver_draws_draw_date.4bbef64017"
[0m12:38:44.399174 [debug] [Thread-3 (]: Using duckdb connection "test.dbt_euromillions_lkh.not_null_gold_jackpot_trends_total_draws.2ec2f51beb"
[0m12:38:44.400969 [debug] [Thread-2 (]: On test.dbt_euromillions_lkh.not_null_gold_jackpot_trends_draw_year.3193289f27: /* {"app": "dbt", "dbt_version": "1.10.6", "profile_name": "dbt_euromillions_lkh", "target_name": "dev", "node_id": "test.dbt_euromillions_lkh.not_null_gold_jackpot_trends_draw_year.3193289f27"} */

    select
      count(*) as failures,
      count(*) != 0 as should_warn,
      count(*) != 0 as should_error
    from (
      
    
  
    
    



select draw_year
from "analytics"."main"."gold_jackpot_trends"
where draw_year is null



  
  
      
    ) dbt_internal_test
[0m12:38:44.404442 [debug] [Thread-4 (]: On test.dbt_euromillions_lkh.not_null_silver_draws_draw_date.4bbef64017: /* {"app": "dbt", "dbt_version": "1.10.6", "profile_name": "dbt_euromillions_lkh", "target_name": "dev", "node_id": "test.dbt_euromillions_lkh.not_null_silver_draws_draw_date.4bbef64017"} */

    select
      count(*) as failures,
      count(*) != 0 as should_warn,
      count(*) != 0 as should_error
    from (
      
    
  
    
    



select draw_date
from "analytics"."main"."silver_draws"
where draw_date is null



  
  
      
    ) dbt_internal_test
[0m12:38:44.405258 [debug] [Thread-1 (]: SQL status: OK in 0.002 seconds
[0m12:38:44.407307 [debug] [Thread-3 (]: On test.dbt_euromillions_lkh.not_null_gold_jackpot_trends_total_draws.2ec2f51beb: /* {"app": "dbt", "dbt_version": "1.10.6", "profile_name": "dbt_euromillions_lkh", "target_name": "dev", "node_id": "test.dbt_euromillions_lkh.not_null_gold_jackpot_trends_total_draws.2ec2f51beb"} */

    select
      count(*) as failures,
      count(*) != 0 as should_warn,
      count(*) != 0 as should_error
    from (
      
    
  
    
    



select total_draws
from "analytics"."main"."gold_jackpot_trends"
where total_draws is null



  
  
      
    ) dbt_internal_test
[0m12:38:44.410779 [debug] [Thread-2 (]: SQL status: OK in 0.001 seconds
[0m12:38:44.419512 [debug] [Thread-1 (]: On test.dbt_euromillions_lkh.not_null_gold_jackpot_trends_avg_jackpot.c8e8982f74: ROLLBACK
[0m12:38:44.420000 [debug] [Thread-4 (]: SQL status: OK in 0.007 seconds
[0m12:38:44.423634 [debug] [Thread-2 (]: On test.dbt_euromillions_lkh.not_null_gold_jackpot_trends_draw_year.3193289f27: ROLLBACK
[0m12:38:44.424110 [debug] [Thread-3 (]: SQL status: OK in 0.003 seconds
[0m12:38:44.425416 [debug] [Thread-1 (]: Failed to rollback 'test.dbt_euromillions_lkh.not_null_gold_jackpot_trends_avg_jackpot.c8e8982f74'
[0m12:38:44.428936 [debug] [Thread-4 (]: On test.dbt_euromillions_lkh.not_null_silver_draws_draw_date.4bbef64017: ROLLBACK
[0m12:38:44.430880 [debug] [Thread-2 (]: Failed to rollback 'test.dbt_euromillions_lkh.not_null_gold_jackpot_trends_draw_year.3193289f27'
[0m12:38:44.433952 [debug] [Thread-3 (]: On test.dbt_euromillions_lkh.not_null_gold_jackpot_trends_total_draws.2ec2f51beb: ROLLBACK
[0m12:38:44.435353 [debug] [Thread-1 (]: On test.dbt_euromillions_lkh.not_null_gold_jackpot_trends_avg_jackpot.c8e8982f74: Close
[0m12:38:44.437594 [debug] [Thread-4 (]: Failed to rollback 'test.dbt_euromillions_lkh.not_null_silver_draws_draw_date.4bbef64017'
[0m12:38:44.438640 [debug] [Thread-2 (]: On test.dbt_euromillions_lkh.not_null_gold_jackpot_trends_draw_year.3193289f27: Close
[0m12:38:44.440503 [debug] [Thread-3 (]: Failed to rollback 'test.dbt_euromillions_lkh.not_null_gold_jackpot_trends_total_draws.2ec2f51beb'
[0m12:38:44.442661 [info ] [Thread-1 (]: 1 of 10 PASS not_null_gold_jackpot_trends_avg_jackpot .......................... [[32mPASS[0m in 0.23s]
[0m12:38:44.443717 [debug] [Thread-4 (]: On test.dbt_euromillions_lkh.not_null_silver_draws_draw_date.4bbef64017: Close
[0m12:38:44.446873 [info ] [Thread-2 (]: 2 of 10 PASS not_null_gold_jackpot_trends_draw_year ............................ [[32mPASS[0m in 0.23s]
[0m12:38:44.448673 [debug] [Thread-3 (]: On test.dbt_euromillions_lkh.not_null_gold_jackpot_trends_total_draws.2ec2f51beb: Close
[0m12:38:44.451468 [debug] [Thread-1 (]: Finished running node test.dbt_euromillions_lkh.not_null_gold_jackpot_trends_avg_jackpot.c8e8982f74
[0m12:38:44.455524 [info ] [Thread-4 (]: 4 of 10 PASS not_null_silver_draws_draw_date ................................... [[32mPASS[0m in 0.23s]
[0m12:38:44.457422 [debug] [Thread-2 (]: Finished running node test.dbt_euromillions_lkh.not_null_gold_jackpot_trends_draw_year.3193289f27
[0m12:38:44.459836 [info ] [Thread-3 (]: 3 of 10 PASS not_null_gold_jackpot_trends_total_draws .......................... [[32mPASS[0m in 0.24s]
[0m12:38:44.461406 [debug] [Thread-1 (]: Began running node test.dbt_euromillions_lkh.not_null_silver_draws_draw_id.b4a58f12ff
[0m12:38:44.464787 [debug] [Thread-4 (]: Finished running node test.dbt_euromillions_lkh.not_null_silver_draws_draw_date.4bbef64017
[0m12:38:44.467676 [debug] [Thread-2 (]: Began running node test.dbt_euromillions_lkh.not_null_silver_draws_jackpot_amount.e84383ce49
[0m12:38:44.469384 [debug] [Thread-3 (]: Finished running node test.dbt_euromillions_lkh.not_null_gold_jackpot_trends_total_draws.2ec2f51beb
[0m12:38:44.470668 [info ] [Thread-1 (]: 5 of 10 START test not_null_silver_draws_draw_id ............................... [RUN]
[0m12:38:44.472642 [debug] [Thread-4 (]: Began running node test.dbt_euromillions_lkh.not_null_silver_draws_jackpot_currency.31b25a4566
[0m12:38:44.474213 [info ] [Thread-2 (]: 6 of 10 START test not_null_silver_draws_jackpot_amount ........................ [RUN]
[0m12:38:44.476122 [debug] [Thread-3 (]: Began running node test.dbt_euromillions_lkh.unique_gold_jackpot_trends_draw_year.90f6030c91
[0m12:38:44.477912 [debug] [Thread-1 (]: Re-using an available connection from the pool (formerly test.dbt_euromillions_lkh.not_null_gold_jackpot_trends_avg_jackpot.c8e8982f74, now test.dbt_euromillions_lkh.not_null_silver_draws_draw_id.b4a58f12ff)
[0m12:38:44.480785 [info ] [Thread-4 (]: 7 of 10 START test not_null_silver_draws_jackpot_currency ...................... [RUN]
[0m12:38:44.484027 [debug] [Thread-2 (]: Re-using an available connection from the pool (formerly test.dbt_euromillions_lkh.not_null_gold_jackpot_trends_draw_year.3193289f27, now test.dbt_euromillions_lkh.not_null_silver_draws_jackpot_amount.e84383ce49)
[0m12:38:44.486281 [info ] [Thread-3 (]: 8 of 10 START test unique_gold_jackpot_trends_draw_year ........................ [RUN]
[0m12:38:44.487999 [debug] [Thread-1 (]: Began compiling node test.dbt_euromillions_lkh.not_null_silver_draws_draw_id.b4a58f12ff
[0m12:38:44.490353 [debug] [Thread-4 (]: Re-using an available connection from the pool (formerly test.dbt_euromillions_lkh.not_null_silver_draws_draw_date.4bbef64017, now test.dbt_euromillions_lkh.not_null_silver_draws_jackpot_currency.31b25a4566)
[0m12:38:44.491982 [debug] [Thread-2 (]: Began compiling node test.dbt_euromillions_lkh.not_null_silver_draws_jackpot_amount.e84383ce49
[0m12:38:44.493724 [debug] [Thread-3 (]: Re-using an available connection from the pool (formerly test.dbt_euromillions_lkh.not_null_gold_jackpot_trends_total_draws.2ec2f51beb, now test.dbt_euromillions_lkh.unique_gold_jackpot_trends_draw_year.90f6030c91)
[0m12:38:44.502979 [debug] [Thread-1 (]: Writing injected SQL for node "test.dbt_euromillions_lkh.not_null_silver_draws_draw_id.b4a58f12ff"
[0m12:38:44.504159 [debug] [Thread-4 (]: Began compiling node test.dbt_euromillions_lkh.not_null_silver_draws_jackpot_currency.31b25a4566
[0m12:38:44.514892 [debug] [Thread-2 (]: Writing injected SQL for node "test.dbt_euromillions_lkh.not_null_silver_draws_jackpot_amount.e84383ce49"
[0m12:38:44.516738 [debug] [Thread-3 (]: Began compiling node test.dbt_euromillions_lkh.unique_gold_jackpot_trends_draw_year.90f6030c91
[0m12:38:44.526013 [debug] [Thread-4 (]: Writing injected SQL for node "test.dbt_euromillions_lkh.not_null_silver_draws_jackpot_currency.31b25a4566"
[0m12:38:44.537820 [debug] [Thread-3 (]: Writing injected SQL for node "test.dbt_euromillions_lkh.unique_gold_jackpot_trends_draw_year.90f6030c91"
[0m12:38:44.539936 [debug] [Thread-1 (]: Began executing node test.dbt_euromillions_lkh.not_null_silver_draws_draw_id.b4a58f12ff
[0m12:38:44.541501 [debug] [Thread-2 (]: Began executing node test.dbt_euromillions_lkh.not_null_silver_draws_jackpot_amount.e84383ce49
[0m12:38:44.548498 [debug] [Thread-1 (]: Writing runtime sql for node "test.dbt_euromillions_lkh.not_null_silver_draws_draw_id.b4a58f12ff"
[0m12:38:44.556104 [debug] [Thread-4 (]: Began executing node test.dbt_euromillions_lkh.not_null_silver_draws_jackpot_currency.31b25a4566
[0m12:38:44.556736 [debug] [Thread-2 (]: Writing runtime sql for node "test.dbt_euromillions_lkh.not_null_silver_draws_jackpot_amount.e84383ce49"
[0m12:38:44.560088 [debug] [Thread-3 (]: Began executing node test.dbt_euromillions_lkh.unique_gold_jackpot_trends_draw_year.90f6030c91
[0m12:38:44.566079 [debug] [Thread-4 (]: Writing runtime sql for node "test.dbt_euromillions_lkh.not_null_silver_draws_jackpot_currency.31b25a4566"
[0m12:38:44.573530 [debug] [Thread-3 (]: Writing runtime sql for node "test.dbt_euromillions_lkh.unique_gold_jackpot_trends_draw_year.90f6030c91"
[0m12:38:44.576392 [debug] [Thread-1 (]: Using duckdb connection "test.dbt_euromillions_lkh.not_null_silver_draws_draw_id.b4a58f12ff"
[0m12:38:44.579552 [debug] [Thread-2 (]: Using duckdb connection "test.dbt_euromillions_lkh.not_null_silver_draws_jackpot_amount.e84383ce49"
[0m12:38:44.581049 [debug] [Thread-1 (]: On test.dbt_euromillions_lkh.not_null_silver_draws_draw_id.b4a58f12ff: BEGIN
[0m12:38:44.583369 [debug] [Thread-2 (]: On test.dbt_euromillions_lkh.not_null_silver_draws_jackpot_amount.e84383ce49: BEGIN
[0m12:38:44.584457 [debug] [Thread-4 (]: Using duckdb connection "test.dbt_euromillions_lkh.not_null_silver_draws_jackpot_currency.31b25a4566"
[0m12:38:44.586137 [debug] [Thread-1 (]: Opening a new connection, currently in state closed
[0m12:38:44.588363 [debug] [Thread-2 (]: Opening a new connection, currently in state closed
[0m12:38:44.589467 [debug] [Thread-3 (]: Using duckdb connection "test.dbt_euromillions_lkh.unique_gold_jackpot_trends_draw_year.90f6030c91"
[0m12:38:44.591062 [debug] [Thread-4 (]: On test.dbt_euromillions_lkh.not_null_silver_draws_jackpot_currency.31b25a4566: BEGIN
[0m12:38:44.593676 [debug] [Thread-1 (]: SQL status: OK in 0.007 seconds
[0m12:38:44.595915 [debug] [Thread-2 (]: SQL status: OK in 0.008 seconds
[0m12:38:44.596773 [debug] [Thread-3 (]: On test.dbt_euromillions_lkh.unique_gold_jackpot_trends_draw_year.90f6030c91: BEGIN
[0m12:38:44.598423 [debug] [Thread-4 (]: Opening a new connection, currently in state closed
[0m12:38:44.600565 [debug] [Thread-1 (]: Using duckdb connection "test.dbt_euromillions_lkh.not_null_silver_draws_draw_id.b4a58f12ff"
[0m12:38:44.602505 [debug] [Thread-2 (]: Using duckdb connection "test.dbt_euromillions_lkh.not_null_silver_draws_jackpot_amount.e84383ce49"
[0m12:38:44.605169 [debug] [Thread-3 (]: Opening a new connection, currently in state closed
[0m12:38:44.608018 [debug] [Thread-4 (]: SQL status: OK in 0.010 seconds
[0m12:38:44.609229 [debug] [Thread-1 (]: On test.dbt_euromillions_lkh.not_null_silver_draws_draw_id.b4a58f12ff: /* {"app": "dbt", "dbt_version": "1.10.6", "profile_name": "dbt_euromillions_lkh", "target_name": "dev", "node_id": "test.dbt_euromillions_lkh.not_null_silver_draws_draw_id.b4a58f12ff"} */

    select
      count(*) as failures,
      count(*) != 0 as should_warn,
      count(*) != 0 as should_error
    from (
      
    
  
    
    



select draw_id
from "analytics"."main"."silver_draws"
where draw_id is null



  
  
      
    ) dbt_internal_test
[0m12:38:44.611384 [debug] [Thread-2 (]: On test.dbt_euromillions_lkh.not_null_silver_draws_jackpot_amount.e84383ce49: /* {"app": "dbt", "dbt_version": "1.10.6", "profile_name": "dbt_euromillions_lkh", "target_name": "dev", "node_id": "test.dbt_euromillions_lkh.not_null_silver_draws_jackpot_amount.e84383ce49"} */

    select
      count(*) as failures,
      count(*) != 0 as should_warn,
      count(*) != 0 as should_error
    from (
      
    
  
    
    



select jackpot_amount
from "analytics"."main"."silver_draws"
where jackpot_amount is null



  
  
      
    ) dbt_internal_test
[0m12:38:44.614421 [debug] [Thread-3 (]: SQL status: OK in 0.009 seconds
[0m12:38:44.615343 [debug] [Thread-4 (]: Using duckdb connection "test.dbt_euromillions_lkh.not_null_silver_draws_jackpot_currency.31b25a4566"
[0m12:38:44.618650 [debug] [Thread-1 (]: SQL status: OK in 0.002 seconds
[0m12:38:44.619960 [debug] [Thread-3 (]: Using duckdb connection "test.dbt_euromillions_lkh.unique_gold_jackpot_trends_draw_year.90f6030c91"
[0m12:38:44.621864 [debug] [Thread-4 (]: On test.dbt_euromillions_lkh.not_null_silver_draws_jackpot_currency.31b25a4566: /* {"app": "dbt", "dbt_version": "1.10.6", "profile_name": "dbt_euromillions_lkh", "target_name": "dev", "node_id": "test.dbt_euromillions_lkh.not_null_silver_draws_jackpot_currency.31b25a4566"} */

    select
      count(*) as failures,
      count(*) != 0 as should_warn,
      count(*) != 0 as should_error
    from (
      
    
  
    
    



select jackpot_currency
from "analytics"."main"."silver_draws"
where jackpot_currency is null



  
  
      
    ) dbt_internal_test
[0m12:38:44.622715 [debug] [Thread-2 (]: SQL status: OK in 0.005 seconds
[0m12:38:44.625491 [debug] [Thread-1 (]: On test.dbt_euromillions_lkh.not_null_silver_draws_draw_id.b4a58f12ff: ROLLBACK
[0m12:38:44.626547 [debug] [Thread-3 (]: On test.dbt_euromillions_lkh.unique_gold_jackpot_trends_draw_year.90f6030c91: /* {"app": "dbt", "dbt_version": "1.10.6", "profile_name": "dbt_euromillions_lkh", "target_name": "dev", "node_id": "test.dbt_euromillions_lkh.unique_gold_jackpot_trends_draw_year.90f6030c91"} */

    select
      count(*) as failures,
      count(*) != 0 as should_warn,
      count(*) != 0 as should_error
    from (
      
    
  
    
    

select
    draw_year as unique_field,
    count(*) as n_records

from "analytics"."main"."gold_jackpot_trends"
where draw_year is not null
group by draw_year
having count(*) > 1



  
  
      
    ) dbt_internal_test
[0m12:38:44.632289 [debug] [Thread-2 (]: On test.dbt_euromillions_lkh.not_null_silver_draws_jackpot_amount.e84383ce49: ROLLBACK
[0m12:38:44.633077 [debug] [Thread-4 (]: SQL status: OK in 0.005 seconds
[0m12:38:44.634236 [debug] [Thread-1 (]: Failed to rollback 'test.dbt_euromillions_lkh.not_null_silver_draws_draw_id.b4a58f12ff'
[0m12:38:44.637146 [debug] [Thread-2 (]: Failed to rollback 'test.dbt_euromillions_lkh.not_null_silver_draws_jackpot_amount.e84383ce49'
[0m12:38:44.640641 [debug] [Thread-4 (]: On test.dbt_euromillions_lkh.not_null_silver_draws_jackpot_currency.31b25a4566: ROLLBACK
[0m12:38:44.641226 [debug] [Thread-3 (]: SQL status: OK in 0.006 seconds
[0m12:38:44.641903 [debug] [Thread-1 (]: On test.dbt_euromillions_lkh.not_null_silver_draws_draw_id.b4a58f12ff: Close
[0m12:38:44.643364 [debug] [Thread-2 (]: On test.dbt_euromillions_lkh.not_null_silver_draws_jackpot_amount.e84383ce49: Close
[0m12:38:44.645132 [debug] [Thread-4 (]: Failed to rollback 'test.dbt_euromillions_lkh.not_null_silver_draws_jackpot_currency.31b25a4566'
[0m12:38:44.647919 [debug] [Thread-3 (]: On test.dbt_euromillions_lkh.unique_gold_jackpot_trends_draw_year.90f6030c91: ROLLBACK
[0m12:38:44.649586 [info ] [Thread-1 (]: 5 of 10 PASS not_null_silver_draws_draw_id ..................................... [[32mPASS[0m in 0.17s]
[0m12:38:44.651819 [info ] [Thread-2 (]: 6 of 10 PASS not_null_silver_draws_jackpot_amount .............................. [[32mPASS[0m in 0.17s]
[0m12:38:44.653349 [debug] [Thread-4 (]: On test.dbt_euromillions_lkh.not_null_silver_draws_jackpot_currency.31b25a4566: Close
[0m12:38:44.655378 [debug] [Thread-3 (]: Failed to rollback 'test.dbt_euromillions_lkh.unique_gold_jackpot_trends_draw_year.90f6030c91'
[0m12:38:44.656808 [debug] [Thread-1 (]: Finished running node test.dbt_euromillions_lkh.not_null_silver_draws_draw_id.b4a58f12ff
[0m12:38:44.658812 [debug] [Thread-2 (]: Finished running node test.dbt_euromillions_lkh.not_null_silver_draws_jackpot_amount.e84383ce49
[0m12:38:44.661623 [info ] [Thread-4 (]: 7 of 10 PASS not_null_silver_draws_jackpot_currency ............................ [[32mPASS[0m in 0.17s]
[0m12:38:44.664051 [debug] [Thread-3 (]: On test.dbt_euromillions_lkh.unique_gold_jackpot_trends_draw_year.90f6030c91: Close
[0m12:38:44.667390 [debug] [Thread-1 (]: Began running node test.dbt_euromillions_lkh.unique_silver_draws_draw_date.03c184d046
[0m12:38:44.669184 [debug] [Thread-2 (]: Began running node test.dbt_euromillions_lkh.unique_silver_draws_draw_id.c66d8e5ebd
[0m12:38:44.671487 [debug] [Thread-4 (]: Finished running node test.dbt_euromillions_lkh.not_null_silver_draws_jackpot_currency.31b25a4566
[0m12:38:44.673571 [info ] [Thread-3 (]: 8 of 10 PASS unique_gold_jackpot_trends_draw_year .............................. [[32mPASS[0m in 0.18s]
[0m12:38:44.675155 [info ] [Thread-1 (]: 9 of 10 START test unique_silver_draws_draw_date ............................... [RUN]
[0m12:38:44.677638 [info ] [Thread-2 (]: 10 of 10 START test unique_silver_draws_draw_id ................................ [RUN]
[0m12:38:44.684515 [debug] [Thread-3 (]: Finished running node test.dbt_euromillions_lkh.unique_gold_jackpot_trends_draw_year.90f6030c91
[0m12:38:44.686141 [debug] [Thread-1 (]: Re-using an available connection from the pool (formerly test.dbt_euromillions_lkh.not_null_silver_draws_draw_id.b4a58f12ff, now test.dbt_euromillions_lkh.unique_silver_draws_draw_date.03c184d046)
[0m12:38:44.687876 [debug] [Thread-2 (]: Re-using an available connection from the pool (formerly test.dbt_euromillions_lkh.not_null_silver_draws_jackpot_amount.e84383ce49, now test.dbt_euromillions_lkh.unique_silver_draws_draw_id.c66d8e5ebd)
[0m12:38:44.690538 [debug] [Thread-1 (]: Began compiling node test.dbt_euromillions_lkh.unique_silver_draws_draw_date.03c184d046
[0m12:38:44.693235 [debug] [Thread-2 (]: Began compiling node test.dbt_euromillions_lkh.unique_silver_draws_draw_id.c66d8e5ebd
[0m12:38:44.703593 [debug] [Thread-1 (]: Writing injected SQL for node "test.dbt_euromillions_lkh.unique_silver_draws_draw_date.03c184d046"
[0m12:38:44.708739 [debug] [Thread-2 (]: Writing injected SQL for node "test.dbt_euromillions_lkh.unique_silver_draws_draw_id.c66d8e5ebd"
[0m12:38:44.720722 [debug] [Thread-1 (]: Began executing node test.dbt_euromillions_lkh.unique_silver_draws_draw_date.03c184d046
[0m12:38:44.722312 [debug] [Thread-2 (]: Began executing node test.dbt_euromillions_lkh.unique_silver_draws_draw_id.c66d8e5ebd
[0m12:38:44.727959 [debug] [Thread-1 (]: Writing runtime sql for node "test.dbt_euromillions_lkh.unique_silver_draws_draw_date.03c184d046"
[0m12:38:44.734042 [debug] [Thread-2 (]: Writing runtime sql for node "test.dbt_euromillions_lkh.unique_silver_draws_draw_id.c66d8e5ebd"
[0m12:38:44.744345 [debug] [Thread-1 (]: Using duckdb connection "test.dbt_euromillions_lkh.unique_silver_draws_draw_date.03c184d046"
[0m12:38:44.746636 [debug] [Thread-2 (]: Using duckdb connection "test.dbt_euromillions_lkh.unique_silver_draws_draw_id.c66d8e5ebd"
[0m12:38:44.748919 [debug] [Thread-1 (]: On test.dbt_euromillions_lkh.unique_silver_draws_draw_date.03c184d046: BEGIN
[0m12:38:44.751212 [debug] [Thread-2 (]: On test.dbt_euromillions_lkh.unique_silver_draws_draw_id.c66d8e5ebd: BEGIN
[0m12:38:44.753432 [debug] [Thread-1 (]: Opening a new connection, currently in state closed
[0m12:38:44.755458 [debug] [Thread-2 (]: Opening a new connection, currently in state closed
[0m12:38:44.758563 [debug] [Thread-1 (]: SQL status: OK in 0.005 seconds
[0m12:38:44.760687 [debug] [Thread-2 (]: SQL status: OK in 0.005 seconds
[0m12:38:44.761759 [debug] [Thread-1 (]: Using duckdb connection "test.dbt_euromillions_lkh.unique_silver_draws_draw_date.03c184d046"
[0m12:38:44.763701 [debug] [Thread-2 (]: Using duckdb connection "test.dbt_euromillions_lkh.unique_silver_draws_draw_id.c66d8e5ebd"
[0m12:38:44.765484 [debug] [Thread-1 (]: On test.dbt_euromillions_lkh.unique_silver_draws_draw_date.03c184d046: /* {"app": "dbt", "dbt_version": "1.10.6", "profile_name": "dbt_euromillions_lkh", "target_name": "dev", "node_id": "test.dbt_euromillions_lkh.unique_silver_draws_draw_date.03c184d046"} */

    select
      count(*) as failures,
      count(*) != 0 as should_warn,
      count(*) != 0 as should_error
    from (
      
    
  
    
    

select
    draw_date as unique_field,
    count(*) as n_records

from "analytics"."main"."silver_draws"
where draw_date is not null
group by draw_date
having count(*) > 1



  
  
      
    ) dbt_internal_test
[0m12:38:44.767239 [debug] [Thread-2 (]: On test.dbt_euromillions_lkh.unique_silver_draws_draw_id.c66d8e5ebd: /* {"app": "dbt", "dbt_version": "1.10.6", "profile_name": "dbt_euromillions_lkh", "target_name": "dev", "node_id": "test.dbt_euromillions_lkh.unique_silver_draws_draw_id.c66d8e5ebd"} */

    select
      count(*) as failures,
      count(*) != 0 as should_warn,
      count(*) != 0 as should_error
    from (
      
    
  
    
    

select
    draw_id as unique_field,
    count(*) as n_records

from "analytics"."main"."silver_draws"
where draw_id is not null
group by draw_id
having count(*) > 1



  
  
      
    ) dbt_internal_test
[0m12:38:44.772223 [debug] [Thread-2 (]: SQL status: OK in 0.002 seconds
[0m12:38:44.774016 [debug] [Thread-1 (]: SQL status: OK in 0.005 seconds
[0m12:38:44.776760 [debug] [Thread-2 (]: On test.dbt_euromillions_lkh.unique_silver_draws_draw_id.c66d8e5ebd: ROLLBACK
[0m12:38:44.779749 [debug] [Thread-1 (]: On test.dbt_euromillions_lkh.unique_silver_draws_draw_date.03c184d046: ROLLBACK
[0m12:38:44.781031 [debug] [Thread-2 (]: Failed to rollback 'test.dbt_euromillions_lkh.unique_silver_draws_draw_id.c66d8e5ebd'
[0m12:38:44.782362 [debug] [Thread-1 (]: Failed to rollback 'test.dbt_euromillions_lkh.unique_silver_draws_draw_date.03c184d046'
[0m12:38:44.783584 [debug] [Thread-2 (]: On test.dbt_euromillions_lkh.unique_silver_draws_draw_id.c66d8e5ebd: Close
[0m12:38:44.784830 [debug] [Thread-1 (]: On test.dbt_euromillions_lkh.unique_silver_draws_draw_date.03c184d046: Close
[0m12:38:44.787193 [info ] [Thread-2 (]: 10 of 10 PASS unique_silver_draws_draw_id ...................................... [[32mPASS[0m in 0.10s]
[0m12:38:44.788588 [info ] [Thread-1 (]: 9 of 10 PASS unique_silver_draws_draw_date ..................................... [[32mPASS[0m in 0.10s]
[0m12:38:44.790735 [debug] [Thread-2 (]: Finished running node test.dbt_euromillions_lkh.unique_silver_draws_draw_id.c66d8e5ebd
[0m12:38:44.793161 [debug] [Thread-1 (]: Finished running node test.dbt_euromillions_lkh.unique_silver_draws_draw_date.03c184d046
[0m12:38:44.798815 [debug] [MainThread]: Using duckdb connection "master"
[0m12:38:44.800524 [debug] [MainThread]: On master: BEGIN
[0m12:38:44.802214 [debug] [MainThread]: Opening a new connection, currently in state closed
[0m12:38:44.804589 [debug] [MainThread]: SQL status: OK in 0.002 seconds
[0m12:38:44.806484 [debug] [MainThread]: On master: COMMIT
[0m12:38:44.809056 [debug] [MainThread]: Using duckdb connection "master"
[0m12:38:44.811151 [debug] [MainThread]: On master: COMMIT
[0m12:38:44.816152 [debug] [MainThread]: SQL status: OK in 0.001 seconds
[0m12:38:44.818394 [debug] [MainThread]: On master: Close
[0m12:38:44.820529 [debug] [MainThread]: Connection 'master' was properly closed.
[0m12:38:44.822047 [debug] [MainThread]: Connection 'test.dbt_euromillions_lkh.unique_silver_draws_draw_date.03c184d046' was properly closed.
[0m12:38:44.823601 [debug] [MainThread]: Connection 'test.dbt_euromillions_lkh.unique_silver_draws_draw_id.c66d8e5ebd' was properly closed.
[0m12:38:44.825345 [debug] [MainThread]: Connection 'test.dbt_euromillions_lkh.unique_gold_jackpot_trends_draw_year.90f6030c91' was properly closed.
[0m12:38:44.827084 [debug] [MainThread]: Connection 'test.dbt_euromillions_lkh.not_null_silver_draws_jackpot_currency.31b25a4566' was properly closed.
[0m12:38:44.829581 [info ] [MainThread]: 
[0m12:38:44.832275 [info ] [MainThread]: Finished running 10 data tests in 0 hours 0 minutes and 0.90 seconds (0.90s).
[0m12:38:44.837267 [debug] [MainThread]: Command end result
[0m12:38:44.918712 [debug] [MainThread]: Wrote artifact WritableManifest to dbt_euromillions_lkh/target/manifest.json
[0m12:38:44.927935 [debug] [MainThread]: Wrote artifact SemanticManifest to dbt_euromillions_lkh/target/semantic_manifest.json
[0m12:38:44.958606 [debug] [MainThread]: Wrote artifact RunExecutionResult to dbt_euromillions_lkh/target/run_results.json
[0m12:38:44.962190 [info ] [MainThread]: 
[0m12:38:44.971904 [info ] [MainThread]: [32mCompleted successfully[0m
[0m12:38:44.975821 [info ] [MainThread]: 
[0m12:38:44.984531 [info ] [MainThread]: Done. PASS=10 WARN=0 ERROR=0 SKIP=0 NO-OP=0 TOTAL=10
[0m12:38:44.988577 [debug] [MainThread]: Resource report: {"command_name": "test", "command_success": true, "command_wall_clock_time": 2.3739493, "process_in_blocks": "0", "process_kernel_time": 0.572787, "process_mem_max_rss": "160332", "process_out_blocks": "0", "process_user_time": 3.448741}
[0m12:38:44.992432 [debug] [MainThread]: Command `dbt test` succeeded at 12:38:44.992091 after 2.38 seconds
[0m12:38:45.001882 [debug] [MainThread]: Sending event: {'category': 'dbt', 'action': 'invocation', 'label': 'end', 'context': [<snowplow_tracker.self_describing_json.SelfDescribingJson object at 0x7f306777afd0>, <snowplow_tracker.self_describing_json.SelfDescribingJson object at 0x7f307017cd10>, <snowplow_tracker.self_describing_json.SelfDescribingJson object at 0x7f307017db50>]}
[0m12:38:45.003718 [debug] [MainThread]: Flushing usage events
[0m12:38:45.424361 [debug] [MainThread]: An error was encountered while trying to flush usage events
